Handle,Title,Body (HTML),Vendor,Product Category,Type,Tags,Published,Option1 Name,Option1 Value,Colour Family,Option2 Name,Option2 Value,Option2 Linked To,Option3 Name,Option3 Value,Option3 Linked To,Variant SKU,Variant Grams,Variant Inventory Tracker,Variant Inventory Qty,Variant Inventory Policy,Variant Fulfillment Service,Variant Price,Variant Compare At Price,Variant Requires Shipping,Variant Taxable,Unit Price Total Measure,Unit Price Total Measure Unit,Unit Price Base Measure,Unit Price Base Measure Unit,Variant Barcode,Image Src,Image Position,Image Alt Text,Gift Card,SEO Title,SEO Description,Variant Image,Variant Weight Unit,Variant Tax Code,Cost per item,Status
wooden-file-super-thin-100-100-with-logo,Wooden File Super thin 100/100 with Logo,"<p>Lima professionale di alta qualità, ideale per modellare, levigare e rifinire unghie naturali, gel e ricostruzioni con precisione.</p>",GEL.IT.UP Italy,,,,TRUE,Title,Default Title,,,,,,,,Wooden File Super thin 100/100 with Logo,0,shopify,0,deny,manual,0.72,,TRUE,TRUE,,,,,,https://cdn.shopify.com/s/files/1/0947/5545/5242/files/Nail_Files_Buffer_180-180_Pink_Sponge.webp?v=1777729155,1,,FALSE,,,,kg,,,active
super-flash-top-coat-11ml-htf,Super Flash Top Coat 11ml -HTF,<p>Bellissimi glitter top coat per un finish finale luminoso e impeccabile.</p>,GEL.IT.UP Italy,,,,TRUE,Title,Default Title,,,,,,,,Super Flash Top Coat 11ml -HTF,11000,shopify,0,deny,manual,11.52,,TRUE,TRUE,,,,,,https://cdn.shopify.com/s/files/1/0947/5545/5242/files/Non_Wipe_Top_Coat_15ml_-HTF.webp?v=1777730607,1,,FALSE,,,,kg,,,active
ss01-spix-and-spex-kaleidascope-htf,SS01 SPIX and SPEX Kaleidascope -HTF,"<p>Tutti i gel polish devono essere polimerizzati per almeno 60 secondi, poiché sono TPO-free.</p>",GEL.IT.UP Italy,,,Gel Polish,TRUE,Title,Default Title,,,,,,,,SS01 SPIX and SPEX Kaleidascope -HTF,11000,shopify,0,deny,manual,8.32,,TRUE,TRUE,,,,,,https://cdn.shopify.com/s/files/1/0947/5545/5242/files/download_dfe07ee6-dbda-43f4-92d6-1db5933a0374.webp?v=1777740715,1,,FALSE,,,,kg,,,active
sd-1934-nail-decals-french-black,SD-1934 Nail Decals French - Black,,GEL.IT.UP Italy,,,,TRUE,Title,Default Title,,,,,,,,SD-1934 Nail Decals French - Black,0,shopify,0,deny,manual,4.41,,TRUE,TRUE,,,,,,https://cdn.shopify.com/s/files/1/0947/5545/5242/files/download_d1a5c61f-12fe-49c3-8618-a8a32edeeb94.webp?v=1777740746,1,,FALSE,,,,kg,,,active
sd-1933-nail-decals-french-white,SD-1933 Nail Decals French - White,,GEL.IT.UP Italy,,,,TRUE,Title,Default Title,,,,,,,,SD-1933 Nail Decals French - White,0,shopify,0,deny,manual,4.41,,TRUE,TRUE,,,,,,https://cdn.shopify.com/s/files/1/0947/5545/5242/files/download_c5d8f898-452d-4af4-9e1d-280004390e4c.webp?v=1777740744,1,,FALSE,,,,kg,,,active
professional-premium-cuticle-nipper-oval-round-fine-cut-3mm-2120-new,"Professional Premium Cuticle Nipper, Oval Round Fine Cut – 3mm 2120 New",,GEL.IT.UP Italy,,,,TRUE,Title,Default Title,,,,,,,,"Professional Premium Cuticle Nipper, Oval Round Fine Cut – 3mm 2120 New",0,shopify,0,deny,manual,13.12,,TRUE,TRUE,,,,,,https://cdn.shopify.com/s/files/1/0947/5545/5242/files/download_343f11bc-c99e-4400-b96c-33e41477e22b.webp?v=1777740678,1,,FALSE,,,,kg,,,active
professional-premium-cuticle-nipper-oval-fine-cut-3mm-2119-new,"Professional Premium Cuticle Nipper, Oval Fine Cut – 3mm 2119 New",,GEL.IT.UP Italy,,,,TRUE,Title,Default Title,,,,,,,,"Professional Premium Cuticle Nipper, Oval Fine Cut – 3mm 2119 New",0,shopify,0,deny,manual,12.83,,TRUE,TRUE,,,,,,https://cdn.shopify.com/s/files/1/0947/5545/5242/files/download_e191bc6b-a565-4a65-9494-eb8ffac2dc8e.webp?v=1777740610,1,,FALSE,,,,kg,,,active
professional-premium-cuticle-nipper-fine-cut-5mm-2117-new,"Professional Premium Cuticle Nipper, Fine Cut – 5mm 2117 New",,GEL.IT.UP Italy,,,,TRUE,Title,Default Title,,,,,,,,"Professional Premium Cuticle Nipper, Fine Cut – 5mm 2117 New",0,shopify,0,deny,manual,13.12,,TRUE,TRUE,,,,,,https://cdn.shopify.com/s/files/1/0947/5545/5242/files/06._CUTICLE_NIPPER_FINE_CUT.webp?v=1777733828,1,,FALSE,,,,kg,,,active
professional-cuticle-scissors-curved-1466-new,"Professional Cuticle Scissors, Curved 1466 New",,GEL.IT.UP Italy,,,,TRUE,Title,Default Title,,,,,,,,"Professional Cuticle Scissors, Curved 1466 New",0,shopify,0,deny,manual,19.7,,TRUE,TRUE,,,,,,https://cdn.shopify.com/s/files/1/0947/5545/5242/files/download_7b2a6f3a-2c78-401f-ba93-7f27f87090d1.webp?v=1777740739,1,,FALSE,,,,kg,,,active
premium-builder-gel-nude-ii-40gr-htf,Premium Builder Gel Nude II 40gr -HTF,"<p>GEL.IT.UP 3-in-1 Premium è un builder gel monofasico con fibre di vetro, studiato per offrire massima resistenza strutturale e lunga durata. Ideale per il rinforzo dell’unghia naturale e per ricostruzioni. Si applica con precisione, non cola e non ingiallisce nel tempo. Non richiede base coat prima dell’applicazione. Perfetto per nail technician che cercano struttura prevedibile, controllo dell’adesione e performance professionale. Benefici principali: rinforzo con fibre di vetro, sistema monofasico, comfort cool-cure e formula 100% HEMA/TPO-free. Applicazione: applicare direttamente sull’unghia preparata, modellare la struttura desiderata e polimerizzare per almeno 60 secondi.</p>",GEL.IT.UP Italy,,,,TRUE,Title,Default Title,,,,,,,,Premium Builder Gel Nude II 40gr -HTF,40000,shopify,0,deny,manual,24.45,,TRUE,TRUE,,,,,,https://cdn.shopify.com/s/files/1/0947/5545/5242/files/3_in_1_premium_builder_gel_nude.webp?v=1777733197,1,,FALSE,,,,kg,,,active
natural-nail-sticks,Natural nail sticks,,GEL.IT.UP Italy,,,,TRUE,Title,Default Title,,,,,,,,Natural nail sticks,0,shopify,0,deny,manual,5.82,,TRUE,TRUE,,,,,,https://cdn.shopify.com/s/files/1/0947/5545/5242/files/download_d01be224-88ab-4d5c-bd19-75b3e8e376aa.webp?v=1777740616,1,,FALSE,,,,kg,,,active
giup-boat-shape-nail-file-220-240,GIUP Boat Shape Nail File 220/240,"<p>Lima professionale di alta qualità, ideale per modellare, levigare e rifinire unghie naturali, gel e ricostruzioni con precisione.</p>",GEL.IT.UP Italy,,,,TRUE,Title,Default Title,,,,,,,,GIUP Boat Shape Nail File 220/240,0,shopify,0,deny,manual,1.1,,TRUE,TRUE,,,,,,https://cdn.shopify.com/s/files/1/0947/5545/5242/files/Nail_Files_Buffer_180-180_Pink_Sponge.webp?v=1777729155,1,,FALSE,,,,kg,,,active
giup-boat-shape-nail-file-100-120-purple-sponge,GIUP Boat Shape Nail File 100/120 Purple Sponge,"<p>Lima professionale di alta qualità, ideale per modellare, levigare e rifinire unghie naturali, gel e ricostruzioni con precisione.</p>",GEL.IT.UP Italy,,,,TRUE,Title,Default Title,,,,,,,,GIUP Boat Shape Nail File 100/120 Purple Sponge,0,shopify,0,deny,manual,1.1,,TRUE,TRUE,,,,,,https://cdn.shopify.com/s/files/1/0947/5545/5242/files/download_2aa7d962-013c-4ef1-be56-73465e2c6133.webp?v=1777740606,1,,FALSE,,,,kg,,,active
giup-boat-shape-metallic-nail-file,GIUP Boat Shape metallic Nail File,"<p>Lima professionale di alta qualità, ideale per modellare, levigare e rifinire unghie naturali, gel e ricostruzioni con precisione.</p>",GEL.IT.UP Italy,,,,TRUE,Title,Default Title,,,,,,,,GIUP Boat Shape metallic Nail File,0,shopify,0,deny,manual,3.81,,TRUE,TRUE,,,,,,https://cdn.shopify.com/s/files/1/0947/5545/5242/files/Nail_Files_Buffer_180-180_Pink_Sponge.webp?v=1777729155,1,,FALSE,,,,kg,,,active
gel-it-up-hand-and-body-cream-1000ml-calm-frost-new,GEL IT UP HAND AND BODY CREAM 1000ml CALM FROST NEW,"<p>Con Aloe biologica e un cocktail unico di ingredienti attivi, profuma e idrata la pelle. Si assorbe rapidamente e non lascia residui grassi. Ingredienti: Aloe Vera biologica, Acido Ialuronico, Pantenolo.</p>",GEL.IT.UP Italy,,,,TRUE,Title,Default Title,,,,,,,,GEL IT UP HAND AND BODY CREAM 1000ml CALM FROST NEW,1000000,shopify,0,deny,manual,17.36,,TRUE,TRUE,,,,,,https://cdn.shopify.com/s/files/1/0947/5545/5242/files/GEL_IT_UP_HAND_AND_BODY_CREAM_100ml_CALM_FROST_NEW.webp?v=1777734091,1,,FALSE,,,,kg,,,active
gel-it-up-by-giupr-nail-forms,GEL.IT.UP by GIUP® Nail Forms,"<p>Rotolo da 500 nail forms professionali per ricostruzione unghie, ideali per creare allungamenti precisi e stabili con gel, builder gel o acrygel.</p>",GEL.IT.UP Italy,Uncategorized,Accessories,,TRUE,Title,Default Title,,,,,,,,GEL.IT.UP by GIUP® Nail Forms,0,shopify,0,deny,manual,18,,TRUE,TRUE,,,,,,https://cdn.shopify.com/s/files/1/0947/5545/5242/files/download_27de03b9-364d-402a-b062-1a201b9318f1.webp?v=1777740731,1,,FALSE,,,,kg,,,active
french-nail-brush-rose-gold,French Nail Brush Rose Gold,"<p>Pennelli professionali in setole sintetiche di alta qualità, progettati per offrire massima precisione, controllo e comfort in ogni applicazione.</p>",GEL.IT.UP Italy,,,,TRUE,Title,Default Title,,,,,,,,French Nail Brush Rose Gold,0,shopify,0,deny,manual,10.26,,TRUE,TRUE,,,,,,https://cdn.shopify.com/s/files/1/0947/5545/5242/files/download_d06feb7e-14a6-4fab-9688-29871abc9127.webp?v=1777740678,1,,FALSE,,,,kg,,,active
fff-white-years-ahead-htf,FFF White Years Ahead -HTF,"<p>Tutti i gel polish devono essere polimerizzati per almeno 60 secondi, poiché sono TPO-free.</p>",GEL.IT.UP Italy,,,"Solid Gel Colours, White, Gel Polish",TRUE,Title,Default Title,White,,,,,,,FFF White Years Ahead -HTF,11000,shopify,0,deny,manual,8.32,,TRUE,TRUE,,,,,,https://cdn.shopify.com/s/files/1/0947/5545/5242/files/download_726db819-e53b-435d-80e0-750a4acef3ca.webp?v=1777740642,1,,FALSE,,,,kg,,,active
dual-forms-square,DUAL FORMS SQUARE,,GEL.IT.UP Italy,,,,TRUE,Title,Default Title,,,,,,,,DUAL FORMS SQUARE,0,shopify,0,deny,manual,6.38,,TRUE,TRUE,,,,,,https://cdn.shopify.com/s/files/1/0947/5545/5242/files/Dual_Forms_SQUOVAL.webp?v=1777729718,1,,FALSE,,,,kg,,,active
dazzle-me-clear-1gr,Dazzle Me Clear 1gr,"<p>Aggiungi brillantezza alle tue unghie con i Mirror Powders, disponibili in 7 tonalità uniche. Dal silver luminoso al rose gold più deciso, sono ideali per professionisti e amanti della nail art.</p>",GEL.IT.UP Italy,,,,TRUE,Title,Default Title,,,,,,,,Dazzle Me Clear 1gr,0,shopify,0,deny,manual,2.76,,TRUE,TRUE,,,,,,https://cdn.shopify.com/s/files/1/0947/5545/5242/files/MIRROR_CLEAR.webp?v=1777729163,1,,FALSE,,,,kg,,,active
cool-care-builder-gel-40gr-htf,COOL CARE Builder Gel 40gr -HTF,"<p>GEL.IT.UP 3-in-1 Builder Gel è un builder gel monofasico, denso e completamente stabile, che non ingiallisce nel tempo. È ideale sia per il rinforzo dell’unghia naturale sia per le ricostruzioni. Può essere utilizzato con sicurezza sia da principianti sia da nail technician esperte. Non richiede base coat né gel aggiuntivi prima dell’applicazione. Dopo la polimerizzazione, mantiene un leggero strato di dispersione. Benefici principali: forza rinforzata con fibre, efficienza monofasica, comfort cool-cure e performance 100% HEMA/TPO-free.</p>",GEL.IT.UP Italy,,,,TRUE,Title,Default Title,,,,,,,,COOL CARE Builder Gel 40gr -HTF,40000,shopify,0,deny,manual,23.16,,TRUE,TRUE,,,,,,https://cdn.shopify.com/s/files/1/0947/5545/5242/files/3_in_1_premium_builder_gel_nude.webp?v=1777733197,1,,FALSE,,,,kg,,,active
dazzle-me-1gr-gp06-extreme-mirror,Dazzle Me 1gr GP06-Extreme Mirror,"<p>Aggiungi brillantezza alle tue unghie con i Mirror Powders, disponibili in 7 tonalità uniche. Dal silver luminoso al rose gold più deciso, sono ideali per professionisti e amanti della nail art.</p>",GEL.IT.UP Italy,,,,TRUE,Title,Default Title,,,,,,,,Dazzle Me 1gr GP06-Extreme Mirror,0,shopify,0,deny,manual,2.76,,TRUE,TRUE,,,,,,https://cdn.shopify.com/s/files/1/0947/5545/5242/files/MIRROR_CLEAR.webp?v=1777729163,1,,FALSE,,,,kg,,,active
cm12-mirror-x7-powder,CM12 Mirror X7 Powder,"<p>Aggiungi brillantezza alle tue unghie con i Mirror Powders, disponibili in 7 tonalità uniche. Dal silver luminoso al rose gold più deciso, sono ideali per professionisti e amanti della nail art.</p>",GEL.IT.UP Italy,,,,TRUE,Title,Default Title,,,,,,,,CM12 Mirror X7 Powder,5000,shopify,0,deny,manual,5.15,,TRUE,TRUE,,,,,,https://cdn.shopify.com/s/files/1/0947/5545/5242/files/MIRROR_X6_1c711ead-21f1-436f-b487-43ecac1cd1d8.webp?v=1777733793,1,,FALSE,,,,kg,,,active
btb03-brimstone-htf,BTB03 Brimstone -HTF,"<p>Tutti i gel polish devono essere polimerizzati per almeno 60 secondi, poiché sono TPO-free.</p>",GEL.IT.UP Italy,,,"Solid Gel Colours, Yellow, Gel Polish",TRUE,Title,Default Title,Yellow,,,,,,,BTB03 Brimstone -HTF,11000,shopify,0,deny,manual,7.41,,TRUE,TRUE,,,,,,https://cdn.shopify.com/s/files/1/0947/5545/5242/files/download_dfe07ee6-dbda-43f4-92d6-1db5933a0374.webp?v=1777740715,1,,FALSE,,,,kg,,,active
btb02-nautilus-htf,BTB02 Nautilus -HTF,"<p>Tutti i gel polish devono essere polimerizzati per almeno 60 secondi, poiché sono TPO-free.</p>",GEL.IT.UP Italy,,,Gel Polish,TRUE,Title,Default Title,,,,,,,,BTB02 Nautilus -HTF,11000,shopify,0,deny,manual,7.41,,TRUE,TRUE,,,,,,https://cdn.shopify.com/s/files/1/0947/5545/5242/files/download_dfe07ee6-dbda-43f4-92d6-1db5933a0374.webp?v=1777740715,1,,FALSE,,,,kg,,,active
btb01-rosso-corso-htf,BTB01 Rosso Corso -HTF,"<p>Tutti i gel polish devono essere polimerizzati per almeno 60 secondi, poiché sono TPO-free.</p>",GEL.IT.UP Italy,,,"Solid Gel Colours, Red, Gel Polish",TRUE,Title,Default Title,Red,,,,,,,BTB01 Rosso Corso -HTF,11000,shopify,0,deny,manual,7.41,,TRUE,TRUE,,,,,,https://cdn.shopify.com/s/files/1/0947/5545/5242/files/download_dfe07ee6-dbda-43f4-92d6-1db5933a0374.webp?v=1777740715,1,,FALSE,,,,kg,,,active
brush-on-builder-gel-milky-glitter-15ml-htf,Brush on Builder Gel Milky Glitter 15ml -HTF,"<p>Brush On Builder è un BIAB autolivellante in flacone, ideale per rinforzare, modellare e perfezionare l’unghia naturale. Adatto anche per piccoli allungamenti fino a 3 mm.</p>",GEL.IT.UP Italy,,,,TRUE,Title,Default Title,,,,,,,,Brush on Builder Gel Milky Glitter 15ml -HTF,15000,shopify,0,deny,manual,11.94,,TRUE,TRUE,,,,,,https://cdn.shopify.com/s/files/1/0947/5545/5242/files/3_in_1_premium_builder_gel_nude.webp?v=1777733197,1,,FALSE,,,,kg,,,active
base-coat-15ml-htf,Base Coat 15ml -HTF,,GEL.IT.UP Italy,,,,TRUE,Title,Default Title,,,,,,,,Classic Base Coat 15ml -HTF,15000,shopify,0,deny,manual,10.48,,TRUE,TRUE,,,,,,https://cdn.shopify.com/s/files/1/0947/5545/5242/files/download_a77f5f19-b6d5-49c3-861e-9151066333b5.webp?v=1777740713,1,,FALSE,,,,kg,,,active
8-gel-brush-rose-gold,#8 Gel Brush Rose Gold,"<p>Pennelli professionali in setole sintetiche di alta qualità, progettati per offrire massima precisione, controllo e comfort in ogni applicazione.</p>",GEL.IT.UP Italy,,,,TRUE,Title,Default Title,,,,,,,,#8 Gel Brush Rose Gold,0,shopify,0,deny,manual,10.26,,TRUE,TRUE,,,,,,https://cdn.shopify.com/s/files/1/0947/5545/5242/files/download_d06feb7e-14a6-4fab-9688-29871abc9127.webp?v=1777740678,1,,FALSE,,,,kg,,,active
aquarela-brush-rose-gold,Aquarela Brush Rose Gold,"<p>Pennelli professionali in setole sintetiche di alta qualità, progettati per offrire massima precisione, controllo e comfort in ogni applicazione.</p>",GEL.IT.UP Italy,,,,TRUE,Title,Default Title,,,,,,,,Aquarela Brush Rose Gold,0,shopify,0,deny,manual,10.9,,TRUE,TRUE,,,,,,https://cdn.shopify.com/s/files/1/0947/5545/5242/files/download_d06feb7e-14a6-4fab-9688-29871abc9127.webp?v=1777740678,1,,FALSE,,,,kg,,,active
8-acrylic-brush-rose-gold,#8 Acrylic brush Rose Gold,"<p>Pennelli professionali in setole sintetiche di alta qualità, progettati per offrire massima precisione, controllo e comfort in ogni applicazione.</p>",GEL.IT.UP Italy,,,,TRUE,Title,Default Title,,,,,,,,#8 Acrylic brush Rose Gold,0,shopify,0,deny,manual,16.06,,TRUE,TRUE,,,,,,https://cdn.shopify.com/s/files/1/0947/5545/5242/files/download_d06feb7e-14a6-4fab-9688-29871abc9127.webp?v=1777740678,1,,FALSE,,,,kg,,,active
6-gel-brush-rose-gold,#6 Gel Brush Rose Gold,"<p>Pennelli professionali in setole sintetiche di alta qualità, progettati per offrire massima precisione, controllo e comfort in ogni applicazione.</p>",GEL.IT.UP Italy,,,,TRUE,Title,Default Title,,,,,,,,#6 Gel Brush Rose Gold,0,shopify,0,deny,manual,16.06,,TRUE,TRUE,,,,,,https://cdn.shopify.com/s/files/1/0947/5545/5242/files/download_d06feb7e-14a6-4fab-9688-29871abc9127.webp?v=1777740678,1,,FALSE,,,,kg,,,active
3-in-1-shimmery-builder-gel-40g-pink-marmalade-htf,3-in-1 Shimmery Builder Gel 40g Pink Marmalade -HTF,"<p>GEL.IT.UP 3-in-1 Builder Gel è un builder gel monofasico, denso e completamente stabile, che non ingiallisce nel tempo. È ideale sia per il rinforzo dell’unghia naturale sia per le ricostruzioni. Può essere utilizzato con sicurezza sia da principianti sia da nail technician esperte. Non richiede base coat né gel aggiuntivi prima dell’applicazione. Dopo la polimerizzazione, mantiene un leggero strato di dispersione. Benefici principali: forza rinforzata con fibre, efficienza monofasica, comfort cool-cure e performance 100% HEMA/TPO-free.</p>",GEL.IT.UP Italy,,,,TRUE,Title,Default Title,,,,,,,,3-in-1 Shimmery Builder Gel 40g Pink Marmalade -HTF,40000,shopify,0,deny,manual,23.16,,TRUE,TRUE,,,,,,https://cdn.shopify.com/s/files/1/0947/5545/5242/files/3_in_1_premium_builder_gel_pearly_pink.webp?v=1777733217,1,,FALSE,,,,kg,,,active
3-in-1-shimmery-builder-gel-40g-light-lilac-htf,3-in-1 Shimmery Builder Gel 40g Light Lilac -HTF,"<p>GEL.IT.UP 3-in-1 Builder Gel è un builder gel monofasico, denso e completamente stabile, che non ingiallisce nel tempo. È ideale sia per il rinforzo dell’unghia naturale sia per le ricostruzioni. Può essere utilizzato con sicurezza sia da principianti sia da nail technician esperte. Non richiede base coat né gel aggiuntivi prima dell’applicazione. Dopo la polimerizzazione, mantiene un leggero strato di dispersione. Benefici principali: forza rinforzata con fibre, efficienza monofasica, comfort cool-cure e performance 100% HEMA/TPO-free.</p>",GEL.IT.UP Italy,,,,TRUE,Title,Default Title,,,,,,,,3-in-1 Shimmery Builder Gel 40g Light Lilac -HTF,40000,shopify,0,deny,manual,23.16,,TRUE,TRUE,,,,,,https://cdn.shopify.com/s/files/1/0947/5545/5242/files/3_in_1_premium_builder_gel_pearly_nude.webp?v=1777732695,1,,FALSE,,,,kg,,,active
3-in-1-shimmery-builder-gel-40g-cover-htf,3-in-1 Shimmery Builder Gel 40g Cover -HTF,"<p>GEL.IT.UP 3-in-1 Builder Gel è un builder gel monofasico, denso e completamente stabile, che non ingiallisce nel tempo. È ideale sia per il rinforzo dell’unghia naturale sia per le ricostruzioni. Può essere utilizzato con sicurezza sia da principianti sia da nail technician esperte. Non richiede base coat né gel aggiuntivi prima dell’applicazione. Dopo la polimerizzazione, mantiene un leggero strato di dispersione. Benefici principali: forza rinforzata con fibre, efficienza monofasica, comfort cool-cure e performance 100% HEMA/TPO-free.</p>",GEL.IT.UP Italy,,,,TRUE,Title,Default Title,,,,,,,,3-in-1 Shimmery Builder Gel 40g Cover -HTF,40000,shopify,0,deny,manual,23.16,,TRUE,TRUE,,,,,,https://cdn.shopify.com/s/files/1/0947/5545/5242/files/3_in_1_premium_builder_gel_pearly_nude.webp?v=1777732695,1,,FALSE,,,,kg,,,active
3-in-1-shimmery-builder-gel-40g-clear-iridescent-htf,3-in-1 Shimmery Builder Gel 40g Clear Iridescent -HTF,"<p>GEL.IT.UP 3-in-1 Builder Gel è un builder gel monofasico, denso e completamente stabile, che non ingiallisce nel tempo. È ideale sia per il rinforzo dell’unghia naturale sia per le ricostruzioni. Può essere utilizzato con sicurezza sia da principianti sia da nail technician esperte. Non richiede base coat né gel aggiuntivi prima dell’applicazione. Dopo la polimerizzazione, mantiene un leggero strato di dispersione. Benefici principali: forza rinforzata con fibre, efficienza monofasica, comfort cool-cure e performance 100% HEMA/TPO-free.</p>",GEL.IT.UP Italy,,,,TRUE,Title,Default Title,,,,,,,,3-in-1 Shimmery Builder Gel 40g Clear Iridescent -HTF,40000,shopify,0,deny,manual,23.16,,TRUE,TRUE,,,,,,https://cdn.shopify.com/s/files/1/0947/5545/5242/files/3_in_1_premium_builder_gel_pearly_nude.webp?v=1777732695,1,,FALSE,,,,kg,,,active
3-in-1-builder-gel-cover-40g-htf,3-in-1 Builder Gel Cover 40g -HTF,"<p>GEL.IT.UP 3-in-1 Builder Gel è un builder gel monofasico, denso e completamente stabile, che non ingiallisce nel tempo. È ideale sia per il rinforzo dell’unghia naturale sia per le ricostruzioni. Può essere utilizzato con sicurezza sia da principianti sia da nail technician esperte. Non richiede base coat né gel aggiuntivi prima dell’applicazione. Dopo la polimerizzazione, mantiene un leggero strato di dispersione. Benefici principali: forza rinforzata con fibre, efficienza monofasica, comfort cool-cure e performance 100% HEMA/TPO-free.</p>",GEL.IT.UP Italy,,,,TRUE,Title,Default Title,,,,,,,,3-in-1 Builder Gel Cover 40g -HTF,40000,shopify,0,deny,manual,23.16,,TRUE,TRUE,,,,,,https://cdn.shopify.com/s/files/1/0947/5545/5242/files/3_in_1_premium_builder_gel_nude.webp?v=1777733197,1,,FALSE,,,,kg,,,active
3-in-1-builder-gel-pink-40g-htf,3-in-1 Builder Gel Pink 40g -HTF,"<p>GEL.IT.UP 3-in-1 Builder Gel è un builder gel monofasico, denso e completamente stabile, che non ingiallisce nel tempo. È ideale sia per il rinforzo dell’unghia naturale sia per le ricostruzioni. Può essere utilizzato con sicurezza sia da principianti sia da nail technician esperte. Non richiede base coat né gel aggiuntivi prima dell’applicazione. Dopo la polimerizzazione, mantiene un leggero strato di dispersione. Benefici principali: forza rinforzata con fibre, efficienza monofasica, comfort cool-cure e performance 100% HEMA/TPO-free.</p>",GEL.IT.UP Italy,,,,TRUE,Title,Default Title,,,,,,,,3-in-1 Builder Gel Pink 40g -HTF,40000,shopify,0,deny,manual,23.16,,TRUE,TRUE,,,,,,https://cdn.shopify.com/s/files/1/0947/5545/5242/files/3_in_1_premium_builder_gel_pearly_pink.webp?v=1777733217,1,,FALSE,,,,kg,,,active
3-in-1-builder-gel-clear-40g-htf,3-in-1 Builder Gel Clear 40g -HTF,"<p>GEL.IT.UP 3-in-1 Builder Gel è un builder gel monofasico, denso e completamente stabile, che non ingiallisce nel tempo. È ideale sia per il rinforzo dell’unghia naturale sia per le ricostruzioni. Può essere utilizzato con sicurezza sia da principianti sia da nail technician esperte. Non richiede base coat né gel aggiuntivi prima dell’applicazione. Dopo la polimerizzazione, mantiene un leggero strato di dispersione. Benefici principali: forza rinforzata con fibre, efficienza monofasica, comfort cool-cure e performance 100% HEMA/TPO-free.</p>",GEL.IT.UP Italy,,,,TRUE,Title,Default Title,,,,,,,,3-in-1 Builder Gel Clear 40g -HTF,40000,shopify,0,deny,manual,23.16,,TRUE,TRUE,,,,,,https://cdn.shopify.com/s/files/1/0947/5545/5242/files/3_in_1_premium_builder_gel_nude.webp?v=1777733197,1,,FALSE,,,,kg,,,active
autumn-2021-ota06-htf,Autumn 2021 OTA06 -HTF,"<p>Tutti i gel polish devono essere polimerizzati per almeno 60 secondi, poiché sono TPO-free.</p>",GEL.IT.UP Italy,,,Gel Polish,TRUE,Title,Default Title,,,,,,,,Autumn 2021 OTA06 -HTF,11000,shopify,0,deny,manual,7.41,,TRUE,TRUE,,,,,,https://cdn.shopify.com/s/files/1/0947/5545/5242/files/download_a7fab10e-2c58-4708-acca-f6c2af51868b.webp?v=1777740699,1,,FALSE,,,,kg,,,active
autumn-2021-ota01-htf,Autumn 2021 OTA01 -HTF,"<p>Tutti i gel polish devono essere polimerizzati per almeno 60 secondi, poiché sono TPO-free.</p>",GEL.IT.UP Italy,,,Gel Polish,TRUE,Title,Default Title,,,,,,,,Autumn 2021 OTA01 -HTF,11000,shopify,0,deny,manual,7.41,,TRUE,TRUE,,,,,,https://cdn.shopify.com/s/files/1/0947/5545/5242/files/download_aad4ac34-2c4b-44cc-8985-1a9941a31c44.webp?v=1777740697,1,,FALSE,,,,kg,,,active
white-nail-lamp-new,White Nail Lamp New,,GEL.IT.UP Italy,,,,TRUE,Title,Default Title,,,,,,,,White Nail Lamp New,0,shopify,0,deny,manual,10.4,,TRUE,TRUE,,,,,,https://cdn.shopify.com/s/files/1/0947/5545/5242/files/download_0803129a-878b-41b6-9cec-ec3dd8b6f99e.webp?v=1777740698,1,,FALSE,,,,kg,,,active
ombre-sponge,Ombre sponge,<p>Sponge for Ombre Effects</p>,GEL.IT.UP Italy,,,,TRUE,Title,Default Title,,,,,,,,Ombre sponge,0,shopify,0,deny,manual,6.4,,TRUE,TRUE,,,,,,https://cdn.shopify.com/s/files/1/0947/5545/5242/files/download_55c474e1-2927-44cc-85b1-8fc123cb7534.webp?v=1777740695,1,,FALSE,,,,kg,,,active
sugary-glitter-pigment-3gr-05-htf,Sugary Glitter pigment 3gr 05 -HTF,<p>Glitter per un effetto extra brillante!</p>,GEL.IT.UP Italy,,,,TRUE,Title,Default Title,,,,,,,,Sugary Glitter pigment 3gr 05 -HTF,3000,shopify,0,deny,manual,3.22,,TRUE,TRUE,,,,,,https://cdn.shopify.com/s/files/1/0947/5545/5242/files/download_ea33f86d-eca0-4360-bff7-70b4a1e6fcb2.webp?v=1777740694,1,,FALSE,,,,kg,,,active
cobweb-gel-black-htf,Cobweb Gel Black -HTF,"<p>Cobweb Gel è un gel decorativo in flacone che crea effetti astratti e organici con diffusione naturale. Si applica sul colore polimerizzato con un sottile strato di base non polimerizzata. Ideale per nail art minimal o d’effetto, disponibile in bianco e nero.</p>",GEL.IT.UP Italy,,,Gel Polish,TRUE,Title,Default Title,,,,,,,,Cobweb Gel Black -HTF,11000,shopify,0,deny,manual,7.41,,TRUE,TRUE,,,,,,https://cdn.shopify.com/s/files/1/0947/5545/5242/files/download_215d8b6b-4cfa-4e5d-9a39-2d985024156a.webp?v=1777740692,1,,FALSE,,,,kg,,,active
multimix-synthogel-60gr-clear-htf,MultiMix Synthogel 60gr Clear -HTF,"<p>Formula di alta qualità che unisce la resistenza dell’acrilico alla facilità del gel. Ideale per rinforzo dell’unghia naturale e ricostruzioni, non cola, è inodore e non brucia in lampada. Applicabile con Dual Form, Nail Forms o tecnica libera. 100% HEMA/TPO-free.</p>",GEL.IT.UP Italy,,,,TRUE,Title,Default Title,,,,,,,,MultiMix Synthogel 60gr Clear -HTF,60000,shopify,0,deny,manual,21.29,,TRUE,TRUE,,,,,,https://cdn.shopify.com/s/files/1/0947/5545/5242/files/download_0f757cb0-d54b-4e45-8ab2-0ae16e21ab79.webp?v=1777740179,1,,FALSE,,,,kg,,,active
polygel-brush-and-spatula-rose-gold,Polygel Brush and Spatula Rose Gold,"<p>Pennelli professionali in setole sintetiche di alta qualità, progettati per offrire massima precisione, controllo e comfort in ogni applicazione.</p>",GEL.IT.UP Italy,,,,TRUE,Title,Default Title,,,,,,,,Polygel Brush and Spatula Rose Gold,0,shopify,0,deny,manual,10.9,,TRUE,TRUE,,,,,,https://cdn.shopify.com/s/files/1/0947/5545/5242/files/download_76921df7-b0c8-415b-b619-4b6e65ff0d24.webp?v=1777740691,1,,FALSE,,,,kg,,,active
ss06-spix-and-spex-tusk-tusk-htf,SS06 SPIX and SPEX Tusk Tusk -HTF,"<p>Tutti i gel polish devono essere polimerizzati per almeno 60 secondi, poiché sono TPO-free.</p>",GEL.IT.UP Italy,,,Gel Polish,TRUE,Title,Default Title,,,,,,,,SS06 SPIX and SPEX Tusk Tusk -HTF,11000,shopify,0,deny,manual,8.32,,TRUE,TRUE,,,,,,https://cdn.shopify.com/s/files/1/0947/5545/5242/files/download_1bc2e320-ab6e-44fb-80da-4df752782713.webp?v=1777740688,1,,FALSE,,,,kg,,,active
autumn-2021-ota04-htf,Autumn 2021 OTA04 -HTF,"<p>Tutti i gel polish devono essere polimerizzati per almeno 60 secondi, poiché sono TPO-free.</p>",GEL.IT.UP Italy,,,Gel Polish,TRUE,Title,Default Title,,,,,,,,Autumn 2021 OTA04 -HTF,11000,shopify,0,deny,manual,7.41,,TRUE,TRUE,,,,,,https://cdn.shopify.com/s/files/1/0947/5545/5242/files/download_9ed1ff49-029c-41d8-a21c-395ee01a5a22.webp?v=1777740686,1,,FALSE,,,,kg,,,active
2517-cosmic-bloom-htf,2517 Cоsmic Bloom -HTF,"<p>Tutti i gel polish devono essere polimerizzati per almeno 60 secondi, poiché sono TPO-free.</p>",GEL.IT.UP Italy,,,,TRUE,Title,Default Title,,,,,,,,2517 Cоsmic Bloom -HTF,11000,shopify,0,deny,manual,7.41,,TRUE,TRUE,,,,,,https://cdn.shopify.com/s/files/1/0947/5545/5242/files/GIUP-2517.webp?v=1777734087,1,,FALSE,,,,kg,,,active
2517-cosmic-bloom-htf,,,,,,,,,,,,,,,,,,,,,,,,,,,,,,,,https://cdn.shopify.com/s/files/1/0947/5545/5242/files/download_dd080a5a-8c26-4972-9148-c23089e96637.webp?v=1777739800,2,,,,,,,,,
1812-giupr-oil-htf,1812 GIUP® Oil -HTF,"<p>Tutti i gel polish devono essere polimerizzati per almeno 60 secondi, poiché sono TPO-free.</p>",GEL.IT.UP Italy,Uncategorized,,Gel Polish,TRUE,Title,Default Title,,,,,,,,1812 GIUP® Oil -HTF,11000,shopify,0,deny,manual,7.41,,TRUE,TRUE,,,,,,https://cdn.shopify.com/s/files/1/0947/5545/5242/files/GIUP-1812.webp?v=1777733532,1,,FALSE,,,,kg,,,active
1812-giupr-oil-htf,,,,,,,,,,,,,,,,,,,,,,,,,,,,,,,,https://cdn.shopify.com/s/files/1/0947/5545/5242/files/download_c044dfeb-0ee3-40a6-8d11-fba228cccbc2.webp?v=1777739116,2,,,,,,,,,
cushion-pro-gel-white-htf,Cushion Pro Gel White -HTF,"<p>Cushion Gel sono gel colorati dalla texture cremosa e vellutata, con pigmenti intensi per un risultato pieno e uniforme. Ideali per effetti ombré con spugnetta, garantiscono sfumature morbide e professionali già dalla prima passata. Disponibili in vasetto da 5g con stopper interno anti-spreco.</p>",GEL.IT.UP Italy,,,Gel Polish,TRUE,Title,Default Title,,,,,,,,Cushion Pro Gel White -HTF,11000,shopify,0,deny,manual,6.39,,TRUE,TRUE,,,,,,https://cdn.shopify.com/s/files/1/0947/5545/5242/files/download_5de12d57-a03f-475f-b6b8-3100865a8bfe.webp?v=1777728749,1,,FALSE,,,,kg,,,active
cushion-pro-gel-white-htf,,,,,,,,,,,,,,,,,,,,,,,,,,,,,,,,https://cdn.shopify.com/s/files/1/0947/5545/5242/files/download_1443602e-bcbc-4aba-9088-ac4a20985d7e.webp?v=1777740686,2,,,,,,,,,
professional-premium-cuticle-nipper-oval-round-fine-cut-5mm-2120-new,"Professional Premium Cuticle Nipper, Oval Round Fine Cut – 5mm 2120 New",,GEL.IT.UP Italy,,,,TRUE,Title,Default Title,,,,,,,,"Professional Premium Cuticle Nipper, Oval Round Fine Cut – 5mm 2120 New",0,shopify,0,deny,manual,13.12,,TRUE,TRUE,,,,,,https://cdn.shopify.com/s/files/1/0947/5545/5242/files/download_305e998a-125b-4ba3-8e33-d8bf61a32591.webp?v=1777728748,1,,FALSE,,,,kg,,,active
professional-premium-cuticle-nipper-oval-round-fine-cut-5mm-2120-new,,,,,,,,,,,,,,,,,,,,,,,,,,,,,,,,https://cdn.shopify.com/s/files/1/0947/5545/5242/files/download_343f11bc-c99e-4400-b96c-33e41477e22b.webp?v=1777740678,2,,,,,,,,,
watercolors-aquarelle-pallete,Watercolors Aquarelle Pallete,,GEL.IT.UP Italy,,,,TRUE,Title,Default Title,,,,,,,,Watercolors Aquarelle Pallete,0,shopify,0,deny,manual,22.58,,TRUE,TRUE,,,,,,https://cdn.shopify.com/s/files/1/0947/5545/5242/files/download_7f0eee3a-652d-472f-a0a1-c67bafc637e6.webp?v=1777728745,1,,FALSE,,,,kg,,,active
watercolors-aquarelle-pallete,,,,,,,,,,,,,,,,,,,,,,,,,,,,,,,,https://cdn.shopify.com/s/files/1/0947/5545/5242/files/download_d06feb7e-14a6-4fab-9688-29871abc9127.webp?v=1777740678,2,,,,,,,,,
ss05-spix-and-spex-lemon-sorbet-htf,SS05 SPIX and SPEX Lemon Sorbet -HTF,"<p>Tutti i gel polish devono essere polimerizzati per almeno 60 secondi, poiché sono TPO-free.</p>",GEL.IT.UP Italy,,,Gel Polish,TRUE,Title,Default Title,,,,,,,,SS05 SPIX and SPEX Lemon Sorbet -HTF,11000,shopify,0,deny,manual,8.32,,TRUE,TRUE,,,,,,https://cdn.shopify.com/s/files/1/0947/5545/5242/files/download_6da12653-d2fb-4abc-963c-c14efdc0f713.webp?v=1777728746,1,,FALSE,,,,kg,,,active
ss05-spix-and-spex-lemon-sorbet-htf,,,,,,,,,,,,,,,,,,,,,,,,,,,,,,,,https://cdn.shopify.com/s/files/1/0947/5545/5242/files/download_06957e6c-9e17-4f40-b848-6964e4ac60b8.webp?v=1777740670,2,,,,,,,,,
sugary-glitter-pigment-3gr-02-htf,Sugary Glitter pigment 3gr 02 -HTF,<p>Glitter per un effetto extra brillante!</p>,GEL.IT.UP Italy,,,,TRUE,Title,Default Title,,,,,,,,Sugary Glitter pigment 3gr 02 -HTF,3000,shopify,0,deny,manual,3.22,,TRUE,TRUE,,,,,,https://cdn.shopify.com/s/files/1/0947/5545/5242/files/download_51b8cf50-b2dd-4410-8847-1cc53833c2ff.webp?v=1777728743,1,,FALSE,,,,kg,,,active
sugary-glitter-pigment-3gr-02-htf,,,,,,,,,,,,,,,,,,,,,,,,,,,,,,,,https://cdn.shopify.com/s/files/1/0947/5545/5242/files/download_dbb48810-2e81-4820-b72d-28dda573ec9f.webp?v=1777740670,2,,,,,,,,,
dual-forms-mix-color-and-shape,DUAL FORMS MIX COLOR AND SHAPE,,GEL.IT.UP Italy,,,,TRUE,Title,Default Title,,,,,,,,DUAL FORMS MIX COLOR AND SHAPE,0,shopify,0,deny,manual,15.91,,TRUE,TRUE,,,,,,https://cdn.shopify.com/s/files/1/0947/5545/5242/files/download_9fce5b40-cf2e-421d-87ef-6c9467996c15.webp?v=1777728743,1,,FALSE,,,,kg,,,active
dual-forms-mix-color-and-shape,,,,,,,,,,,,,,,,,,,,,,,,,,,,,,,,https://cdn.shopify.com/s/files/1/0947/5545/5242/files/download_7af15eb0-c944-4e0f-bcc7-b9bd0620e36b.webp?v=1777740663,2,,,,,,,,,
professional-premium-cuticle-nipper-fine-cut-3mm-2117-new,"Professional Premium Cuticle Nipper, Fine Cut – 3mm 2117 New",,GEL.IT.UP Italy,,,,TRUE,Title,Default Title,,,,,,,,"Professional Premium Cuticle Nipper, Fine Cut – 3mm 2117 New",0,shopify,0,deny,manual,13.12,,TRUE,TRUE,,,,,,https://cdn.shopify.com/s/files/1/0947/5545/5242/files/download_2d1e17ef-33b8-431f-ac4f-e76b9665cf24.webp?v=1777728741,1,,FALSE,,,,kg,,,active
professional-premium-cuticle-nipper-fine-cut-3mm-2117-new,,,,,,,,,,,,,,,,,,,,,,,,,,,,,,,,https://cdn.shopify.com/s/files/1/0947/5545/5242/files/06._CUTICLE_NIPPER_FINE_CUT.webp?v=1777733828,2,,,,,,,,,
ss03-spix-and-spex-giddy-grape-htf,SS03 SPIX and SPEX Giddy Grape -HTF,"<p>Tutti i gel polish devono essere polimerizzati per almeno 60 secondi, poiché sono TPO-free.</p>",GEL.IT.UP Italy,,,Gel Polish,TRUE,Title,Default Title,,,,,,,,SS03 SPIX and SPEX Giddy Grape -HTF,11000,shopify,0,deny,manual,8.32,,TRUE,TRUE,,,,,,https://cdn.shopify.com/s/files/1/0947/5545/5242/files/download_9f654b20-c3df-4a12-9430-c8239cd08e01.webp?v=1777728739,1,,FALSE,,,,kg,,,active
ss03-spix-and-spex-giddy-grape-htf,,,,,,,,,,,,,,,,,,,,,,,,,,,,,,,,https://cdn.shopify.com/s/files/1/0947/5545/5242/files/download_f6211e82-2a56-4981-b0fe-abd36bb5b7e1.webp?v=1777740660,2,,,,,,,,,
sugary-glitter-pigment-3gr-01-htf,Sugary Glitter pigment 3gr 01 -HTF,<p>Glitter per un effetto extra brillante!</p>,GEL.IT.UP Italy,,,,TRUE,Title,Default Title,,,,,,,,Sugary Glitter pigment 3gr 01 -HTF,3000,shopify,0,deny,manual,3.22,,TRUE,TRUE,,,,,,https://cdn.shopify.com/s/files/1/0947/5545/5242/files/download_5b211a27-66ab-4182-97d0-7badbe32aca8.webp?v=1777728738,1,,FALSE,,,,kg,,,active
sugary-glitter-pigment-3gr-01-htf,,,,,,,,,,,,,,,,,,,,,,,,,,,,,,,,https://cdn.shopify.com/s/files/1/0947/5545/5242/files/download_482f90b5-513d-4aec-acd0-d98f6a59c0a3.webp?v=1777740653,2,,,,,,,,,
skinny-liner-brush-5-7,Skinny Liner brush 5-7,"<p>Pennelli professionali in setole sintetiche di alta qualità, progettati per offrire massima precisione, controllo e comfort in ogni applicazione.</p>",GEL.IT.UP Italy,,,,TRUE,Title,Default Title,,,,,,,,Skinny Liner brush 5-7,0,shopify,0,deny,manual,10.26,,TRUE,TRUE,,,,,,https://cdn.shopify.com/s/files/1/0947/5545/5242/files/download_b2a73d4e-d9e8-493e-804e-5e14d2f5877e.webp?v=1777728738,1,,FALSE,,,,kg,,,active
skinny-liner-brush-5-7,,,,,,,,,,,,,,,,,,,,,,,,,,,,,,,,https://cdn.shopify.com/s/files/1/0947/5545/5242/files/download_c8061aef-489c-4061-8c4a-b60b85fb7c07.webp?v=1777740653,2,,,,,,,,,
superbond-nail-dehydrator-11ml-with-acid-htf,Superbond Nail Dehydrator 11ml - with Acid -HTF,"<p>Il primer acido è ideale per unghie problematiche, molto oleose o soggette a forti sollevamenti. L’acid-free è adatto alla maggior parte delle clienti, soprattutto con unghie normali, sottili o danneggiate.</p>",GEL.IT.UP Italy,,,,TRUE,Title,Default Title,,,,,,,,Superbond Nail Dehydrator 11ml - with Acid -HTF,11000,shopify,0,deny,manual,6.78,,TRUE,TRUE,,,,,,https://cdn.shopify.com/s/files/1/0947/5545/5242/files/download_40215d65-4f6a-4edb-9a46-32cf13488332.webp?v=1777728736,1,,FALSE,,,,kg,,,active
superbond-nail-dehydrator-11ml-with-acid-htf,,,,,,,,,,,,,,,,,,,,,,,,,,,,,,,,https://cdn.shopify.com/s/files/1/0947/5545/5242/files/download_726db819-e53b-435d-80e0-750a4acef3ca.webp?v=1777740642,2,,,,,,,,,
superbond-nail-dehydrator-11ml-acid-free-htf,Superbond Nail Dehydrator 11ml - Acid Free -HTF,"<p>Acid-Free Primer crea uno strato appiccicoso effetto “biadesivo”, migliorando l’adesione all’unghia senza essere corrosivo.</p>",GEL.IT.UP Italy,,,,TRUE,Title,Default Title,,,,,,,,Superbond Nail Dehydrator 11ml - Acid Free -HTF,11000,shopify,0,deny,manual,6.78,,TRUE,TRUE,,,,,,https://cdn.shopify.com/s/files/1/0947/5545/5242/files/download_24ca9f74-6b65-47a9-a0c7-82c8ddb85cdc.webp?v=1777728735,1,,FALSE,,,,kg,,,active
superbond-nail-dehydrator-11ml-acid-free-htf,,,,,,,,,,,,,,,,,,,,,,,,,,,,,,,,https://cdn.shopify.com/s/files/1/0947/5545/5242/files/download_726db819-e53b-435d-80e0-750a4acef3ca.webp?v=1777740642,2,,,,,,,,,
multimix-synthogel-30gr-baby-pink-glitter-htf,MultiMix Synthogel 30gr Baby Pink Glitter -HTF,"<p>Formula di alta qualità che unisce la resistenza dell’acrilico alla facilità del gel. Ideale per rinforzo dell’unghia naturale e ricostruzioni, non cola, è inodore e non brucia in lampada. Applicabile con Dual Form, Nail Forms o tecnica libera. 100% HEMA/TPO-free.</p>",GEL.IT.UP Italy,,,,TRUE,Title,Default Title,,,,,,,,MultiMix Synthogel 30gr Baby Pink Glitter -HTF,30000,shopify,0,deny,manual,12.19,,TRUE,TRUE,,,,,,https://cdn.shopify.com/s/files/1/0947/5545/5242/files/download_710887d5-b1a4-4690-9859-06da17672de1.webp?v=1777728736,1,,FALSE,,,,kg,,,active
multimix-synthogel-30gr-baby-pink-glitter-htf,,,,,,,,,,,,,,,,,,,,,,,,,,,,,,,,https://cdn.shopify.com/s/files/1/0947/5545/5242/files/download_a53b682f-f32b-4af4-a9c7-be1da49ba01a.webp?v=1777740644,2,,,,,,,,,
dual-forms-russian-almond,DUAL FORMS RUSSIAN ALMOND,,GEL.IT.UP Italy,,,,TRUE,Title,Default Title,,,,,,,,DUAL FORMS RUSSIAN ALMOND,120,shopify,0,deny,manual,6.38,,TRUE,TRUE,,,,,,https://cdn.shopify.com/s/files/1/0947/5545/5242/files/download_e5833ce8-3c7b-4407-bb0d-fdbcd771e0df.webp?v=1777728733,1,,FALSE,,,,kg,,,active
dual-forms-russian-almond,,,,,,,,,,,,,,,,,,,,,,,,,,,,,,,,https://cdn.shopify.com/s/files/1/0947/5545/5242/files/Dual_Forms_RUSSIAN_ALMOND.webp?v=1777733516,2,,,,,,,,,
multimix-synthogel-30gr-bubble-gum-glitter-htf,MultiMix Synthogel 30gr Bubble Gum Glitter -HTF,"<p>Formula di alta qualità che unisce la resistenza dell’acrilico alla facilità del gel. Ideale per rinforzo dell’unghia naturale e ricostruzioni, non cola, è inodore e non brucia in lampada. Applicabile con Dual Form, Nail Forms o tecnica libera. 100% HEMA/TPO-free.</p>",GEL.IT.UP Italy,,,,TRUE,Title,Default Title,,,,,,,,MultiMix Synthogel 30gr Bubble Gum Glitter -HTF,30000,shopify,0,deny,manual,12.19,,TRUE,TRUE,,,,,,https://cdn.shopify.com/s/files/1/0947/5545/5242/files/download_751c3454-bc90-4862-b00a-3a2d09212e5d.webp?v=1777728733,1,,FALSE,,,,kg,,,active
multimix-synthogel-30gr-bubble-gum-glitter-htf,,,,,,,,,,,,,,,,,,,,,,,,,,,,,,,,https://cdn.shopify.com/s/files/1/0947/5545/5242/files/download_9f79e894-9bb6-4dd9-9220-3ba44be39cb8.webp?v=1777740636,2,,,,,,,,,
blossom-flower-power-15ml-htf,Blossom Flower Power 15ml -HTF,"<p>Blossom Gel crea delicati effetti floreali che si diffondono naturalmente sulla base non polimerizzata, senza bisogno di tecnica con pennello.</p>",GEL.IT.UP Italy,,,,TRUE,Title,Default Title,,,,,,,,Blossom Flower Power 15ml -HTF,15000,shopify,0,deny,manual,7.68,,TRUE,TRUE,,,,,,https://cdn.shopify.com/s/files/1/0947/5545/5242/files/download_e6bc16d8-29cd-40a2-92ce-88424ce1de4b.webp?v=1777728731,1,,FALSE,,,,kg,,,active
blossom-flower-power-15ml-htf,,,,,,,,,,,,,,,,,,,,,,,,,,,,,,,,https://cdn.shopify.com/s/files/1/0947/5545/5242/files/download_6a37e0e3-35d2-4337-8733-e9fdba463c46.webp?v=1777740631,2,,,,,,,,,
cushion-pro-gel-black-htf,Cushion Pro Gel Black -HTF,"<p>Cushion Gel sono gel colorati dalla texture cremosa e vellutata, con pigmenti intensi per un risultato pieno e uniforme. Ideali per effetti ombré con spugnetta, garantiscono sfumature morbide e professionali già dalla prima passata. Disponibili in vasetto da 5g con stopper interno anti-spreco.</p>",GEL.IT.UP Italy,,,Gel Polish,TRUE,Title,Default Title,,,,,,,,Cushion Pro Gel Black -HTF,5000,shopify,0,deny,manual,6.39,,TRUE,TRUE,,,,,,https://cdn.shopify.com/s/files/1/0947/5545/5242/files/download_e4624464-7ad2-4b1d-a54e-a9fcf5a611ef.webp?v=1777728729,1,,FALSE,,,,kg,,,active
cushion-pro-gel-black-htf,,,,,,,,,,,,,,,,,,,,,,,,,,,,,,,,https://cdn.shopify.com/s/files/1/0947/5545/5242/files/download_afc878e1-a867-4c5e-ab97-324c3164b665.webp?v=1777740627,2,,,,,,,,,
sugary-glitter-pigment-3gr-04-htf,Sugary Glitter pigment 3gr 04 -HTF,<p>Glitter per un effetto extra brillante!</p>,GEL.IT.UP Italy,,,,TRUE,Title,Default Title,,,,,,,,Sugary Glitter pigment 3gr 04 -HTF,3000,shopify,0,deny,manual,3.22,,TRUE,TRUE,,,,,,https://cdn.shopify.com/s/files/1/0947/5545/5242/files/download_f10bc281-fc96-45e3-b84e-73817d3eaba6.webp?v=1777728728,1,,FALSE,,,,kg,,,active
sugary-glitter-pigment-3gr-04-htf,,,,,,,,,,,,,,,,,,,,,,,,,,,,,,,,https://cdn.shopify.com/s/files/1/0947/5545/5242/files/download_d22c3496-84fb-4e6c-94db-79b626186a4a.webp?v=1777740623,2,,,,,,,,,
cobweb-gel-white-htf,Cobweb Gel White -HTF,"<p>Cobweb Gel è un gel decorativo in flacone che crea effetti astratti e organici con diffusione naturale. Si applica sul colore polimerizzato con un sottile strato di base non polimerizzata. Ideale per nail art minimal o d’effetto, disponibile in bianco e nero.</p>",GEL.IT.UP Italy,,,Gel Polish,TRUE,Title,Default Title,,,,,,,,Cobweb Gel White -HTF,3000,shopify,0,deny,manual,7.41,,TRUE,TRUE,,,,,,https://cdn.shopify.com/s/files/1/0947/5545/5242/files/download_ce6c0b13-ef7d-413f-a101-ccda054d8b2b.webp?v=1777728727,1,,FALSE,,,,kg,,,active
cobweb-gel-white-htf,,,,,,,,,,,,,,,,,,,,,,,,,,,,,,,,https://cdn.shopify.com/s/files/1/0947/5545/5242/files/download_fd683b96-4d38-4b47-99a5-4c670d38675e.webp?v=1777740619,2,,,,,,,,,
ss04-spix-and-spex-popping-candy-htf,SS04 SPIX and SPEX Popping Candy -HTF,"<p>Tutti i gel polish devono essere polimerizzati per almeno 60 secondi, poiché sono TPO-free.</p>",GEL.IT.UP Italy,Uncategorized,,Gel Polish,TRUE,Title,Default Title,,,,,,,,SS04 SPIX and SPEX Popping Candy -HTF,11000,shopify,0,deny,manual,8.32,,TRUE,TRUE,,,,,,https://cdn.shopify.com/s/files/1/0947/5545/5242/files/GIUP-SS04PoppingCandy.webp?v=1777821565,1,,FALSE,,,,kg,,,active
nail-sticks-clear-with-ring,Nail sticks clear with ring,,GEL.IT.UP Italy,,,,TRUE,Title,Default Title,,,,,,,,Nail sticks clear with ring,0,shopify,0,deny,manual,5.82,,TRUE,TRUE,,,,,,https://cdn.shopify.com/s/files/1/0947/5545/5242/files/download_ea5fb6c3-1f6c-426d-b8c7-2f84a718b306.webp?v=1777728724,1,,FALSE,,,,kg,,,active
nail-sticks-clear-with-ring,,,,,,,,,,,,,,,,,,,,,,,,,,,,,,,,https://cdn.shopify.com/s/files/1/0947/5545/5242/files/download_d01be224-88ab-4d5c-bd19-75b3e8e376aa.webp?v=1777740616,2,,,,,,,,,
professional-premium-cuticle-nipper-oval-fine-cut-5mm-2119-new,"Professional Premium Cuticle Nipper, Oval Fine Cut – 5mm 2119 New",,GEL.IT.UP Italy,,,,TRUE,Title,Default Title,,,,,,,,"Professional Premium Cuticle Nipper, Oval Fine Cut – 5mm 2119 New",0,shopify,0,deny,manual,12.83,,TRUE,TRUE,,,,,,https://cdn.shopify.com/s/files/1/0947/5545/5242/files/download_285508b8-4338-4ad2-a21c-401b8381cffd.webp?v=1777728723,1,,FALSE,,,,kg,,,active
professional-premium-cuticle-nipper-oval-fine-cut-5mm-2119-new,,,,,,,,,,,,,,,,,,,,,,,,,,,,,,,,https://cdn.shopify.com/s/files/1/0947/5545/5242/files/download_e191bc6b-a565-4a65-9494-eb8ffac2dc8e.webp?v=1777740610,2,,,,,,,,,
nail-files-100-100,Nail Files 100/100,"<p>Lima professionale di alta qualità, ideale per modellare, levigare e rifinire unghie naturali, gel e ricostruzioni con precisione.</p>",GEL.IT.UP Italy,,,,TRUE,Title,Default Title,,,,,,,,Nail Files 100/100,0,shopify,0,deny,manual,0.72,,TRUE,TRUE,,,,,,https://cdn.shopify.com/s/files/1/0947/5545/5242/files/download_cb938bf0-766e-40f5-9f29-1a4eed9fd443.webp?v=1777728723,1,,FALSE,,,,kg,,,active
nail-files-100-100,,,,,,,,,,,,,,,,,,,,,,,,,,,,,,,,https://cdn.shopify.com/s/files/1/0947/5545/5242/files/download_2aa7d962-013c-4ef1-be56-73465e2c6133.webp?v=1777740606,2,,,,,,,,,
standard-dual-reverse-tips-120-s,Standard Dual Reverse Tips 120 s,,GEL.IT.UP Italy,,,,TRUE,Title,Default Title,,,,,,,,Standard Dual Reverse Tips 120 s,120,shopify,0,deny,manual,5.53,,TRUE,TRUE,,,,,,https://cdn.shopify.com/s/files/1/0947/5545/5242/files/download_fc314358-5336-4a96-a71e-bcebba54be52.webp?v=1777728722,1,,FALSE,,,,kg,,,active
standard-dual-reverse-tips-120-s,,,,,,,,,,,,,,,,,,,,,,,,,,,,,,,,https://cdn.shopify.com/s/files/1/0947/5545/5242/files/download_f60d27b4-aa0f-4caf-beca-61682a82f60e.webp?v=1777740605,2,,,,,,,,,
sugary-glitter-pigment-3gr-03-htf,Sugary Glitter pigment 3gr 03 -HTF,<p>Glitter per un effetto extra brillante!</p>,GEL.IT.UP Italy,,,,TRUE,Title,Default Title,,,,,,,,Sugary Glitter pigment 3gr 03 -HTF,3000,shopify,0,deny,manual,3.22,,TRUE,TRUE,,,,,,https://cdn.shopify.com/s/files/1/0947/5545/5242/files/download_51bda78e-a62b-4dbe-a25c-a940171925a5.webp?v=1777728720,1,,FALSE,,,,kg,,,active
sugary-glitter-pigment-3gr-03-htf,,,,,,,,,,,,,,,,,,,,,,,,,,,,,,,,https://cdn.shopify.com/s/files/1/0947/5545/5242/files/download_8c6c5af1-72d1-40c0-a956-1b7c7f15c6fa.webp?v=1777740598,2,,,,,,,,,
autumn-2021-ota05-htf,Autumn 2021 OTA05 -HTF,"<p>Tutti i gel polish devono essere polimerizzati per almeno 60 secondi, poiché sono TPO-free.</p>",GEL.IT.UP Italy,,,Gel Polish,TRUE,Title,Default Title,,,,,,,,Autumn 2021 OTA05 -HTF,11000,shopify,0,deny,manual,7.41,,TRUE,TRUE,,,,,,https://cdn.shopify.com/s/files/1/0947/5545/5242/files/download_bff80b71-5955-4438-91ec-1d6f1752ec24.webp?v=1777728719,1,,FALSE,,,,kg,,,active
autumn-2021-ota05-htf,,,,,,,,,,,,,,,,,,,,,,,,,,,,,,,,https://cdn.shopify.com/s/files/1/0947/5545/5242/files/download_d572778e-5709-429e-aa9b-fce998ed783a.webp?v=1777740596,2,,,,,,,,,
replacement-stickers-pododisc-s-15-mm-grit-240-new,Replacement Stickers Pododisc S-15 mm GRIT 240 New,,GEL.IT.UP Italy,,,,TRUE,Title,Default Title,,,,,,,,Replacement Stickers Pododisc S-15 mm GRIT 240 New,0,shopify,0,deny,manual,6.18,,TRUE,TRUE,,,,,,https://cdn.shopify.com/s/files/1/0947/5545/5242/files/download_bca0b931-9838-4cd3-a9e4-7746a16d098a.webp?v=1777728717,1,,FALSE,,,,kg,,,active
replacement-stickers-pododisc-s-15-mm-grit-240-new,,,,,,,,,,,,,,,,,,,,,,,,,,,,,,,,https://cdn.shopify.com/s/files/1/0947/5545/5242/files/PODODISC.webp?v=1777732775,2,,,,,,,,,
replacement-stickers-pododisc-s-15-mm-grit-180-new,Replacement Stickers Pododisc  S-15 mm GRIT 180 New,,GEL.IT.UP Italy,,,,TRUE,Title,Default Title,,,,,,,,Replacement Stickers Pododisc  S-15 mm GRIT 180 New,0,shopify,0,deny,manual,6.18,,TRUE,TRUE,,,,,,https://cdn.shopify.com/s/files/1/0947/5545/5242/files/download_2bae2c38-4b36-44fc-a258-7db2a7d3afdb.webp?v=1777728716,1,,FALSE,,,,kg,,,active
replacement-stickers-pododisc-s-15-mm-grit-180-new,,,,,,,,,,,,,,,,,,,,,,,,,,,,,,,,https://cdn.shopify.com/s/files/1/0947/5545/5242/files/PODODISC.webp?v=1777732775,2,,,,,,,,,
replacement-stickers-pododisc-s-15-mm-grit-100-new,Replacement Stickers Pododisc  S-15 mm GRIT 100 New,,GEL.IT.UP Italy,,,,TRUE,Title,Default Title,,,,,,,,Replacement Stickers Pododisc  S-15 mm GRIT 100 New,0,shopify,0,deny,manual,6.18,,TRUE,TRUE,,,,,,https://cdn.shopify.com/s/files/1/0947/5545/5242/files/download_1bf2dca8-f97d-449b-8509-a772c0f63d3d.webp?v=1777728715,1,,FALSE,,,,kg,,,active
replacement-stickers-pododisc-s-15-mm-grit-100-new,,,,,,,,,,,,,,,,,,,,,,,,,,,,,,,,https://cdn.shopify.com/s/files/1/0947/5545/5242/files/PODODISC.webp?v=1777732775,2,,,,,,,,,
replacement-stickers-pododisc-m-20-mm-grit-100-new,Replacement Stickers Pododisc M-20 mm GRIT 100 New,,GEL.IT.UP Italy,,,,TRUE,Title,Default Title,,,,,,,,Replacement Stickers Pododisc M-20 mm GRIT 100 New,0,shopify,0,deny,manual,7.99,,TRUE,TRUE,,,,,,https://cdn.shopify.com/s/files/1/0947/5545/5242/files/download_0593b05d-768d-493e-82f2-dc9fcad77426.webp?v=1777728714,1,,FALSE,,,,kg,,,active
replacement-stickers-pododisc-m-20-mm-grit-100-new,,,,,,,,,,,,,,,,,,,,,,,,,,,,,,,,https://cdn.shopify.com/s/files/1/0947/5545/5242/files/PODODISC.webp?v=1777732775,2,,,,,,,,,
pododisc-5-replacement-stickers-s-15-mm-new,Pododisc + 5 Replacement Stickers S-15 mm New,,GEL.IT.UP Italy,,,,TRUE,Title,Default Title,,,,,,,,Pododisc + 5 Replacement Stickers S-15 mm New,0,shopify,0,deny,manual,6.38,,TRUE,TRUE,,,,,,https://cdn.shopify.com/s/files/1/0947/5545/5242/files/download_a4f0dae1-a55d-4977-83ea-43c9b709c036.webp?v=1777728713,1,,FALSE,,,,kg,,,active
pododisc-5-replacement-stickers-s-15-mm-new,,,,,,,,,,,,,,,,,,,,,,,,,,,,,,,,https://cdn.shopify.com/s/files/1/0947/5545/5242/files/PODODISC.webp?v=1777732775,2,,,,,,,,,
pododisc-5-replacement-stickers-m-20-mm-new,Pododisc + 5 Replacement Stickers M-20 mm New,,GEL.IT.UP Italy,,,,TRUE,Title,Default Title,,,,,,,,Pododisc + 5 Replacement Stickers M-20 mm New,0,shopify,0,deny,manual,7.67,,TRUE,TRUE,,,,,,https://cdn.shopify.com/s/files/1/0947/5545/5242/files/download_11245e84-6492-4295-be28-a5fc5932a4f9.webp?v=1777728713,1,,FALSE,,,,kg,,,active
pododisc-5-replacement-stickers-m-20-mm-new,,,,,,,,,,,,,,,,,,,,,,,,,,,,,,,,https://cdn.shopify.com/s/files/1/0947/5545/5242/files/PODODISC.webp?v=1777732775,2,,,,,,,,,
pododisc-5-replacement-stickers-l-25-mm-new,Pododisc+5 Replacement Stickers L-25 mm New,,GEL.IT.UP Italy,,,,TRUE,Title,Default Title,,,,,,,,Pododisc+5 Replacement Stickers L-25 mm New,0,shopify,0,deny,manual,8.96,,TRUE,TRUE,,,,,,https://cdn.shopify.com/s/files/1/0947/5545/5242/files/download_31605948-839a-4059-8b38-c85b67172d45.webp?v=1777728711,1,,FALSE,,,,kg,,,active
pododisc-5-replacement-stickers-l-25-mm-new,,,,,,,,,,,,,,,,,,,,,,,,,,,,,,,,https://cdn.shopify.com/s/files/1/0947/5545/5242/files/PODODISC.webp?v=1777732775,2,,,,,,,,,
salt-of-the-7-seas-foot-scrub-370g-new,Salt of the 7 Seas Foot Scrub 370g NEW,,GEL.IT.UP Italy,,,,TRUE,Title,Default Title,,,,,,,,Salt of the 7 Seas Foot Scrub 370g NEW,0,shopify,0,deny,manual,6.45,,TRUE,TRUE,,,,,,,,,FALSE,,,,kg,,,active
premium-builder-gel-milky-40gr-htf,Premium Builder Gel Milky 40gr -HTF,"<p>GEL.IT.UP 3-in-1 Premium è un builder gel monofasico con fibre di vetro, studiato per offrire massima resistenza strutturale e lunga durata. Ideale per il rinforzo dell’unghia naturale e per ricostruzioni. Si applica con precisione, non cola e non ingiallisce nel tempo. Non richiede base coat prima dell’applicazione. Perfetto per nail technician che cercano struttura prevedibile, controllo dell’adesione e performance professionale. Benefici principali: rinforzo con fibre di vetro, sistema monofasico, comfort cool-cure e formula 100% HEMA/TPO-free. Applicazione: applicare direttamente sull’unghia preparata, modellare la struttura desiderata e polimerizzare per almeno 60 secondi.</p>",GEL.IT.UP Italy,Animals & Pet Supplies > Pet Supplies,,,TRUE,Title,Default Title,,,,,,,,Premium Builder Gel Milky 40gr -HTF,40000,shopify,0,deny,manual,24.45,,TRUE,TRUE,,,,,,https://cdn.shopify.com/s/files/1/0947/5545/5242/files/download_ae2402be-5d56-4e22-ad79-f1474ba65705.webp?v=1777728708,1,,FALSE,,,,kg,,,active
premium-builder-gel-milky-40gr-htf,,,,,,,,,,,,,,,,,,,,,,,,,,,,,,,,https://cdn.shopify.com/s/files/1/0947/5545/5242/files/3_in_1_premium_builder_gel_pearly_nude.webp?v=1777732695,2,,,,,,,,,
airbrush-machine-new,AirBrush Machine New,,GEL.IT.UP Italy,,,,TRUE,Title,Default Title,,,,,,,,AirBrush Machine New,0,shopify,0,deny,manual,58.24,,TRUE,TRUE,,,,,,https://cdn.shopify.com/s/files/1/0947/5545/5242/files/download_59159af6-7104-4ce8-b7bb-7de423362cd3.webp?v=1777728705,1,,FALSE,,,,kg,,,active
airbrush-machine-new,,,,,,,,,,,,,,,,,,,,,,,,,,,,,,,,https://cdn.shopify.com/s/files/1/0947/5545/5242/files/download_4b1c675e-abd6-4e81-8db0-457b05b759ae.webp?v=1777740578,2,,,,,,,,,
multimix-synthogel-30gr-minty-green-htf,MultiMix Synthogel 30gr Minty Green -HTF,"<p>Formula di alta qualità che unisce la resistenza dell’acrilico alla facilità del gel. Ideale per rinforzo dell’unghia naturale e ricostruzioni, non cola, è inodore e non brucia in lampada. Applicabile con Dual Form, Nail Forms o tecnica libera. 100% HEMA/TPO-free.</p>",GEL.IT.UP Italy,,,,TRUE,Title,Default Title,,,,,,,,MultiMix Synthogel 30gr Minty Green -HTF,30000,shopify,0,deny,manual,12.19,,TRUE,TRUE,,,,,,https://cdn.shopify.com/s/files/1/0947/5545/5242/files/download_6cabfb27-b977-4df5-b74b-119e2bc07068.webp?v=1777728704,1,,FALSE,,,,kg,,,active
multimix-synthogel-30gr-minty-green-htf,,,,,,,,,,,,,,,,,,,,,,,,,,,,,,,,https://cdn.shopify.com/s/files/1/0947/5545/5242/files/download_12ed71ed-2353-4272-b0c0-577d350fbd38.webp?v=1777740578,2,,,,,,,,,
sugary-glitter-pigment-3gr-07-htf,Sugary Glitter pigment 3gr 07 -HTF,<p>Glitter per un effetto extra brillante!</p>,GEL.IT.UP Italy,,,,TRUE,Title,Default Title,,,,,,,,Sugary Glitter pigment 3gr 07 -HTF,3000,shopify,0,deny,manual,3.22,,TRUE,TRUE,,,,,,https://cdn.shopify.com/s/files/1/0947/5545/5242/files/download_411613a0-c06b-4d03-99c2-477762977783.webp?v=1777728702,1,,FALSE,,,,kg,,,active
sugary-glitter-pigment-3gr-07-htf,,,,,,,,,,,,,,,,,,,,,,,,,,,,,,,,https://cdn.shopify.com/s/files/1/0947/5545/5242/files/download_0777bfe8-d23c-4bd2-8c32-201a326c0739.webp?v=1777740570,2,,,,,,,,,
autumn-2021-ota02-htf,Autumn 2021 OTA02 -HTF,"<p>Tutti i gel polish devono essere polimerizzati per almeno 60 secondi, poiché sono TPO-free.</p>",GEL.IT.UP Italy,,,Gel Polish,TRUE,Title,Default Title,,,,,,,,Autumn 2021 OTA02 -HTF,11000,shopify,0,deny,manual,7.41,,TRUE,TRUE,,,,,,https://cdn.shopify.com/s/files/1/0947/5545/5242/files/download_d0a9cd7d-5925-40c6-8ef6-5d78f85fc97d.webp?v=1777728702,1,,FALSE,,,,kg,,,active
autumn-2021-ota02-htf,,,,,,,,,,,,,,,,,,,,,,,,,,,,,,,,https://cdn.shopify.com/s/files/1/0947/5545/5242/files/download_319519db-1785-48df-99c9-b4431fdec45d.webp?v=1777740565,2,,,,,,,,,
multimix-synthogel-30gr-glitsy-green-htf,MultiMix Synthogel 30gr Glitsy Green -HTF,"<p>Formula di alta qualità che unisce la resistenza dell’acrilico alla facilità del gel. Ideale per rinforzo dell’unghia naturale e ricostruzioni, non cola, è inodore e non brucia in lampada. Applicabile con Dual Form, Nail Forms o tecnica libera. 100% HEMA/TPO-free.</p>",GEL.IT.UP Italy,,,,TRUE,Title,Default Title,,,,,,,,MultiMix Synthogel 30gr Glitsy Green -HTF,30000,shopify,0,deny,manual,12.19,,TRUE,TRUE,,,,,,https://cdn.shopify.com/s/files/1/0947/5545/5242/files/download_4b088eee-b8b0-460f-a202-0a3342b12dcd.webp?v=1777728710,1,,FALSE,,,,kg,,,active
multimix-synthogel-30gr-glitsy-green-htf,,,,,,,,,,,,,,,,,,,,,,,,,,,,,,,,https://cdn.shopify.com/s/files/1/0947/5545/5242/files/download_2801c9f5-7514-4b4c-909e-e0e59fd81a4c.webp?v=1777740564,2,,,,,,,,,
skinny-liner-brush-9-11,Skinny Liner brush 9-11,"<p>Pennelli professionali in setole sintetiche di alta qualità, progettati per offrire massima precisione, controllo e comfort in ogni applicazione.</p>",GEL.IT.UP Italy,,,,TRUE,Title,Default Title,,,,,,,,Skinny Liner brush 9-11,0,shopify,0,deny,manual,10.26,,TRUE,TRUE,,,,,,https://cdn.shopify.com/s/files/1/0947/5545/5242/files/download_90334639-f954-4618-9f7e-417ee3bbc976.webp?v=1777728700,1,,FALSE,,,,kg,,,active
skinny-liner-brush-9-11,,,,,,,,,,,,,,,,,,,,,,,,,,,,,,,,https://cdn.shopify.com/s/files/1/0947/5545/5242/files/download_24205644-cc02-4497-9f46-fce5f266f810.webp?v=1777740558,2,,,,,,,,,
multimix-synthogel-60gr-cover-ii-htf,MultiMix Synthogel 60gr Cover II -HTF,"<p>Formula di alta qualità che unisce la resistenza dell’acrilico alla facilità del gel. Ideale per rinforzo dell’unghia naturale e ricostruzioni, non cola, è inodore e non brucia in lampada. Applicabile con Dual Form, Nail Forms o tecnica libera. 100% HEMA/TPO-free.</p>",GEL.IT.UP Italy,,,,TRUE,Title,Default Title,,,,,,,,MultiMix Synthogel 60gr Cover II -HTF,60000,shopify,0,deny,manual,21.29,,TRUE,TRUE,,,,,,https://cdn.shopify.com/s/files/1/0947/5545/5242/files/download_3c327caa-3064-42ae-9cee-116961079aff.webp?v=1777728698,1,,FALSE,,,,kg,,,active
multimix-synthogel-60gr-cover-ii-htf,,,,,,,,,,,,,,,,,,,,,,,,,,,,,,,,https://cdn.shopify.com/s/files/1/0947/5545/5242/files/download_606b8420-c525-46b5-9b8e-a272a9d40c3f.webp?v=1777740555,2,,,,,,,,,
autumn-2021-ota03-htf,Autumn 2021 OTA03 -HTF,"<p>Tutti i gel polish devono essere polimerizzati per almeno 60 secondi, poiché sono TPO-free.</p>",GEL.IT.UP Italy,,,Gel Polish,TRUE,Title,Default Title,,,,,,,,Autumn 2021 OTA03 -HTF,11000,shopify,0,deny,manual,7.41,,TRUE,TRUE,,,,,,https://cdn.shopify.com/s/files/1/0947/5545/5242/files/download_6c5a408e-79d5-4266-ac62-b068153df9f2.webp?v=1777728697,1,,FALSE,,,,kg,,,active
autumn-2021-ota03-htf,,,,,,,,,,,,,,,,,,,,,,,,,,,,,,,,https://cdn.shopify.com/s/files/1/0947/5545/5242/files/download_43fb1113-fc1c-425a-9a03-22703ede4e3f.webp?v=1777740550,2,,,,,,,,,
ss02-spix-and-spex-delphinium-htf,SS02 SPIX and SPEX Delphinium -HTF,"<p>Tutti i gel polish devono essere polimerizzati per almeno 60 secondi, poiché sono TPO-free.</p>",GEL.IT.UP Italy,,,Gel Polish,TRUE,Title,Default Title,,,,,,,,SS02 SPIX and SPEX Delphinium -HTF,11000,shopify,0,deny,manual,8.32,,TRUE,TRUE,,,,,,https://cdn.shopify.com/s/files/1/0947/5545/5242/files/download_4db28812-d3ef-4bb7-9028-25d7b806c91f.webp?v=1777728696,1,,FALSE,,,,kg,,,active
ss02-spix-and-spex-delphinium-htf,,,,,,,,,,,,,,,,,,,,,,,,,,,,,,,,https://cdn.shopify.com/s/files/1/0947/5545/5242/files/download_e8804ae2-ced1-4f6a-9473-c7a612a914b6.webp?v=1777740547,2,,,,,,,,,
professional-head-cutter-nipper-half-blade-l-11-5cm-1006-new,Professional Head Cutter Nipper Half Blade L 11.5cm 1006 New,,GEL.IT.UP Italy,,,,TRUE,Title,Default Title,,,,,,,,Professional Head Cutter Nipper Half Blade L 11.5cm 1006 New,0,shopify,0,deny,manual,16.06,,TRUE,TRUE,,,,,,,,,FALSE,,,,kg,,,active
autumn-2021-ota07-htf,Autumn 2021 OTA07 -HTF,"<p>Tutti i gel polish devono essere polimerizzati per almeno 60 secondi, poiché sono TPO-free.</p>",GEL.IT.UP Italy,,,Gel Polish,TRUE,Title,Default Title,,,,,,,,Autumn 2021 OTA07 -HTF,11000,shopify,0,deny,manual,7.41,,TRUE,TRUE,,,,,,https://cdn.shopify.com/s/files/1/0947/5545/5242/files/download_d1e2d07b-6a96-4f09-840e-6449d415a2f6.webp?v=1777728694,1,,FALSE,,,,kg,,,active
autumn-2021-ota07-htf,,,,,,,,,,,,,,,,,,,,,,,,,,,,,,,,https://cdn.shopify.com/s/files/1/0947/5545/5242/files/download_f1a48690-df70-4360-b552-f1ede05ba0dc.webp?v=1777740540,2,,,,,,,,,
dual-forms-modern-square,DUAL FORMS MODERN SQUARE,,GEL.IT.UP Italy,,,,TRUE,Title,Default Title,,,,,,,,DUAL FORMS MODERN SQUARE,120,shopify,0,deny,manual,6.38,,TRUE,TRUE,,,,,,https://cdn.shopify.com/s/files/1/0947/5545/5242/files/download_aae4f35b-7eae-4cb4-bde4-d6956adca079.webp?v=1777728692,1,,FALSE,,,,kg,,,active
dual-forms-modern-square,,,,,,,,,,,,,,,,,,,,,,,,,,,,,,,,https://cdn.shopify.com/s/files/1/0947/5545/5242/files/download_84bdd205-4892-4a40-ade3-46a154f62744.webp?v=1777740540,2,,,,,,,,,
nail-files-boat-shape-100-180,Nail Files Boat Shape 100/180,"<p>Lima professionale di alta qualità, ideale per modellare, levigare e rifinire unghie naturali, gel e ricostruzioni con precisione.</p>",GEL.IT.UP Italy,,,,TRUE,Title,Default Title,,,,,,,,Nail Files Boat Shape 100/180,0,shopify,0,deny,manual,1.1,,TRUE,TRUE,,,,,,https://cdn.shopify.com/s/files/1/0947/5545/5242/files/download_4e207b48-8a4d-422a-a57b-249c6ba75a8f.webp?v=1777728692,1,,FALSE,,,,kg,,,active
nail-files-boat-shape-100-180,,,,,,,,,,,,,,,,,,,,,,,,,,,,,,,,https://cdn.shopify.com/s/files/1/0947/5545/5242/files/Nail_Files_Buffer_180-180_Pink_Sponge.webp?v=1777729155,2,,,,,,,,,
nail-files-180-180-pink-sponge,Nail Files 180/180 Pink Sponge,"<p>Lima professionale di alta qualità, ideale per modellare, levigare e rifinire unghie naturali, gel e ricostruzioni con precisione.</p>",GEL.IT.UP Italy,,,,TRUE,Title,Default Title,,,,,,,,Nail Files 180/180 Pink Sponge,0,shopify,0,deny,manual,1.1,,TRUE,TRUE,,,,,,https://cdn.shopify.com/s/files/1/0947/5545/5242/files/download_1d19cf49-0982-4268-bc77-72017cc99215.webp?v=1777728690,1,,FALSE,,,,kg,,,active
nail-files-180-180-pink-sponge,,,,,,,,,,,,,,,,,,,,,,,,,,,,,,,,https://cdn.shopify.com/s/files/1/0947/5545/5242/files/Nail_Files_Buffer_180-180_Pink_Sponge.webp?v=1777729155,2,,,,,,,,,
sugary-glitter-pigment-3gr-06-htf,Sugary Glitter pigment 3gr 06 -HTF,<p>Glitter per un effetto extra brillante!</p>,GEL.IT.UP Italy,,,,TRUE,Title,Default Title,,,,,,,,Sugary Glitter pigment 3gr 06 -HTF,3000,shopify,0,deny,manual,3.22,,TRUE,TRUE,,,,,,https://cdn.shopify.com/s/files/1/0947/5545/5242/files/download.webp?v=1777728688,1,,FALSE,,,,kg,,,active
sugary-glitter-pigment-3gr-06-htf,,,,,,,,,,,,,,,,,,,,,,,,,,,,,,,,https://cdn.shopify.com/s/files/1/0947/5545/5242/files/download_3eea88ea-cfa3-4fa3-965f-061842eb8738.webp?v=1777740532,2,,,,,,,,,
premium-builder-gel-clear-40gr-htf,Premium Builder Gel Clear 40gr -HTF,"<p>GEL.IT.UP 3-in-1 Premium è un builder gel monofasico con fibre di vetro, studiato per offrire massima resistenza strutturale e lunga durata. Ideale per il rinforzo dell’unghia naturale e per ricostruzioni. Si applica con precisione, non cola e non ingiallisce nel tempo. Non richiede base coat prima dell’applicazione. Perfetto per nail technician che cercano struttura prevedibile, controllo dell’adesione e performance professionale. Benefici principali: rinforzo con fibre di vetro, sistema monofasico, comfort cool-cure e formula 100% HEMA/TPO-free. Applicazione: applicare direttamente sull’unghia preparata, modellare la struttura desiderata e polimerizzare per almeno 60 secondi.</p>",GEL.IT.UP Italy,Animals & Pet Supplies > Pet Supplies,,,TRUE,Title,Default Title,,,,,,,,Premium Builder Gel Clear 40gr -HTF,40000,shopify,0,deny,manual,24.45,,TRUE,TRUE,,,,,,https://cdn.shopify.com/s/files/1/0947/5545/5242/files/download_e60592a3-28eb-48a1-8b9f-2cc88582f481.webp?v=1777740524,1,,FALSE,,,,kg,,,active
crystal-clear-builder-gel-40gr-htf,Crystal Clear Builder Gel 40gr -HTF,"<p>GEL.IT.UP 3-in-1 Builder Gel è un builder gel monofasico, denso e completamente stabile, che non ingiallisce nel tempo. È ideale sia per il rinforzo dell’unghia naturale sia per le ricostruzioni. Può essere utilizzato con sicurezza sia da principianti sia da nail technician esperte. Non richiede base coat né gel aggiuntivi prima dell’applicazione. Dopo la polimerizzazione, mantiene un leggero strato di dispersione. Benefici principali: forza rinforzata con fibre, efficienza monofasica, comfort cool-cure e performance 100% HEMA/TPO-free.</p>",GEL.IT.UP Italy,Animals & Pet Supplies > Pet Supplies,,,TRUE,Title,Default Title,,,,,,,,Crystal Clear Builder Gel 40gr -HTF,40000,shopify,0,deny,manual,24.45,,TRUE,TRUE,,,,,,https://cdn.shopify.com/s/files/1/0947/5545/5242/files/download_e60592a3-28eb-48a1-8b9f-2cc88582f481.webp?v=1777740524,1,,FALSE,,,,kg,,,active
velvet-cat-eye-vce01-htf,Velvet Cat Eye #VCE01 -HTF,"<p>Tutti i gel polish devono essere polimerizzati per almeno 60 secondi, poiché sono TPO-free.</p>",GEL.IT.UP Italy,,,Gel Polish,TRUE,Title,Default Title,,,,,,,,Velvet Cat Eye #VCE01 -HTF,11000,shopify,0,deny,manual,9.03,,TRUE,TRUE,,,,,,https://cdn.shopify.com/s/files/1/0947/5545/5242/files/download_cfac368f-8073-49fe-bc76-ac3dfcff4880.webp?v=1777740518,1,,FALSE,,,,kg,,,active
01-ice-ice-baby-htf,01 Ice Ice Baby -HTF,"<p>Tutti i gel polish devono essere polimerizzati per almeno 60 secondi, poiché sono TPO-free.</p>",GEL.IT.UP Italy,Uncategorized,,"Solid Gel Colours, White, Gel Polish",TRUE,Title,Default Title,White,,,,,,,01 Ice Ice Baby -HTF,11000,shopify,0,deny,manual,7.41,,TRUE,TRUE,,,,,,https://cdn.shopify.com/s/files/1/0947/5545/5242/files/GIUP-01.webp?v=1777815354,1,,FALSE,,,,kg,,,active
2500-cupcake-htf,2500 Cupcake -HTF,"<p>Tutti i gel polish devono essere polimerizzati per almeno 60 secondi, poiché sono TPO-free.</p>",GEL.IT.UP Italy,,,Gel Polish,TRUE,Title,Default Title,,,,,,,,2500 Cupcake -HTF,11000,shopify,0,deny,manual,7.41,,TRUE,TRUE,,,,,,https://cdn.shopify.com/s/files/1/0947/5545/5242/files/download_a51b8b87-1ff4-4101-8efb-c1859426119a.webp?v=1777740517,1,,FALSE,,,,kg,,,active
2315-pink-polka-bikini-htf,2315 Pink Polka Bikini -HTF,"<p>Tutti i gel polish devono essere polimerizzati per almeno 60 secondi, poiché sono TPO-free.</p>",GEL.IT.UP Italy,,,Gel Polish,TRUE,Title,Default Title,,,,,,,,2315 Pink Polka Bikini -HTF,11000,shopify,0,deny,manual,7.41,,TRUE,TRUE,,,,,,https://cdn.shopify.com/s/files/1/0947/5545/5242/files/download_5826dcd4-c5ab-43ce-a6fc-17b9031b0438.webp?v=1777740509,1,,FALSE,,,,kg,,,active
2453-flirting-with-purple-htf,2453 Flirting with Purple -HTF,"<p>Tutti i gel polish devono essere polimerizzati per almeno 60 secondi, poiché sono TPO-free.</p>",GEL.IT.UP Italy,,,"Solid Gel Colours, Purple, Gel Polish",TRUE,Title,Default Title,Purple,,,,,,,2453 Flirting with Purple -HTF,11000,shopify,0,deny,manual,7.41,,TRUE,TRUE,,,,,,https://cdn.shopify.com/s/files/1/0947/5545/5242/files/download_664eb65c-2587-4729-8cbd-ce07b56e8522.webp?v=1777740510,1,,FALSE,,,,kg,,,active
2423-peaceful-surrender-htf,2423 Peaceful Surrender -HTF,"<p>Tutti i gel polish devono essere polimerizzati per almeno 60 secondi, poiché sono TPO-free.</p>",GEL.IT.UP Italy,,,"Solid Gel Colours, Blue, Gel Polish",TRUE,Title,Default Title,Blue,,,,,,,2423 Peaceful Surrender -HTF,11000,shopify,0,deny,manual,7.41,,TRUE,TRUE,,,,,,https://cdn.shopify.com/s/files/1/0947/5545/5242/files/download_ff41a1c0-a235-4c77-a936-73d390f76fec.webp?v=1777740502,1,,FALSE,,,,kg,,,active
gel-it-up-1-r36-11ml-htf,GEL.IT.UP 1 R36 11ml -HTF,"<p>Tutti i gel polish devono essere polimerizzati per almeno 60 secondi, poiché sono TPO-free.</p>",GEL.IT.UP Italy,,,Gel Polish,TRUE,Title,Default Title,,,,,,,,GEL.IT.UP 1 R36 11ml -HTF,11000,shopify,0,deny,manual,8.97,,TRUE,TRUE,,,,,,https://cdn.shopify.com/s/files/1/0947/5545/5242/files/download_9b3cc779-73ff-42d8-b3eb-4dda6b6fa184.webp?v=1777740502,1,,FALSE,,,,kg,,,active
1934-r-r-r-htf,1934 R-R-R -HTF,"<p>Tutti i gel polish devono essere polimerizzati per almeno 60 secondi, poiché sono TPO-free.</p>",GEL.IT.UP Italy,,,"Solid Gel Colours, Green, Gel Polish",TRUE,Title,Default Title,Green,,,,,,,1934 R-R-R -HTF,11000,shopify,0,deny,manual,7.41,,TRUE,TRUE,,,,,,https://cdn.shopify.com/s/files/1/0947/5545/5242/files/download_4c9299be-a08c-478c-a39f-d2462424b580.webp?v=1777740494,1,,FALSE,,,,kg,,,active
1916-shoe-blue-htf,1916 Shoe Blue -HTF,"<p>Tutti i gel polish devono essere polimerizzati per almeno 60 secondi, poiché sono TPO-free.</p>",GEL.IT.UP Italy,,,"Solid Gel Colours, Purple, Gel Polish",TRUE,Title,Default Title,Purple,,,,,,,1916 Shoe Blue -HTF,11000,shopify,0,deny,manual,7.41,,TRUE,TRUE,,,,,,https://cdn.shopify.com/s/files/1/0947/5545/5242/files/download_e4df6b9b-1356-4c54-8d17-a0b263100a56.webp?v=1777740494,1,,FALSE,,,,kg,,,active
2521-choco-veil-htf,2521 Choco Veil -HTF,"<p>Tutti i gel polish devono essere polimerizzati per almeno 60 secondi, poiché sono TPO-free.</p>",GEL.IT.UP Italy,,,"Solid Gel Colours, Brown, Gel Polish",TRUE,Title,Default Title,Brown,,,,,,,2521 Choco Veil -HTF,11000,shopify,0,deny,manual,7.41,,TRUE,TRUE,,,,,,https://cdn.shopify.com/s/files/1/0947/5545/5242/files/download_a4f10cb0-5b52-4223-95c0-942f417db2bc.webp?v=1777740487,1,,FALSE,,,,kg,,,active
18-violet-nights-htf,18 Violet Nights -HTF,"<p>Tutti i gel polish devono essere polimerizzati per almeno 60 secondi, poiché sono TPO-free.</p>",GEL.IT.UP Italy,,,"Solid Gel Colours, Purple, Gel Polish",TRUE,Title,Default Title,Purple,,,,,,,18 Violet Nights -HTF,11000,shopify,0,deny,manual,7.41,,TRUE,TRUE,,,,,,https://cdn.shopify.com/s/files/1/0947/5545/5242/files/download_72668c1a-56f0-4c11-a7ba-4a6b2e4c0ab6.webp?v=1777740483,1,,FALSE,,,,kg,,,active
86-cad-mi-um-htf,86 Cad-mi-um -HTF,"<p>Tutti i gel polish devono essere polimerizzati per almeno 60 secondi, poiché sono TPO-free.</p>",GEL.IT.UP Italy,,,"Solid Gel Colours, Green, Gel Polish",TRUE,Title,Default Title,Green,,,,,,,86 Cad-mi-um -HTF,11000,shopify,0,deny,manual,7.41,,TRUE,TRUE,,,,,,https://cdn.shopify.com/s/files/1/0947/5545/5242/files/download_90566d0c-8d5b-45be-8a66-da4c6136ef53.webp?v=1777740479,1,,FALSE,,,,kg,,,active
2137-amber-embers-htf,2137 Amber Embers -HTF,"<p>Tutti i gel polish devono essere polimerizzati per almeno 60 secondi, poiché sono TPO-free.</p>",GEL.IT.UP Italy,,,"Solid Gel Colours, Brown, Gel Polish",TRUE,Title,Default Title,Brown,,,,,,,2137 Amber Embers -HTF,11000,shopify,0,deny,manual,7.41,,TRUE,TRUE,,,,,,https://cdn.shopify.com/s/files/1/0947/5545/5242/files/download_38497615-4cf5-47c0-be87-181caf87f409.webp?v=1777740472,1,,FALSE,,,,kg,,,active
137-love-child-htf,137 Love Child -HTF,"<p>Tutti i gel polish devono essere polimerizzati per almeno 60 secondi, poiché sono TPO-free.</p>",GEL.IT.UP Italy,,,"Solid Gel Colours, Purple, Gel Polish",TRUE,Title,Default Title,Purple,,,,,,,137 Love Child -HTF,11000,shopify,0,deny,manual,7.41,,TRUE,TRUE,,,,,,https://cdn.shopify.com/s/files/1/0947/5545/5242/files/download_38497615-4cf5-47c0-be87-181caf87f409.webp?v=1777740472,1,,FALSE,,,,kg,,,active
line-it-up-magenta-htf,LINE IT UP MAGENTA -HTF,"<p>Tutti i gel polish devono essere polimerizzati per almeno 60 secondi, poiché sono TPO-free.</p>",GEL.IT.UP Italy,,,Gel Polish,TRUE,Title,Default Title,,,,,,,,LINE IT UP MAGENTA -HTF,11000,shopify,0,deny,manual,5.48,,TRUE,TRUE,,,,,,https://cdn.shopify.com/s/files/1/0947/5545/5242/files/download_06d89ae7-16bb-41f5-abb7-3930f18aafa6.webp?v=1777740472,1,,FALSE,,,,kg,,,active
5-in-1-superior-base-15ml-irridecent-pink-htf,5-IN-1 Superior Base 15ml Irridecent Pink -HTF,"<p>La GEL.IT.UP 5-in-1 Base Coat è una base multifunzione che offre cinque utilizzi in un unico flacone: base per gel polish semipermanente, rinforzo per unghie sottili e fragili, gel modellante per piccole correzioni, base adesiva per strass e decorazioni 3D, e gel per piccoli allungamenti e rinforzo dell’unghia naturale.</p>",GEL.IT.UP Italy,,,,TRUE,Title,Default Title,,,,,,,,5-IN-1 Superior Base 15ml Irridecent Pink -HTF,15000,shopify,0,deny,manual,12.84,,TRUE,TRUE,,,,,,https://cdn.shopify.com/s/files/1/0947/5545/5242/files/download_91a3472f-6b76-4d47-969f-a9855c7d604d.webp?v=1777740465,1,,FALSE,,,,kg,,,active
221-schizo-princess-htf,221 Schizo Princess -HTF,"<p>Tutti i gel polish devono essere polimerizzati per almeno 60 secondi, poiché sono TPO-free.</p>",GEL.IT.UP Italy,,,Gel Polish,TRUE,Title,Default Title,,,,,,,,221 Schizo Princess -HTF,11000,shopify,0,deny,manual,7.41,,TRUE,TRUE,,,,,,https://cdn.shopify.com/s/files/1/0947/5545/5242/files/download_819288a4-c913-4f25-bc6a-16a57f9cf92f.webp?v=1777740465,1,,FALSE,,,,kg,,,active
pma-8-vibrant-vector-violet-htf,PMA #8 Vibrant Vector Violet -HTF,"<p>Tutti i gel polish devono essere polimerizzati per almeno 60 secondi, poiché sono TPO-free.</p>",GEL.IT.UP Italy,,,Gel Polish,TRUE,Title,Default Title,,,,,,,,PMA #8 Vibrant Vector Violet -HTF,11000,shopify,0,deny,manual,7.41,,TRUE,TRUE,,,,,,https://cdn.shopify.com/s/files/1/0947/5545/5242/files/download_8aad7a62-468a-465b-a520-1d2cef8bdc37.webp?v=1777740457,1,,FALSE,,,,kg,,,active
2525-dark-matter-htf,2525 Dark Matter -HTF,"<p>Tutti i gel polish devono essere polimerizzati per almeno 60 secondi, poiché sono TPO-free.</p>",GEL.IT.UP Italy,,,"Solid Gel Colours, Grey, Gel Polish",TRUE,Title,Default Title,Grey,,,,,,,2525 Dark Matter -HTF,11000,shopify,0,deny,manual,7.41,,TRUE,TRUE,,,,,,https://cdn.shopify.com/s/files/1/0947/5545/5242/files/download_c6e58767-713f-4a4f-bb8e-1d7f4503fd9c.webp?v=1777740457,1,,FALSE,,,,kg,,,active
professional-cuticle-scissors-curved-1463-new,"Professional Cuticle Scissors, Curved 1463 New",,GEL.IT.UP Italy,,,,TRUE,Title,Default Title,,,,,,,,"Professional Cuticle Scissors, Curved 1463 New",0,shopify,0,deny,manual,13.79,,TRUE,TRUE,,,,,,https://cdn.shopify.com/s/files/1/0947/5545/5242/files/download_f2c08c67-478e-4c12-a89c-eb6f65688b87.webp?v=1777740450,1,,FALSE,,,,kg,,,active
metallic-collection-mc1-htf,Metallic Collection #MC1 -HTF,"<p>Tutti i gel polish devono essere polimerizzati per almeno 60 secondi, poiché sono TPO-free.</p>",GEL.IT.UP Italy,,,Gel Polish,TRUE,Title,Default Title,,,,,,,,Metallic Collection #MC1 -HTF,11000,shopify,0,deny,manual,8.32,,TRUE,TRUE,,,,,,https://cdn.shopify.com/s/files/1/0947/5545/5242/files/download_9eabee18-69d5-4f2b-a6b8-ab3e5042fd2a.webp?v=1777740451,1,,FALSE,,,,kg,,,active
1901-desert-hori-zen-htf,1901 Desert Hori-Zen -HTF,"<p>Tutti i gel polish devono essere polimerizzati per almeno 60 secondi, poiché sono TPO-free.</p>",GEL.IT.UP Italy,,,"Solid Gel Colours, Coral Orange, Gel Polish",TRUE,Title,Default Title,Coral Orange,,,,,,,1901 Desert Hori-Zen -HTF,11000,shopify,0,deny,manual,7.41,,TRUE,TRUE,,,,,,https://cdn.shopify.com/s/files/1/0947/5545/5242/files/download_45e36226-d9e7-44e6-b2b1-a7201165a245.webp?v=1777740442,1,,FALSE,,,,kg,,,active
2434-suntouched-shimmer-htf,2434 SunTouched Shimmer -HTF,"<p>Tutti i gel polish devono essere polimerizzati per almeno 60 secondi, poiché sono TPO-free.</p>",GEL.IT.UP Italy,,,Gel Polish,TRUE,Title,Default Title,,,,,,,,2434 SunTouched Shimmer -HTF,11000,shopify,0,deny,manual,7.41,,TRUE,TRUE,,,,,,https://cdn.shopify.com/s/files/1/0947/5545/5242/files/download_318db95f-17dd-4615-99c8-84f078347f05.webp?v=1777740443,1,,FALSE,,,,kg,,,active
2513-misty-dove-htf,2513 Misty Dove -HTF,"<p>Tutti i gel polish devono essere polimerizzati per almeno 60 secondi, poiché sono TPO-free.</p>",GEL.IT.UP Italy,,,"Solid Gel Colours, Grey, Gel Polish",TRUE,Title,Default Title,Grey,,,,,,,2513 Misty Dove -HTF,11000,shopify,0,deny,manual,7.41,,TRUE,TRUE,,,,,,https://cdn.shopify.com/s/files/1/0947/5545/5242/files/download_4f1a809c-943a-4a07-bd9a-cd0b79abaf93.webp?v=1777740434,1,,FALSE,,,,kg,,,active
liquid-polygel-lpg6-htf,Liquid Polygel #LPG6 -HTF,,GEL.IT.UP Italy,,,,TRUE,Title,Default Title,,,,,,,,Liquid Polygel #LPG6 -HTF,0,shopify,0,deny,manual,9.61,,TRUE,TRUE,,,,,,https://cdn.shopify.com/s/files/1/0947/5545/5242/files/download_7f889fcf-6b33-46dd-8728-333248b4a858.webp?v=1777740435,1,,FALSE,,,,kg,,,active
velvet-cat-eye-vce06-htf,Velvet Cat Eye #VCE06 -HTF,"<p>Tutti i gel polish devono essere polimerizzati per almeno 60 secondi, poiché sono TPO-free.</p>",GEL.IT.UP Italy,,,Gel Polish,TRUE,Title,Default Title,,,,,,,,Velvet Cat Eye #VCE06 -HTF,11000,shopify,0,deny,manual,9.03,,TRUE,TRUE,,,,,,https://cdn.shopify.com/s/files/1/0947/5545/5242/files/download_1cc33a31-29f6-4be8-aafe-39b3e68e24de.webp?v=1777740426,1,,FALSE,,,,kg,,,active
06-spring-breath-htf,06 Spring Breath -HTF,"<p>Tutti i gel polish devono essere polimerizzati per almeno 60 secondi, poiché sono TPO-free.</p>",GEL.IT.UP Italy,Uncategorized,,Gel Polish,TRUE,Title,Default Title,,,,,,,,06 Spring Breath -HTF,11000,shopify,0,deny,manual,7.41,,TRUE,TRUE,,,,,,https://cdn.shopify.com/s/files/1/0947/5545/5242/files/GIUP-06.webp?v=1777818547,1,,FALSE,,,,kg,,,active
photoperfect-cuticle-oil-new,PhotoPerfect Cuticle Oil New,"<p>Photo Perfect Cuticle Oil 15ml: olio secco per cuticole, ideale per foto perfette. Idrata, nutre e si assorbe rapidamente senza ungere. Con ingredienti naturali e pratico pennello applicatore.</p>",GEL.IT.UP Italy,,,,TRUE,Title,Default Title,,,,,,,,PhotoPerfect Cuticle Oil New,0,shopify,0,deny,manual,6.66,,TRUE,TRUE,,,,,,https://cdn.shopify.com/s/files/1/0947/5545/5242/files/download_344b4fef-1b27-4b98-9f1f-4c86c4e6aa5c.webp?v=1777740417,1,,FALSE,,,,kg,,,active
n011-berry-me-softly-htf,N011 Berry Me Softly -HTF,"<p>Tutti i gel polish devono essere polimerizzati per almeno 60 secondi, poiché sono TPO-free.</p>",GEL.IT.UP Italy,,,Gel Polish,TRUE,Title,Default Title,,,,,,,,N011 Berry Me Softly -HTF,11000,shopify,0,deny,manual,7.41,,TRUE,TRUE,,,,,,https://cdn.shopify.com/s/files/1/0947/5545/5242/files/download_686089ab-f423-4187-ab9f-e3dc4f00f7db.webp?v=1777740417,1,,FALSE,,,,kg,,,active
1944-glint-of-hope-htf,1944 Glint of Hope -HTF,"<p>Tutti i gel polish devono essere polimerizzati per almeno 60 secondi, poiché sono TPO-free.</p>",GEL.IT.UP Italy,,,Gel Polish,TRUE,Title,Default Title,,,,,,,,1944 Glint of Hope -HTF,11000,shopify,0,deny,manual,7.41,,TRUE,TRUE,,,,,,https://cdn.shopify.com/s/files/1/0947/5545/5242/files/download_5a6c4c52-5185-4017-9b2c-f6eccaf8fe61.webp?v=1777740410,1,,FALSE,,,,kg,,,active
multimix-synthogel-60gr-clear-glitter-htf,MultiMix Synthogel 60gr Clear Glitter -HTF,"<p>Formula di alta qualità che unisce la resistenza dell’acrilico alla facilità del gel. Ideale per rinforzo dell’unghia naturale e ricostruzioni, non cola, è inodore e non brucia in lampada. Applicabile con Dual Form, Nail Forms o tecnica libera. 100% HEMA/TPO-free.</p>",GEL.IT.UP Italy,,,,TRUE,Title,Default Title,,,,,,,,MultiMix Synthogel 60gr Clear Glitter -HTF,60000,shopify,0,deny,manual,21.29,,TRUE,TRUE,,,,,,https://cdn.shopify.com/s/files/1/0947/5545/5242/files/download_f5d898cf-909d-4320-9037-cc5054d48cb6.webp?v=1777740410,1,,FALSE,,,,kg,,,active
1820-not-on-purpose-htf,1820 Not on PurPose -HTF,"<p>Tutti i gel polish devono essere polimerizzati per almeno 60 secondi, poiché sono TPO-free.</p>",GEL.IT.UP Italy,,,"Solid Gel Colours, Purple, Gel Polish",TRUE,Title,Default Title,Purple,,,,,,,1820 Not on PurPose -HTF,11000,shopify,0,deny,manual,7.41,,TRUE,TRUE,,,,,,https://cdn.shopify.com/s/files/1/0947/5545/5242/files/download_7c55ef60-8dd4-4d32-94d6-880200a7724b.webp?v=1777740402,1,,FALSE,,,,kg,,,active
5-in-1-superior-base-15ml-lemon-serenity-htf,5-in-1 Superior Base 15ml Lemon Serenity -HTF,"<p>La GEL.IT.UP 5-in-1 Base Coat è una base multifunzione che offre cinque utilizzi in un unico flacone: base per gel polish semipermanente, rinforzo per unghie sottili e fragili, gel modellante per piccole correzioni, base adesiva per strass e decorazioni 3D, e gel per piccoli allungamenti e rinforzo dell’unghia naturale.</p>",GEL.IT.UP Italy,,,,TRUE,Title,Default Title,,,,,,,,5-in-1 Superior Base 15ml Lemon Serenity -HTF,15000,shopify,0,deny,manual,12.84,,TRUE,TRUE,,,,,,https://cdn.shopify.com/s/files/1/0947/5545/5242/files/download_c05e874d-c6cc-4266-9723-c88532fd5c0e.webp?v=1777740402,1,,FALSE,,,,kg,,,active
fan07-htf,FAN07 -HTF,"<p>Tutti i gel polish devono essere polimerizzati per almeno 60 secondi, poiché sono TPO-free.</p>",GEL.IT.UP Italy,Animals & Pet Supplies > Pet Supplies > Bird Supplies > Bird Cage Accessories,,Gel Polish,TRUE,Title,Default Title,,,,,,,,FAN07 -HTF,11000,shopify,0,deny,manual,9.67,,TRUE,TRUE,,,,,,https://cdn.shopify.com/s/files/1/0947/5545/5242/files/download_9028f55d-20bb-48f5-a3a9-1828933f6c5a.webp?v=1777740395,1,,FALSE,,,,kg,,,active
2107-htf,2107 -HTF,"<p>Tutti i gel polish devono essere polimerizzati per almeno 60 secondi, poiché sono TPO-free.</p>",GEL.IT.UP Italy,,,Gel Polish,TRUE,Title,Default Title,,,,,,,,2107 -HTF,11000,shopify,0,deny,manual,7.41,,TRUE,TRUE,,,,,,https://cdn.shopify.com/s/files/1/0947/5545/5242/files/download_f02ab856-f532-4083-81f6-e89fcb447de9.webp?v=1777740387,1,,FALSE,,,,kg,,,active
107-strawbs-and-cream-htf,107 Strawbs and Cream -HTF,"<p>Tutti i gel polish devono essere polimerizzati per almeno 60 secondi, poiché sono TPO-free.</p>",GEL.IT.UP Italy,,,"Solid Gel Colours, Pink, Gel Polish",TRUE,Title,Default Title,Pink,,,,,,,107 Strawbs and Cream -HTF,11000,shopify,0,deny,manual,7.41,,TRUE,TRUE,,,,,,https://cdn.shopify.com/s/files/1/0947/5545/5242/files/download_f02ab856-f532-4083-81f6-e89fcb447de9.webp?v=1777740387,1,,FALSE,,,,kg,,,active
shimmer-collection-sh5-htf,Shimmer Collection #SH5 -HTF,"<p>Tutti i gel polish devono essere polimerizzati per almeno 60 secondi, poiché sono TPO-free.</p>",GEL.IT.UP Italy,,,Gel Polish,TRUE,Title,Default Title,,,,,,,,Shimmer Collection #SH5 -HTF,11000,shopify,0,deny,manual,7.41,,TRUE,TRUE,,,,,,https://cdn.shopify.com/s/files/1/0947/5545/5242/files/download_5d1c88df-f841-4fa9-b7da-1d714536f7b6.webp?v=1777740387,1,,FALSE,,,,kg,,,active
n017-pale-petal-htf,N017 Pale Petal -HTF,"<p>Tutti i gel polish devono essere polimerizzati per almeno 60 secondi, poiché sono TPO-free.</p>",GEL.IT.UP Italy,,,Gel Polish,TRUE,Title,Default Title,,,,,,,,N017 Pale Petal -HTF,11000,shopify,0,deny,manual,7.41,,TRUE,TRUE,,,,,,https://cdn.shopify.com/s/files/1/0947/5545/5242/files/download_d2a2ad27-734b-4f25-9997-b4eea6ef6a88.webp?v=1777740379,1,,FALSE,,,,kg,,,active
tuttie-fruity-glass-tfg05-htf,Tuttie Fruity Glass #TFG05 -HTF,"<p>Tutti i gel polish devono essere polimerizzati per almeno 60 secondi, poiché sono TPO-free.</p>",GEL.IT.UP Italy,,,Gel Polish,TRUE,Title,Default Title,,,,,,,,Tuttie Fruity Glass #TFG05 -HTF,11000,shopify,0,deny,manual,7.41,,TRUE,TRUE,,,,,,https://cdn.shopify.com/s/files/1/0947/5545/5242/files/download_8a9f68b8-8398-4bf3-a1cc-43849a35d64b.webp?v=1777740379,1,,FALSE,,,,kg,,,active
2311-calypso-htf,2311 Calypso -HTF,"<p>Tutti i gel polish devono essere polimerizzati per almeno 60 secondi, poiché sono TPO-free.</p>",GEL.IT.UP Italy,,,Gel Polish,TRUE,Title,Default Title,,,,,,,,2311 Calypso -HTF,11000,shopify,0,deny,manual,7.41,,TRUE,TRUE,,,,,,https://cdn.shopify.com/s/files/1/0947/5545/5242/files/download_b523fb8a-1120-4b75-87e6-d4459f0e89d9.webp?v=1777740371,1,,FALSE,,,,kg,,,active
38-under-the-cover-htf,38 Under the Cover -HTF,"<p>Tutti i gel polish devono essere polimerizzati per almeno 60 secondi, poiché sono TPO-free.</p>",GEL.IT.UP Italy,,,"Solid Gel Colours, Coral Orange, Gel Polish",TRUE,Title,Default Title,Coral Orange,,,,,,,38 Under the Cover -HTF,11000,shopify,0,deny,manual,7.41,,TRUE,TRUE,,,,,,https://cdn.shopify.com/s/files/1/0947/5545/5242/files/download_7b3b1ed8-d5e2-4eb0-b7df-b1c221581eec.webp?v=1777740371,1,,FALSE,,,,kg,,,active
gel-it-up-1-r18-11ml-htf,GEL.IT.UP 1 R18 11ml -HTF,"<p>Tutti i gel polish devono essere polimerizzati per almeno 60 secondi, poiché sono TPO-free.</p>",GEL.IT.UP Italy,,,Gel Polish,TRUE,Title,Default Title,,,,,,,,GEL.IT.UP 1 R18 11ml -HTF,11000,shopify,0,deny,manual,8.97,,TRUE,TRUE,,,,,,https://cdn.shopify.com/s/files/1/0947/5545/5242/files/download_805e2a7e-1f9c-48a2-af99-2e08ac72eeeb.webp?v=1777740364,1,,FALSE,,,,kg,,,active
70-bubbles-htf,70 Bubbles -HTF,"<p>Tutti i gel polish devono essere polimerizzati per almeno 60 secondi, poiché sono TPO-free.</p>",GEL.IT.UP Italy,,,"Solid Gel Colours, Blue, Gel Polish",TRUE,Title,Default Title,Blue,,,,,,,70 Bubbles -HTF,11000,shopify,0,deny,manual,7.41,,TRUE,TRUE,,,,,,https://cdn.shopify.com/s/files/1/0947/5545/5242/files/download_2f8165b9-460c-44ea-ba63-1b080a0ddea7.webp?v=1777740363,1,,FALSE,,,,kg,,,active
giup-9a,GIUP 9A,"<p>Tutti i gel polish devono essere polimerizzati per almeno 60 secondi, poiché sono TPO-free.</p>",GEL.IT.UP Italy,,,Gel Polish,TRUE,Title,Default Title,,,,,,,,GIUP 9A,11000,shopify,0,deny,manual,7.41,,TRUE,TRUE,,,,,,https://cdn.shopify.com/s/files/1/0947/5545/5242/files/download_6dc470c5-0979-4924-9480-1b390a66cae8.webp?v=1777740356,1,,FALSE,,,,kg,,,active
09a-au-pli-louis-htf,09A Au Pli Louis -HTF,"<p>Tutti i gel polish devono essere polimerizzati per almeno 60 secondi, poiché sono TPO-free.</p>",GEL.IT.UP Italy,,,Gel Polish,TRUE,Title,Default Title,,,,,,,,09A Au Pli Louis -HTF,11000,shopify,0,deny,manual,7.41,,TRUE,TRUE,,,,,,https://cdn.shopify.com/s/files/1/0947/5545/5242/files/download_6dc470c5-0979-4924-9480-1b390a66cae8.webp?v=1777740356,1,,FALSE,,,,kg,,,active
2037-htf,2037 -HTF,"<p>Tutti i gel polish devono essere polimerizzati per almeno 60 secondi, poiché sono TPO-free.</p>",GEL.IT.UP Italy,,,Gel Polish,TRUE,Title,Default Title,,,,,,,,2037 -HTF,11000,shopify,0,deny,manual,7.41,,TRUE,TRUE,,,,,,https://cdn.shopify.com/s/files/1/0947/5545/5242/files/download_78051cf2-f757-4cfe-912c-57fc1c25c174.webp?v=1777740349,1,,FALSE,,,,kg,,,active
2057-curfew-htf,2057 Curfew -HTF,"<p>Tutti i gel polish devono essere polimerizzati per almeno 60 secondi, poiché sono TPO-free.</p>",GEL.IT.UP Italy,,,"Solid Gel Colours, Pink, Gel Polish",TRUE,Title,Default Title,Pink,,,,,,,2057 Curfew -HTF,11000,shopify,0,deny,manual,7.41,,TRUE,TRUE,,,,,,https://cdn.shopify.com/s/files/1/0947/5545/5242/files/download_e0d40083-c7ef-48e7-8c25-591ae4cb173b.webp?v=1777740349,1,,FALSE,,,,kg,,,active
pma-6-pop-popsicle-pink-htf,PMA #6 Pop Popsicle Pink -HTF,"<p>Tutti i gel polish devono essere polimerizzati per almeno 60 secondi, poiché sono TPO-free.</p>",GEL.IT.UP Italy,,,Gel Polish,TRUE,Title,Default Title,,,,,,,,PMA #6 Pop Popsicle Pink -HTF,11000,shopify,0,deny,manual,7.41,,TRUE,TRUE,,,,,,https://cdn.shopify.com/s/files/1/0947/5545/5242/files/download_1b7859f4-1acf-4518-a2db-43ff1dbf9328.webp?v=1777740342,1,,FALSE,,,,kg,,,active
29-screaming-queen-htf,29 Screaming Queen -HTF,"<p>Tutti i gel polish devono essere polimerizzati per almeno 60 secondi, poiché sono TPO-free.</p>",GEL.IT.UP Italy,,,"Solid Gel Colours, Neon, Gel Polish",TRUE,Title,Default Title,Neon,,,,,,,29 Screaming Queen -HTF,11000,shopify,0,deny,manual,7.41,,TRUE,TRUE,,,,,,https://cdn.shopify.com/s/files/1/0947/5545/5242/files/download_97831e46-468a-4747-ba0a-0cb1bf4de099.webp?v=1777740341,1,,FALSE,,,,kg,,,active
glass-cat-eye-gce06-htf,Glass Cat Eye #GCE06 -HTF,"<p>Tutti i gel polish devono essere polimerizzati per almeno 60 secondi, poiché sono TPO-free.</p>",GEL.IT.UP Italy,,,Gel Polish,TRUE,Title,Default Title,,,,,,,,Glass Cat Eye #GCE06 -HTF,11000,shopify,0,deny,manual,8.32,,TRUE,TRUE,,,,,,https://cdn.shopify.com/s/files/1/0947/5545/5242/files/download_62e2b40d-8ff1-4a52-bcb7-cb152a299a52.webp?v=1777740333,1,,FALSE,,,,kg,,,active
2113d-rose-moonlight-htf,2113D Rose Moonlight -HTF,"<p>Tutti i gel polish devono essere polimerizzati per almeno 60 secondi, poiché sono TPO-free.</p>",GEL.IT.UP Italy,,,Gel Polish,TRUE,Title,Default Title,,,,,,,,2113D Rose Moonlight -HTF,11000,shopify,0,deny,manual,7.36,,TRUE,TRUE,,,,,,https://cdn.shopify.com/s/files/1/0947/5545/5242/files/download_2426564f-d0f8-494a-a479-14f0f7946347.webp?v=1777740331,1,,FALSE,,,,kg,,,active
pma-1-champagne-blizzard-htf,PMA #1 Champagne Blizzard -HTF,"<p>Tutti i gel polish devono essere polimerizzati per almeno 60 secondi, poiché sono TPO-free.</p>",GEL.IT.UP Italy,,,Gel Polish,TRUE,Title,Default Title,,,,,,,,PMA #1 Champagne Blizzard -HTF,11000,shopify,0,deny,manual,7.41,,TRUE,TRUE,,,,,,https://cdn.shopify.com/s/files/1/0947/5545/5242/files/download_d13f9cb2-65f3-4cca-94c0-cb16bbdb419e.webp?v=1777740324,1,,FALSE,,,,kg,,,active
2600-cloud-dancer-htf,2600 Cloud Dancer -HTF,"<p>Tutti i gel polish devono essere polimerizzati per almeno 60 secondi, poiché sono TPO-free.</p>",GEL.IT.UP Italy,,,Gel Polish,TRUE,Title,Default Title,,,,,,,,2600 Cloud Dancer -HTF,11000,shopify,0,deny,manual,7.41,,TRUE,TRUE,,,,,,https://cdn.shopify.com/s/files/1/0947/5545/5242/files/download_b56ca15b-e741-4d6a-8e52-17f83ae1bf31.webp?v=1777740323,1,,FALSE,,,,kg,,,active
soak-off-gel-tips-short-almond,SOAK OFF GEL TIPS SHORT ALMOND,,GEL.IT.UP Italy,,,,TRUE,Title,Default Title,,,,,,,,SOAK OFF GEL TIPS SHORT ALMOND,0,shopify,0,deny,manual,8.97,,TRUE,TRUE,,,,,,https://cdn.shopify.com/s/files/1/0947/5545/5242/files/download_77ea955f-bef3-4fb3-94ed-19f31cfef366.webp?v=1777740317,1,,FALSE,,,,kg,,,active
nail-files-with-back-glue-120-packet-of-10,Nail Files With Back Glue 120 Packet of 10,"<p>Lima professionale di alta qualità, ideale per modellare, levigare e rifinire unghie naturali, gel e ricostruzioni con precisione.</p>",GEL.IT.UP Italy,,,,TRUE,Title,Default Title,,,,,,,,Nail Files With Back Glue 120 Packet of 10,0,shopify,0,deny,manual,3.81,,TRUE,TRUE,,,,,,https://cdn.shopify.com/s/files/1/0947/5545/5242/files/download_51b706d8-3170-4347-a4a2-79e428a59f78.webp?v=1777740316,1,,FALSE,,,,kg,,,active
2413-indecisive-htf,2413 Indecisive -HTF,"<p>Tutti i gel polish devono essere polimerizzati per almeno 60 secondi, poiché sono TPO-free.</p>",GEL.IT.UP Italy,,,Gel Polish,TRUE,Title,Default Title,,,,,,,,2413 Indecisive -HTF,11000,shopify,0,deny,manual,7.41,,TRUE,TRUE,,,,,,https://cdn.shopify.com/s/files/1/0947/5545/5242/files/download_12a8ea48-5621-4acd-aa54-cf4f827fb5c1.webp?v=1777740308,1,,FALSE,,,,kg,,,active
liquid-polygel-lpg4-htf,Liquid Polygel #LPG4 -HTF,,GEL.IT.UP Italy,,,,TRUE,Title,Default Title,,,,,,,,Liquid Polygel #LPG4 -HTF,0,shopify,0,deny,manual,9.61,,TRUE,TRUE,,,,,,https://cdn.shopify.com/s/files/1/0947/5545/5242/files/download_62dd2209-bbf3-45d2-8b73-26c61fed7485.webp?v=1777740309,1,,FALSE,,,,kg,,,active
mt03-spot-my-top-htf,MT03 Spot my top -HTF,,GEL.IT.UP Italy,,,,TRUE,Title,Default Title,,,,,,,,MT03 Spot my top -HTF,11000,shopify,0,deny,manual,8.97,,TRUE,TRUE,,,,,,https://cdn.shopify.com/s/files/1/0947/5545/5242/files/download_6f253496-3e06-41ed-b2ff-e1c774059fd9.webp?v=1777740301,1,,FALSE,,,,kg,,,active
2207-htf,2207 -HTF,"<p>Tutti i gel polish devono essere polimerizzati per almeno 60 secondi, poiché sono TPO-free.</p>",GEL.IT.UP Italy,,,"Solid Gel Colours, Pink, Gel Polish",TRUE,Title,Default Title,Pink,,,,,,,2207 -HTF,11000,shopify,0,deny,manual,7.41,,TRUE,TRUE,,,,,,https://cdn.shopify.com/s/files/1/0947/5545/5242/files/download_a79125d0-09f7-49d7-b2b9-f8cd2ad49f48.webp?v=1777740300,1,,FALSE,,,,kg,,,active
2419-dipsy-htf,2419 Dipsy -HTF,"<p>Tutti i gel polish devono essere polimerizzati per almeno 60 secondi, poiché sono TPO-free.</p>",GEL.IT.UP Italy,,,"Solid Gel Colours, Green, Gel Polish",TRUE,Title,Default Title,Green,,,,,,,2419 Dipsy -HTF,11000,shopify,0,deny,manual,7.41,,TRUE,TRUE,,,,,,https://cdn.shopify.com/s/files/1/0947/5545/5242/files/download_554d8686-6341-4bbf-8d79-ee79b7c705b3.webp?v=1777740293,1,,FALSE,,,,kg,,,active
brush-on-builder-gel-cover-15ml-htf,Brush on Builder Gel Cover 15ml -HTF,"<p>Brush On Builder è un BIAB autolivellante in flacone, ideale per rinforzare, modellare e perfezionare l’unghia naturale. Adatto anche per piccoli allungamenti fino a 3 mm.</p>",GEL.IT.UP Italy,,,,TRUE,Title,Default Title,,,,,,,,Brush on Builder Gel Cover 15ml -HTF,15000,shopify,0,deny,manual,11.94,,TRUE,TRUE,,,,,,https://cdn.shopify.com/s/files/1/0947/5545/5242/files/download_0122f059-ea85-4596-a197-61374a1d9536.webp?v=1777740293,1,,FALSE,,,,kg,,,active
2221-collapsed-creme-caramel-htf,2221 Collapsed Créme Caramel -HTF,"<p>Tutti i gel polish devono essere polimerizzati per almeno 60 secondi, poiché sono TPO-free.</p>",GEL.IT.UP Italy,,,Gel Polish,TRUE,Title,Default Title,,,,,,,,2221 Collapsed Créme Caramel -HTF,11000,shopify,0,deny,manual,7.41,,TRUE,TRUE,,,,,,https://cdn.shopify.com/s/files/1/0947/5545/5242/files/download_67ba90de-1991-4fb5-aaee-2b5119daa73f.webp?v=1777740285,1,,FALSE,,,,kg,,,active
212-girls-bff-htf,212 Girls BFF -HTF,"<p>Tutti i gel polish devono essere polimerizzati per almeno 60 secondi, poiché sono TPO-free.</p>",GEL.IT.UP Italy,,,Gel Polish,TRUE,Title,Default Title,,,,,,,,212 Girls BFF -HTF,11000,shopify,0,deny,manual,7.41,,TRUE,TRUE,,,,,,https://cdn.shopify.com/s/files/1/0947/5545/5242/files/download_5e08c01b-10cf-4bc4-b450-a874b6521bc2.webp?v=1777740286,1,,FALSE,,,,kg,,,active
64-tuscany-htf,64 Tuscany -HTF,"<p>Tutti i gel polish devono essere polimerizzati per almeno 60 secondi, poiché sono TPO-free.</p>",GEL.IT.UP Italy,,,"Solid Gel Colours, Red, Gel Polish",TRUE,Title,Default Title,Red,,,,,,,64 Tuscany -HTF,11000,shopify,0,deny,manual,7.41,,TRUE,TRUE,,,,,,https://cdn.shopify.com/s/files/1/0947/5545/5242/files/download_c04f390a-0317-488f-b4b0-eef7bd24b1e6.webp?v=1777740278,1,,FALSE,,,,kg,,,active
by-the-ocean-bto04-htf,By The Ocean BTO04 -HTF,"<p>Tutti i gel polish devono essere polimerizzati per almeno 60 secondi, poiché sono TPO-free.</p>",GEL.IT.UP Italy,,,Gel Polish,TRUE,Title,Default Title,,,,,,,,By The Ocean BTO04 -HTF,11000,shopify,0,deny,manual,8.32,,TRUE,TRUE,,,,,,https://cdn.shopify.com/s/files/1/0947/5545/5242/files/download_0d2c2203-aae6-427e-8c2b-bcfaeb5eadcb.webp?v=1777740279,1,,FALSE,,,,kg,,,active
5-in-1-superior-base-15ml-soft-nude-htf,5-IN-1 Superior Base 15ml Soft Nude -HTF,"<p>La GEL.IT.UP 5-in-1 Base Coat è una base multifunzione che offre cinque utilizzi in un unico flacone: base per gel polish semipermanente, rinforzo per unghie sottili e fragili, gel modellante per piccole correzioni, base adesiva per strass e decorazioni 3D, e gel per piccoli allungamenti e rinforzo dell’unghia naturale.</p>",GEL.IT.UP Italy,,,,TRUE,Title,Default Title,,,,,,,,5-IN-1 Superior Base 15ml Soft Nude -HTF,15000,shopify,0,deny,manual,12.84,,TRUE,TRUE,,,,,,https://cdn.shopify.com/s/files/1/0947/5545/5242/files/download_26527f56-bf61-4789-9ecf-e378aa0b8c1c.webp?v=1777740271,1,,FALSE,,,,kg,,,active
134-obsessive-htf,134 Obsessive -HTF,"<p>Tutti i gel polish devono essere polimerizzati per almeno 60 secondi, poiché sono TPO-free.</p>",GEL.IT.UP Italy,,,"Solid Gel Colours, Purple, Gel Polish",TRUE,Title,Default Title,Purple,,,,,,,134 Obsessive -HTF,11000,shopify,0,deny,manual,7.41,,TRUE,TRUE,,,,,,https://cdn.shopify.com/s/files/1/0947/5545/5242/files/download_3ea04e5f-353a-4460-87d8-e26845ceefd5.webp?v=1777740266,1,,FALSE,,,,kg,,,active
2113f-jet-black-flash-htf,2113F Jet Black Flash -HTF,"<p>Tutti i gel polish devono essere polimerizzati per almeno 60 secondi, poiché sono TPO-free.</p>",GEL.IT.UP Italy,,,Gel Polish,TRUE,Title,Default Title,,,,,,,,2113F Jet Black Flash -HTF,11000,shopify,0,deny,manual,7.36,,TRUE,TRUE,,,,,,https://cdn.shopify.com/s/files/1/0947/5545/5242/files/download_490db791-95d8-4274-8aca-7977f9334e99.webp?v=1777740264,1,,FALSE,,,,kg,,,active
26-electric-lime-htf,26 Electric Lime -HTF,"<p>Tutti i gel polish devono essere polimerizzati per almeno 60 secondi, poiché sono TPO-free.</p>",GEL.IT.UP Italy,,,"Solid Gel Colours, Neon, Gel Polish",TRUE,Title,Default Title,Neon,,,,,,,26 Electric Lime -HTF,11000,shopify,0,deny,manual,7.41,,TRUE,TRUE,,,,,,https://cdn.shopify.com/s/files/1/0947/5545/5242/files/download_7db2add4-af7c-42c0-8d42-ecf9f1cb766b.webp?v=1777740256,1,,FALSE,,,,kg,,,active
fan11-htf,FAN11 -HTF,"<p>Tutti i gel polish devono essere polimerizzati per almeno 60 secondi, poiché sono TPO-free.</p>",GEL.IT.UP Italy,Animals & Pet Supplies > Pet Supplies > Bird Supplies > Bird Cage Accessories,,Gel Polish,TRUE,Title,Default Title,,,,,,,,FAN11 -HTF,11000,shopify,0,deny,manual,9.67,,TRUE,TRUE,,,,,,https://cdn.shopify.com/s/files/1/0947/5545/5242/files/download_9f10fb9a-ce93-4c91-b77f-162958fb2761.webp?v=1777740256,1,,FALSE,,,,kg,,,active
2025-calm-palm-htf,2025 Calm Palm -HTF,"<p>Tutti i gel polish devono essere polimerizzati per almeno 60 secondi, poiché sono TPO-free.</p>",GEL.IT.UP Italy,,,"Solid Gel Colours, Green, Gel Polish",TRUE,Title,Default Title,Green,,,,,,,2025 Calm Palm -HTF,11000,shopify,0,deny,manual,7.41,,TRUE,TRUE,,,,,,https://cdn.shopify.com/s/files/1/0947/5545/5242/files/download_257f0d92-cb4f-440e-85b2-17f0be1f11e4.webp?v=1777740248,1,,FALSE,,,,kg,,,active
multimix-synthogel-60gr-glitter-gold-htf,MultiMix Synthogel 60gr Glitter Gold -HTF,"<p>Formula di alta qualità che unisce la resistenza dell’acrilico alla facilità del gel. Ideale per rinforzo dell’unghia naturale e ricostruzioni, non cola, è inodore e non brucia in lampada. Applicabile con Dual Form, Nail Forms o tecnica libera. 100% HEMA/TPO-free.</p>",GEL.IT.UP Italy,,,,TRUE,Title,Default Title,,,,,,,,MultiMix Synthogel 60gr Glitter Gold -HTF,60000,shopify,0,deny,manual,21.29,,TRUE,TRUE,,,,,,https://cdn.shopify.com/s/files/1/0947/5545/5242/files/download_beba9395-e4fb-4180-a514-89ea864332ed.webp?v=1777740248,1,,FALSE,,,,kg,,,active
2449-its-gonna-be-my-favourite-htf,2449 Its Gonna Be My Favourite -HTF,"<p>Tutti i gel polish devono essere polimerizzati per almeno 60 secondi, poiché sono TPO-free.</p>",GEL.IT.UP Italy,,,"Solid Gel Colours, Blue, Gel Polish",TRUE,Title,Default Title,Blue,,,,,,,2449 Its Gonna Be My Favourite -HTF,11000,shopify,0,deny,manual,7.41,,TRUE,TRUE,,,,,,https://cdn.shopify.com/s/files/1/0947/5545/5242/files/download_7ddd640a-801d-41a1-8368-d80235b036e3.webp?v=1777740241,1,,FALSE,,,,kg,,,active
gel-it-up-1-r29-11ml-htf,GEL.IT.UP 1 R29 11ml -HTF,"<p>Tutti i gel polish devono essere polimerizzati per almeno 60 secondi, poiché sono TPO-free.</p>",GEL.IT.UP Italy,,,Gel Polish,TRUE,Title,Default Title,,,,,,,,GEL.IT.UP 1 R29 11ml -HTF,11000,shopify,0,deny,manual,8.97,,TRUE,TRUE,,,,,,https://cdn.shopify.com/s/files/1/0947/5545/5242/files/download_816dadce-9d96-4675-a794-767eedcd8c52.webp?v=1777740240,1,,FALSE,,,,kg,,,active
2144-htf,2144 -HTF,"<p>Tutti i gel polish devono essere polimerizzati per almeno 60 secondi, poiché sono TPO-free.</p>",GEL.IT.UP Italy,,,"Solid Gel Colours, Grey, Gel Polish",TRUE,Title,Default Title,Grey,,,,,,,2144 -HTF,11000,shopify,0,deny,manual,7.41,,TRUE,TRUE,,,,,,https://cdn.shopify.com/s/files/1/0947/5545/5242/files/download_41693991-6cc7-4981-a455-a1b4cfb6617d.webp?v=1777740233,1,,FALSE,,,,kg,,,active
n025-latte-mouse-htf,N025 Latte Mouse -HTF,"<p>Tutti i gel polish devono essere polimerizzati per almeno 60 secondi, poiché sono TPO-free.</p>",GEL.IT.UP Italy,,,Gel Polish,TRUE,Title,Default Title,,,,,,,,N025 Latte Mouse -HTF,11000,shopify,0,deny,manual,7.41,,TRUE,TRUE,,,,,,https://cdn.shopify.com/s/files/1/0947/5545/5242/files/download_03d5e982-35ec-4641-aa12-470e080c0919.webp?v=1777740232,1,,FALSE,,,,kg,,,active
73-smurfboard-htf,73 Smurfboard -HTF,"<p>Tutti i gel polish devono essere polimerizzati per almeno 60 secondi, poiché sono TPO-free.</p>",GEL.IT.UP Italy,,,"Solid Gel Colours, Blue, Gel Polish",TRUE,Title,Default Title,Blue,,,,,,,73 Smurfboard -HTF,11000,shopify,0,deny,manual,7.41,,TRUE,TRUE,,,,,,https://cdn.shopify.com/s/files/1/0947/5545/5242/files/download_2a76d564-be4c-468d-bdcb-de4b117ecfe0.webp?v=1777740225,1,,FALSE,,,,kg,,,active
2141-salamander-s-realm-htf,2141 Salamander’s Realm -HTF,"<p>Tutti i gel polish devono essere polimerizzati per almeno 60 secondi, poiché sono TPO-free.</p>",GEL.IT.UP Italy,,,"Solid Gel Colours, Grey, Gel Polish",TRUE,Title,Default Title,Grey,,,,,,,2141 Salamander’s Realm -HTF,11000,shopify,0,deny,manual,7.41,,TRUE,TRUE,,,,,,https://cdn.shopify.com/s/files/1/0947/5545/5242/files/download_ef2197cd-141f-4e95-827a-4529dd1da4d4.webp?v=1777740224,1,,FALSE,,,,kg,,,active
2126-late-night-hopes-htf,2126 Late Night Hopes -HTF,"<p>Tutti i gel polish devono essere polimerizzati per almeno 60 secondi, poiché sono TPO-free.</p>",GEL.IT.UP Italy,,,"Solid Gel Colours, Grey, Gel Polish",TRUE,Title,Default Title,Grey,,,,,,,2126 Late Night Hopes -HTF,11000,shopify,0,deny,manual,7.41,,TRUE,TRUE,,,,,,https://cdn.shopify.com/s/files/1/0947/5545/5242/files/download_8e01b426-19e8-49a8-89f9-276cdda0ff25.webp?v=1777740217,1,,FALSE,,,,kg,,,active
126-moody-monday-htf,126 Moody Monday -HTF,"<p>Tutti i gel polish devono essere polimerizzati per almeno 60 secondi, poiché sono TPO-free.</p>",GEL.IT.UP Italy,,,"Solid Gel Colours, Purple, Gel Polish",TRUE,Title,Default Title,Purple,,,,,,,126 Moody Monday -HTF,11000,shopify,0,deny,manual,7.41,,TRUE,TRUE,,,,,,https://cdn.shopify.com/s/files/1/0947/5545/5242/files/download_8e01b426-19e8-49a8-89f9-276cdda0ff25.webp?v=1777740217,1,,FALSE,,,,kg,,,active
2322-amathyst-awakening-htf,2322 Amathyst Awakening -HTF,"<p>Tutti i gel polish devono essere polimerizzati per almeno 60 secondi, poiché sono TPO-free.</p>",GEL.IT.UP Italy,,,"Solid Gel Colours, Purple, Gel Polish",TRUE,Title,Default Title,Purple,,,,,,,2322 Amathyst Awakening -HTF,11000,shopify,0,deny,manual,7.41,,TRUE,TRUE,,,,,,https://cdn.shopify.com/s/files/1/0947/5545/5242/files/download_f93769df-699b-4a68-8a0f-35d7b5ff5500.webp?v=1777740209,1,,FALSE,,,,kg,,,active
703-electric-stingray-htf,703 Electric Stingray -HTF,"<p>Tutti i gel polish devono essere polimerizzati per almeno 60 secondi, poiché sono TPO-free.</p>",GEL.IT.UP Italy,,,"Solid Gel Colours, Blue, Gel Polish",TRUE,Title,Default Title,Blue,,,,,,,703 Electric Stingray -HTF,11000,shopify,0,deny,manual,7.41,,TRUE,TRUE,,,,,,https://cdn.shopify.com/s/files/1/0947/5545/5242/files/download_b94f75ad-23fb-40e7-9187-310af9f00640.webp?v=1777740210,1,,FALSE,,,,kg,,,active
25-glowstick-htf,25 Glowstick -HTF,"<p>Tutti i gel polish devono essere polimerizzati per almeno 60 secondi, poiché sono TPO-free.</p>",GEL.IT.UP Italy,,,"Solid Gel Colours, Yellow, Gel Polish",TRUE,Title,Default Title,Yellow,,,,,,,25 Glowstick -HTF,11000,shopify,0,deny,manual,7.41,,TRUE,TRUE,,,,,,https://cdn.shopify.com/s/files/1/0947/5545/5242/files/download_0180047c-2db4-4fd7-81f5-9ea863d153eb.webp?v=1777740202,1,,FALSE,,,,kg,,,active
2219-htf,2219 Captain Obvious -HTF,"<p>Tutti i gel polish devono essere polimerizzati per almeno 60 secondi, poiché sono TPO-free.</p>",GEL.IT.UP Italy,Uncategorized,,"Solid Gel Colours, Green, Gel Polish",TRUE,Title,Default Title,Green,,,,,,,2219 -HTF,11000,shopify,0,deny,manual,7.41,,TRUE,TRUE,,,,,,https://cdn.shopify.com/s/files/1/0947/5545/5242/files/download_7abab2fc-90f7-4b97-accd-0b178ab6d523.webp?v=1777740202,1,,FALSE,,,,kg,,,active
gel-it-up-foot-cream-100ml-silky-bliss-new,GEL IT UP FOOT CREAM 100ml SILKY BLISS NEW,"<p>Con Aloe biologica e un cocktail unico di ingredienti attivi, profuma e idrata la pelle. Si assorbe rapidamente e non lascia residui grassi. Ingredienti: Aloe Vera biologica, Acido Ialuronico, Pantenolo.</p>",GEL.IT.UP Italy,,,,TRUE,Title,Default Title,,,,,,,,GEL IT UP FOOT CREAM 100ml SILKY BLISS NEW,100000,shopify,0,deny,manual,5.16,,TRUE,TRUE,,,,,,https://cdn.shopify.com/s/files/1/0947/5545/5242/files/download_ec1eeabc-e891-4981-bd03-eae9f813ed2b.webp?v=1777740195,1,,FALSE,,,,kg,,,active
2460-venice-mask-htf,2460 Venice Mask -HTF,"<p>Tutti i gel polish devono essere polimerizzati per almeno 60 secondi, poiché sono TPO-free.</p>",GEL.IT.UP Italy,,,"Solid Gel Colours, Red, Gel Polish",TRUE,Title,Default Title,Red,,,,,,,2460 Venice Mask -HTF,11000,shopify,0,deny,manual,7.41,,TRUE,TRUE,,,,,,https://cdn.shopify.com/s/files/1/0947/5545/5242/files/download_d2a6f78c-f3f8-4303-8b9f-3b1fe2bef604.webp?v=1777740194,1,,FALSE,,,,kg,,,active
n018-chic-htf,N018 Chic -HTF,"<p>Tutti i gel polish devono essere polimerizzati per almeno 60 secondi, poiché sono TPO-free.</p>",GEL.IT.UP Italy,,,Gel Polish,TRUE,Title,Default Title,,,,,,,,N018 Chic -HTF,11000,shopify,0,deny,manual,7.41,,TRUE,TRUE,,,,,,https://cdn.shopify.com/s/files/1/0947/5545/5242/files/download_06f6c7cf-149f-4c70-be2a-e1d2b5b8765c.webp?v=1777740187,1,,FALSE,,,,kg,,,active
5-in-1-superior-base-15ml-sweet-pink-htf,5-in-1 Superior Base 15ml Sweet Pink -HTF,"<p>La GEL.IT.UP 5-in-1 Base Coat è una base multifunzione che offre cinque utilizzi in un unico flacone: base per gel polish semipermanente, rinforzo per unghie sottili e fragili, gel modellante per piccole correzioni, base adesiva per strass e decorazioni 3D, e gel per piccoli allungamenti e rinforzo dell’unghia naturale.</p>",GEL.IT.UP Italy,,,,TRUE,Title,Default Title,,,,,,,,5-in-1 Superior Base 15ml Sweet Pink -HTF,15000,shopify,0,deny,manual,12.84,,TRUE,TRUE,,,,,,https://cdn.shopify.com/s/files/1/0947/5545/5242/files/download_7da1fcf0-a838-4b86-be15-9cb69c711fd1.webp?v=1777740187,1,,FALSE,,,,kg,,,active
multimix-synthogel-30gr-clear-htf,MultiMix Synthogel 30gr Clear -HTF,"<p>Formula di alta qualità che unisce la resistenza dell’acrilico alla facilità del gel. Ideale per rinforzo dell’unghia naturale e ricostruzioni, non cola, è inodore e non brucia in lampada. Applicabile con Dual Form, Nail Forms o tecnica libera. 100% HEMA/TPO-free.</p>",GEL.IT.UP Italy,,,,TRUE,Title,Default Title,,,,,,,,MultiMix Synthogel 30gr Clear -HTF,30000,shopify,0,deny,manual,12.19,,TRUE,TRUE,,,,,,https://cdn.shopify.com/s/files/1/0947/5545/5242/files/download_0f757cb0-d54b-4e45-8ab2-0ae16e21ab79.webp?v=1777740179,1,,FALSE,,,,kg,,,active
223-starlet-blue-htf,223 Starlet Blue -HTF,"<p>Tutti i gel polish devono essere polimerizzati per almeno 60 secondi, poiché sono TPO-free.</p>",GEL.IT.UP Italy,,,Gel Polish,TRUE,Title,Default Title,,,,,,,,223 Starlet Blue -HTF,11000,shopify,0,deny,manual,7.41,,TRUE,TRUE,,,,,,https://cdn.shopify.com/s/files/1/0947/5545/5242/files/download_767b223e-f4bb-4132-a9ee-6a15509c62b9.webp?v=1777740174,1,,FALSE,,,,kg,,,active
2611-angel-pink-htf,2611 Angel Pink -HTF,"<p>Tutti i gel polish devono essere polimerizzati per almeno 60 secondi, poiché sono TPO-free.</p>",GEL.IT.UP Italy,,,"Solid Gel Colours, Coral Orange, Gel Polish",TRUE,Title,Default Title,Coral Orange,,,,,,,2611 Angel Pink -HTF,11000,shopify,0,deny,manual,7.41,,TRUE,TRUE,,,,,,https://cdn.shopify.com/s/files/1/0947/5545/5242/files/download_580455c0-8b67-4901-8cc3-cb896ae6a19c.webp?v=1777740172,1,,FALSE,,,,kg,,,active
shimmer-top-fairy-stf-03-htf,Shimmer Top Fairy #STF 03 -HTF,<p>Bellissimi glitter top coat per un finish finale luminoso e impeccabile.</p>,GEL.IT.UP Italy,,,,TRUE,Title,Default Title,,,,,,,,Shimmer Top Fairy #STF 03 -HTF,11000,shopify,0,deny,manual,8.97,,TRUE,TRUE,,,,,,https://cdn.shopify.com/s/files/1/0947/5545/5242/files/download_9fa1128c-5b58-47bc-bdff-dca3edcd0c94.webp?v=1777740166,1,,FALSE,,,,kg,,,active
5-in-1-superior-base-15ml-clear-htf,5-in-1 Superior Base 15ml Clear -HTF,"<p>La GEL.IT.UP 5-in-1 Base Coat è una base multifunzione che offre cinque utilizzi in un unico flacone: base per gel polish semipermanente, rinforzo per unghie sottili e fragili, gel modellante per piccole correzioni, base adesiva per strass e decorazioni 3D, e gel per piccoli allungamenti e rinforzo dell’unghia naturale.</p>",GEL.IT.UP Italy,,,,TRUE,Title,Default Title,,,,,,,,5-in-1 Superior Base 15ml Clear -HTF,15000,shopify,0,deny,manual,12.84,,TRUE,TRUE,,,,,,https://cdn.shopify.com/s/files/1/0947/5545/5242/files/download_f19d6864-e654-48d5-83df-ef6549fcbc2a.webp?v=1777740165,1,,FALSE,,,,kg,,,active
2212-htf,2212 Ghosted -HTF,"<p>Tutti i gel polish devono essere polimerizzati per almeno 60 secondi, poiché sono TPO-free.</p>",GEL.IT.UP Italy,Uncategorized,,Gel Polish,TRUE,Title,Default Title,,,,,,,,2212 -HTF,11,shopify,0,deny,manual,7.41,,TRUE,TRUE,,,,,,https://cdn.shopify.com/s/files/1/0947/5545/5242/files/GIUP-2212.webp?v=1777820189,1,,FALSE,,,,kg,,,active
fan13-htf,FAN13 -HTF,"<p>Tutti i gel polish devono essere polimerizzati per almeno 60 secondi, poiché sono TPO-free.</p>",GEL.IT.UP Italy,Animals & Pet Supplies > Pet Supplies > Bird Supplies > Bird Cage Accessories,,Gel Polish,TRUE,Title,Default Title,,,,,,,,FAN13 -HTF,11000,shopify,0,deny,manual,9.67,,TRUE,TRUE,,,,,,https://cdn.shopify.com/s/files/1/0947/5545/5242/files/download_5766da9d-78c3-4489-b656-3d6a55f59382.webp?v=1777740157,1,,FALSE,,,,kg,,,active
giup-2h,GIUP 2H,"<p>Tutti i gel polish devono essere polimerizzati per almeno 60 secondi, poiché sono TPO-free.</p>",GEL.IT.UP Italy,,,Gel Polish,TRUE,Title,Default Title,,,,,,,,GIUP 2H,11000,shopify,0,deny,manual,7.41,,TRUE,TRUE,,,,,,https://cdn.shopify.com/s/files/1/0947/5545/5242/files/GIUP-2H.webp?v=1777734367,1,,FALSE,,,,kg,,,active
02h-rose-bonbon-htf,02H Rose Bonbon -HTF,"<p>Tutti i gel polish devono essere polimerizzati per almeno 60 secondi, poiché sono TPO-free.</p>",GEL.IT.UP Italy,,,Gel Polish,TRUE,Title,Default Title,,,,,,,,02H Rose Bonbon -HTF,11000,shopify,0,deny,manual,7.41,,TRUE,TRUE,,,,,,https://cdn.shopify.com/s/files/1/0947/5545/5242/files/GIUP-2H.webp?v=1777734367,1,,FALSE,,,,kg,,,active
02h-rose-bonbon-htf,,,,,,,,,,,,,,,,,,,,,,,,,,,,,,,,https://cdn.shopify.com/s/files/1/0947/5545/5242/files/download_2075ea5e-0b18-4345-8115-3cca2f5a1eaa.webp?v=1777740149,2,,,,,,,,,
2217-pouting-porpoise-htf,2217 Pouting Porpoise -HTF,"<p>Tutti i gel polish devono essere polimerizzati per almeno 60 secondi, poiché sono TPO-free.</p>",GEL.IT.UP Italy,,,"Solid Gel Colours, Green, Gel Polish",TRUE,Title,Default Title,Green,,,,,,,2217 Pouting Porpoise -HTF,11000,shopify,0,deny,manual,7.41,,TRUE,TRUE,,,,,,https://cdn.shopify.com/s/files/1/0947/5545/5242/files/GIUP-2217.webp?v=1777734362,1,,FALSE,,,,kg,,,active
2217-htf,2217 Pouting Porpoise -HTF,"<p>Tutti i gel polish devono essere polimerizzati per almeno 60 secondi, poiché sono TPO-free.</p>",GEL.IT.UP Italy,Uncategorized,,Gel Polish,TRUE,Title,Default Title,,,,,,,,2217 -HTF,11000,shopify,0,deny,manual,7.41,,TRUE,TRUE,,,,,,https://cdn.shopify.com/s/files/1/0947/5545/5242/files/GIUP-2217.webp?v=1777734362,1,,FALSE,,,,kg,,,active
2332-back-off-htf,2332 Back Off -HTF,"<p>Tutti i gel polish devono essere polimerizzati per almeno 60 secondi, poiché sono TPO-free.</p>",GEL.IT.UP Italy,,,"Solid Gel Colours, Grey, Gel Polish",TRUE,Title,Default Title,Grey,,,,,,,2332 Back Off -HTF,11000,shopify,0,deny,manual,7.41,,TRUE,TRUE,,,,,,https://cdn.shopify.com/s/files/1/0947/5545/5242/files/GIUP-2332.webp?v=1777734358,1,,FALSE,,,,kg,,,active
2332-back-off-htf,,,,,,"Solid Gel Colours, Grey, Gel Polish",,,,Grey,,,,,,,,,,,,,,,,,,,,,,https://cdn.shopify.com/s/files/1/0947/5545/5242/files/download_8bccee25-662c-4683-8f26-4fe6ed4c5979.webp?v=1777740139,2,,,,,,,,,
fr03-garnet-htf,FR03 Garnet -HTF,"<p>Tutti i gel polish devono essere polimerizzati per almeno 60 secondi, poiché sono TPO-free.</p>",GEL.IT.UP Italy,,,Gel Polish,TRUE,Title,Default Title,,,,,,,,FR03 Garnet -HTF,11000,shopify,0,deny,manual,7.41,,TRUE,TRUE,,,,,,https://cdn.shopify.com/s/files/1/0947/5545/5242/files/GIUP-FR03.webp?v=1777734357,1,,FALSE,,,,kg,,,active
fr03-garnet-htf,,,,,,,,,,,,,,,,,,,,,,,,,,,,,,,,https://cdn.shopify.com/s/files/1/0947/5545/5242/files/download_f123580b-cba0-4c21-9d05-db00bbad0e35.webp?v=1777740135,2,,,,,,,,,
velvet-cat-eye-vce05-htf,Velvet Cat Eye #VCE05 -HTF,"<p>Tutti i gel polish devono essere polimerizzati per almeno 60 secondi, poiché sono TPO-free.</p>",GEL.IT.UP Italy,,,Gel Polish,TRUE,Title,Default Title,,,,,,,,Velvet Cat Eye #VCE05 -HTF,11000,shopify,0,deny,manual,9.03,,TRUE,TRUE,,,,,,https://cdn.shopify.com/s/files/1/0947/5545/5242/files/Velvet_Cat_Eye_VCE05_-HTF.webp?v=1777734353,1,,FALSE,,,,kg,,,active
velvet-cat-eye-vce05-htf,,,,,,,,,,,,,,,,,,,,,,,,,,,,,,,,https://cdn.shopify.com/s/files/1/0947/5545/5242/files/download_cc876748-b88b-4afa-9dbc-fb9773a5ec23.webp?v=1777740132,2,,,,,,,,,
05-snow-queen-htf,05 Snow Queen -HTF,"<p>Tutti i gel polish devono essere polimerizzati per almeno 60 secondi, poiché sono TPO-free.</p>",GEL.IT.UP Italy,Uncategorized,,Gel Polish,TRUE,Title,Default Title,,,,,,,,05 Snow Queen -HTF,11000,shopify,0,deny,manual,7.41,,TRUE,TRUE,,,,,,https://cdn.shopify.com/s/files/1/0947/5545/5242/files/GIUP-05.webp?v=1777818513,1,,FALSE,,,,kg,,,active
2507-aqua-splash-htf,2507 Aqua Splash -HTF,"<p>Tutti i gel polish devono essere polimerizzati per almeno 60 secondi, poiché sono TPO-free.</p>",GEL.IT.UP Italy,,,"Solid Gel Colours, Blue, Gel Polish",TRUE,Title,Default Title,Blue,,,,,,,2507 Aqua Splash -HTF,11000,shopify,0,deny,manual,7.41,,TRUE,TRUE,,,,,,https://cdn.shopify.com/s/files/1/0947/5545/5242/files/GIUP-2507.webp?v=1777734345,1,,FALSE,,,,kg,,,active
2507-aqua-splash-htf,,,,,,"Solid Gel Colours, Blue, Gel Polish",,,,Blue,,,,,,,,,,,,,,,,,,,,,,https://cdn.shopify.com/s/files/1/0947/5545/5242/files/download_6a587aa3-a195-4ee3-b70b-abe5501b0927.webp?v=1777740124,2,,,,,,,,,
2447-colour-of-dreams-htf,2447 Colour of Dreams -HTF,"<p>Tutti i gel polish devono essere polimerizzati per almeno 60 secondi, poiché sono TPO-free.</p>",GEL.IT.UP Italy,,,Gel Polish,TRUE,Title,Default Title,,,,,,,,2447 Colour of Dreams -HTF,11000,shopify,0,deny,manual,7.41,,TRUE,TRUE,,,,,,https://cdn.shopify.com/s/files/1/0947/5545/5242/files/GIUP-2447.webp?v=1777734346,1,,FALSE,,,,kg,,,active
2447-colour-of-dreams-htf,,,,,,,,,,,,,,,,,,,,,,,,,,,,,,,,https://cdn.shopify.com/s/files/1/0947/5545/5242/files/download_58be5434-b20f-4383-bda5-b5ee32f21322.webp?v=1777740124,2,,,,,,,,,
gel-it-up-1-r02-11ml-htf,GEL.IT.UP 1 R02 11ml -HTF,"<p>Tutti i gel polish devono essere polimerizzati per almeno 60 secondi, poiché sono TPO-free.</p>",GEL.IT.UP Italy,,,Gel Polish,TRUE,Title,Default Title,,,,,,,,GEL.IT.UP 1 R02 11ml -HTF,11000,shopify,0,deny,manual,8.97,,TRUE,TRUE,,,,,,https://cdn.shopify.com/s/files/1/0947/5545/5242/files/GIUP-R02.webp?v=1777734340,1,,FALSE,,,,kg,,,active
gel-it-up-1-r02-11ml-htf,,,,,,,,,,,,,,,,,,,,,,,,,,,,,,,,https://cdn.shopify.com/s/files/1/0947/5545/5242/files/download_a6651fa2-1e87-43b1-9247-ca7f7e85861b.webp?v=1777740117,2,,,,,,,,,
20-lemon-swirl-htf,20 Lemon Swirl -HTF,"<p>Tutti i gel polish devono essere polimerizzati per almeno 60 secondi, poiché sono TPO-free.</p>",GEL.IT.UP Italy,,,"Solid Gel Colours, Yellow, Gel Polish",TRUE,Title,Default Title,Yellow,,,,,,,20 Lemon Swirl -HTF,11000,shopify,0,deny,manual,7.41,,TRUE,TRUE,,,,,,https://cdn.shopify.com/s/files/1/0947/5545/5242/files/GIUP-20.webp?v=1777734339,1,,FALSE,,,,kg,,,active
20-lemon-swirl-htf,,,,,,"Solid Gel Colours, Yellow, Gel Polish",,,,Yellow,,,,,,,,,,,,,,,,,,,,,,https://cdn.shopify.com/s/files/1/0947/5545/5242/files/download_79c42c25-843c-4a6e-82da-1b10d450cf19.webp?v=1777740116,2,,,,,,,,,
1912-heat-overload-thermo-glow-htf,1912 Heat Overload (Thermo /Glow) -HTF,"<p>Tutti i gel polish devono essere polimerizzati per almeno 60 secondi, poiché sono TPO-free.</p>",GEL.IT.UP Italy,,,"Solid Gel Colours, Purple, Gel Polish",TRUE,Title,Default Title,Purple,,,,,,,1912 Heat Overload (Thermo /Glow) -HTF,11000,shopify,0,deny,manual,7.41,,TRUE,TRUE,,,,,,https://cdn.shopify.com/s/files/1/0947/5545/5242/files/GIUP-1912.webp?v=1777734333,1,,FALSE,,,,kg,,,active
1912-heat-overload-thermo-glow-htf,,,,,,"Solid Gel Colours, Purple, Gel Polish",,,,Purple,,,,,,,,,,,,,,,,,,,,,,https://cdn.shopify.com/s/files/1/0947/5545/5242/files/download_e68a4c0e-3f1e-4acd-b653-35731559f428.webp?v=1777740108,2,,,,,,,,,
2422-mango-mania-htf,2422 Mango Mania -HTF,"<p>Tutti i gel polish devono essere polimerizzati per almeno 60 secondi, poiché sono TPO-free.</p>",GEL.IT.UP Italy,,,"Solid Gel Colours, Coral Orange, Gel Polish",TRUE,Title,Default Title,Coral Orange,,,,,,,2422 Mango Mania -HTF,11000,shopify,0,deny,manual,7.41,,TRUE,TRUE,,,,,,https://cdn.shopify.com/s/files/1/0947/5545/5242/files/GIUP-2422.webp?v=1777734334,1,,FALSE,,,,kg,,,active
2422-mango-mania-htf,,,,,,"Solid Gel Colours, Coral Orange, Gel Polish",,,,Coral Orange,,,,,,,,,,,,,,,,,,,,,,https://cdn.shopify.com/s/files/1/0947/5545/5242/files/download_f4dbc7b2-288b-4b36-aa7e-e925c407ddf6.webp?v=1777740108,2,,,,,,,,,
2402-mother-of-the-bride-htf,2402 Mother of the Bride -HTF,"<p>Tutti i gel polish devono essere polimerizzati per almeno 60 secondi, poiché sono TPO-free.</p>",GEL.IT.UP Italy,Uncategorized,,Gel Polish,TRUE,Title,Default Title,,,,,,,,2402 Mother of the Bride -HTF,11000,shopify,0,deny,manual,7.41,,TRUE,TRUE,,,,,,https://cdn.shopify.com/s/files/1/0947/5545/5242/files/GIUP-2402.webp?v=1777821067,1,,FALSE,,,,kg,,,active
2301-marry-me-please-htf,"2301 Marry Me, Please -HTF","<p>Tutti i gel polish devono essere polimerizzati per almeno 60 secondi, poiché sono TPO-free.</p>",GEL.IT.UP Italy,,,Gel Polish,TRUE,Title,Default Title,,,,,,,,"2301 Marry Me, Please -HTF",11000,shopify,0,deny,manual,7.41,,TRUE,TRUE,,,,,,https://cdn.shopify.com/s/files/1/0947/5545/5242/files/GIUP-2301.webp?v=1777734328,1,,FALSE,,,,kg,,,active
2301-marry-me-please-htf,,,,,,,,,,,,,,,,,,,,,,,,,,,,,,,,https://cdn.shopify.com/s/files/1/0947/5545/5242/files/download_061afbff-3f22-4513-9f1d-2445b92d3bd6.webp?v=1777740101,2,,,,,,,,,
satin-matt-rs-top-15-ml-htf,Satin Matt RS Top 15 ml -HTF,,GEL.IT.UP Italy,,,,TRUE,Title,Default Title,,,,,,,,Satin Matt RS Top 15 ml -HTF,15000,shopify,0,deny,manual,11.54,,TRUE,TRUE,,,,,,https://cdn.shopify.com/s/files/1/0947/5545/5242/files/Satin_Matt_RS_Top_15_ml_-HTF.webp?v=1777734323,1,,FALSE,,,,kg,,,active
satin-matt-rs-top-15-ml-htf,,,,,,,,,,,,,,,,,,,,,,,,,,,,,,,,https://cdn.shopify.com/s/files/1/0947/5545/5242/files/download_ec36ba41-1857-424d-bad0-81a536183859.webp?v=1777740094,2,,,,,,,,,
129-smoke-on-the-water-htf,129 Smoke on the Water -HTF,"<p>Tutti i gel polish devono essere polimerizzati per almeno 60 secondi, poiché sono TPO-free.</p>",GEL.IT.UP Italy,,,"Solid Gel Colours, Purple, Gel Polish",TRUE,Title,Default Title,Purple,,,,,,,129 Smoke on the Water -HTF,11000,shopify,0,deny,manual,7.41,,TRUE,TRUE,,,,,,https://cdn.shopify.com/s/files/1/0947/5545/5242/files/GIUP-129.webp?v=1777734321,1,,FALSE,,,,kg,,,active
129-smoke-on-the-water-htf,,,,,,"Solid Gel Colours, Purple, Gel Polish",,,,Purple,,,,,,,,,,,,,,,,,,,,,,https://cdn.shopify.com/s/files/1/0947/5545/5242/files/download_c2c39505-647c-48e5-803e-e78b0df17b2a.webp?v=1777740094,2,,,,,,,,,
tr05-mirror-x5-powder,TR05 Mirror X5 Powder,"<p>Aggiungi brillantezza alle tue unghie con i Mirror Powders, disponibili in 7 tonalità uniche. Dal silver luminoso al rose gold più deciso, sono ideali per professionisti e amanti della nail art.</p>",GEL.IT.UP Italy,,,,TRUE,Title,Default Title,,,,,,,,TR05 Mirror X5 Powder,0,shopify,0,deny,manual,5.15,,TRUE,TRUE,,,,,,https://cdn.shopify.com/s/files/1/0947/5545/5242/files/MIRROR_X5_8ad13dbd-6a2a-494c-ad05-52b594f5c68f.webp?v=1777734316,1,,FALSE,,,,kg,,,active
tr05-mirror-x5-powder,,,,,,,,,,,,,,,,,,,,,,,,,,,,,,,,https://cdn.shopify.com/s/files/1/0947/5545/5242/files/download_c9bb837f-d96b-469e-8a26-57528df15ef3.webp?v=1777740087,2,,,,,,,,,
2610-twilight-air-htf,2610 Twilight Air -HTF,"<p>Tutti i gel polish devono essere polimerizzati per almeno 60 secondi, poiché sono TPO-free.</p>",GEL.IT.UP Italy,,,Gel Polish,TRUE,Title,Default Title,,,,,,,,2610 Twilight Air -HTF,11000,shopify,0,deny,manual,7.41,,TRUE,TRUE,,,,,,https://cdn.shopify.com/s/files/1/0947/5545/5242/files/GIUP-2610.webp?v=1777734314,1,,FALSE,,,,kg,,,active
2610-twilight-air-htf,,,,,,,,,,,,,,,,,,,,,,,,,,,,,,,,https://cdn.shopify.com/s/files/1/0947/5545/5242/files/download_b7724223-a2e0-4a31-a26f-f022f344d999.webp?v=1777740086,2,,,,,,,,,
2607-silent-altitude-htf,2607 Silent Altitude -HTF,"<p>Tutti i gel polish devono essere polimerizzati per almeno 60 secondi, poiché sono TPO-free.</p>",GEL.IT.UP Italy,,,Gel Polish,TRUE,Title,Default Title,,,,,,,,2607 Silent Altitude -HTF,11000,shopify,0,deny,manual,7.41,,TRUE,TRUE,,,,,,https://cdn.shopify.com/s/files/1/0947/5545/5242/files/GIUP-2607.webp?v=1777734308,1,,FALSE,,,,kg,,,active
2607-silent-altitude-htf,,,,,,,,,,,,,,,,,,,,,,,,,,,,,,,,https://cdn.shopify.com/s/files/1/0947/5545/5242/files/download_f74f2cd8-2eac-4864-bed9-4e75f804dd9b.webp?v=1777740078,2,,,,,,,,,
2330-twinkling-twighlight-lagoon-htf,2330 Twinkling Twighlight Lagoon -HTF,"<p>Tutti i gel polish devono essere polimerizzati per almeno 60 secondi, poiché sono TPO-free.</p>",GEL.IT.UP Italy,,,Gel Polish,TRUE,Title,Default Title,,,,,,,,2330 Twinkling Twighlight Lagoon -HTF,11000,shopify,0,deny,manual,7.41,,TRUE,TRUE,,,,,,https://cdn.shopify.com/s/files/1/0947/5545/5242/files/GIUP-2330.webp?v=1777734309,1,,FALSE,,,,kg,,,active
2330-twinkling-twighlight-lagoon-htf,,,,,,,,,,,,,,,,,,,,,,,,,,,,,,,,https://cdn.shopify.com/s/files/1/0947/5545/5242/files/download_51058823-e003-4029-80b9-2f5afce96725.webp?v=1777740079,2,,,,,,,,,
2442-chocolate-crepes-htf,2442 Chocolate Crepes -HTF,"<p>Tutti i gel polish devono essere polimerizzati per almeno 60 secondi, poiché sono TPO-free.</p>",GEL.IT.UP Italy,,,"Solid Gel Colours, Brown, Gel Polish",TRUE,Title,Default Title,Brown,,,,,,,2442 Chocolate Crepes -HTF,11000,shopify,0,deny,manual,7.41,,TRUE,TRUE,,,,,,https://cdn.shopify.com/s/files/1/0947/5545/5242/files/GIUP-2442.webp?v=1777734302,1,,FALSE,,,,kg,,,active
2442-chocolate-crepes-htf,,,,,,"Solid Gel Colours, Brown, Gel Polish",,,,Brown,,,,,,,,,,,,,,,,,,,,,,https://cdn.shopify.com/s/files/1/0947/5545/5242/files/download_1a529183-9032-4eaf-b3f9-7083fb1be96f.webp?v=1777740070,2,,,,,,,,,
2440-peacko-peacko-htf,2440 Peacko Peacko -HTF,"<p>Tutti i gel polish devono essere polimerizzati per almeno 60 secondi, poiché sono TPO-free.</p>",GEL.IT.UP Italy,,,"Solid Gel Colours, Green, Gel Polish",TRUE,Title,Default Title,Green,,,,,,,2440 Peacko Peacko -HTF,11000,shopify,0,deny,manual,7.41,,TRUE,TRUE,,,,,,https://cdn.shopify.com/s/files/1/0947/5545/5242/files/GIUP-2440.webp?v=1777734302,1,,FALSE,,,,kg,,,active
2440-peacko-peacko-htf,,,,,,"Solid Gel Colours, Green, Gel Polish",,,,Green,,,,,,,,,,,,,,,,,,,,,,https://cdn.shopify.com/s/files/1/0947/5545/5242/files/download_47ccafa2-c610-4fb4-89ad-f66ac8edaf96.webp?v=1777740070,2,,,,,,,,,
97-spirit-of-the-ocean-htf,97 Spirit of the Ocean -HTF,"<p>Tutti i gel polish devono essere polimerizzati per almeno 60 secondi, poiché sono TPO-free.</p>",GEL.IT.UP Italy,,,"Solid Gel Colours, Green, Gel Polish",TRUE,Title,Default Title,Green,,,,,,,97 Spirit of the Ocean -HTF,11000,shopify,0,deny,manual,7.41,,TRUE,TRUE,,,,,,https://cdn.shopify.com/s/files/1/0947/5545/5242/files/GIUP-97.webp?v=1777734296,1,,FALSE,,,,kg,,,active
97-spirit-of-the-ocean-htf,,,,,,"Solid Gel Colours, Green, Gel Polish",,,,Green,,,,,,,,,,,,,,,,,,,,,,https://cdn.shopify.com/s/files/1/0947/5545/5242/files/download_0c233be6-1870-47b8-abe3-506a313b57f7.webp?v=1777740064,2,,,,,,,,,
jelly-neon-flash-jnf06-htf,Jelly Neon Flash #JNF06 -HTF,"<p>Tutti i gel polish devono essere polimerizzati per almeno 60 secondi, poiché sono TPO-free.</p>",GEL.IT.UP Italy,,,Gel Polish,TRUE,Title,Default Title,,,,,,,,Jelly Neon Flash #JNF06 -HTF,11000,shopify,0,deny,manual,7.41,,TRUE,TRUE,,,,,,https://cdn.shopify.com/s/files/1/0947/5545/5242/files/Jelly_Neon_Flash_JNF06_-HTF.webp?v=1777734297,1,,FALSE,,,,kg,,,active
jelly-neon-flash-jnf06-htf,,,,,,,,,,,,,,,,,,,,,,,,,,,,,,,,https://cdn.shopify.com/s/files/1/0947/5545/5242/files/download_0ad5dcdd-1841-439d-b474-0c5e0fad2338.webp?v=1777740064,2,,,,,,,,,
1926-eco-savvy-htf,1926 Eco-Savvy -HTF,"<p>Tutti i gel polish devono essere polimerizzati per almeno 60 secondi, poiché sono TPO-free.</p>",GEL.IT.UP Italy,,,"Solid Gel Colours, Coral Orange, Gel Polish",TRUE,Title,Default Title,Coral Orange,,,,,,,1926 Eco-Savvy -HTF,11000,shopify,0,deny,manual,7.41,,TRUE,TRUE,,,,,,https://cdn.shopify.com/s/files/1/0947/5545/5242/files/GIUP-1926.webp?v=1777734291,1,,FALSE,,,,kg,,,active
1926-eco-savvy-htf,,,,,,"Solid Gel Colours, Coral Orange, Gel Polish",,,,Coral Orange,,,,,,,,,,,,,,,,,,,,,,https://cdn.shopify.com/s/files/1/0947/5545/5242/files/download_d7112cc8-eda4-4d67-b715-c49d52520ce0.webp?v=1777740056,2,,,,,,,,,
gel-it-up-1-r19-11ml-htf,GEL.IT.UP 1 R19 11ml -HTF,"<p>Tutti i gel polish devono essere polimerizzati per almeno 60 secondi, poiché sono TPO-free.</p>",GEL.IT.UP Italy,,,Gel Polish,TRUE,Title,Default Title,,,,,,,,GEL.IT.UP 1 R19 11ml -HTF,11000,shopify,0,deny,manual,8.97,,TRUE,TRUE,,,,,,https://cdn.shopify.com/s/files/1/0947/5545/5242/files/GIUP-R019.webp?v=1777734291,1,,FALSE,,,,kg,,,active
gel-it-up-1-r19-11ml-htf,,,,,,,,,,,,,,,,,,,,,,,,,,,,,,,,https://cdn.shopify.com/s/files/1/0947/5545/5242/files/download_2f762076-18cb-4867-b612-6964476dbc4a.webp?v=1777740055,2,,,,,,,,,
2526-double-jeopardy-htf,2526 Double Jeopardy -HTF,"<p>Tutti i gel polish devono essere polimerizzati per almeno 60 secondi, poiché sono TPO-free.</p>",GEL.IT.UP Italy,,,"Solid Gel Colours, Purple, Gel Polish",TRUE,Title,Default Title,Purple,,,,,,,2526 Double Jeopardy -HTF,11000,shopify,0,deny,manual,7.41,,TRUE,TRUE,,,,,,https://cdn.shopify.com/s/files/1/0947/5545/5242/files/GIUP-2526.webp?v=1777734285,1,,FALSE,,,,kg,,,active
2526-double-jeopardy-htf,,,,,,"Solid Gel Colours, Purple, Gel Polish",,,,Purple,,,,,,,,,,,,,,,,,,,,,,https://cdn.shopify.com/s/files/1/0947/5545/5242/files/download_6af6d92f-8ac0-4aba-a8dc-73599e8a49c0.webp?v=1777740048,2,,,,,,,,,
51a-raspberry-ripple-htf,51A Raspberry Ripple -HTF,"<p>Tutti i gel polish devono essere polimerizzati per almeno 60 secondi, poiché sono TPO-free.</p>",GEL.IT.UP Italy,,,"Solid Gel Colours, Red, Gel Polish",TRUE,Title,Default Title,Red,,,,,,,51A Raspberry Ripple -HTF,11000,shopify,0,deny,manual,7.41,,TRUE,TRUE,,,,,,https://cdn.shopify.com/s/files/1/0947/5545/5242/files/GIUP-51A.webp?v=1777734285,1,,FALSE,,,,kg,,,active
51a-raspberry-ripple-htf,,,,,,"Solid Gel Colours, Red, Gel Polish",,,,Red,,,,,,,,,,,,,,,,,,,,,,https://cdn.shopify.com/s/files/1/0947/5545/5242/files/download_5440f975-9617-44dd-ad09-c95ca314add4.webp?v=1777740047,2,,,,,,,,,
21-mikado-htf,21 Mikado -HTF,"<p>Tutti i gel polish devono essere polimerizzati per almeno 60 secondi, poiché sono TPO-free.</p>",GEL.IT.UP Italy,,,"Solid Gel Colours, Yellow, Gel Polish",TRUE,Title,Default Title,Yellow,,,,,,,21 Mikado -HTF,11000,shopify,0,deny,manual,7.41,,TRUE,TRUE,,,,,,https://cdn.shopify.com/s/files/1/0947/5545/5242/files/GIUP-21.webp?v=1777734279,1,,FALSE,,,,kg,,,active
21-mikado-htf,,,,,,"Solid Gel Colours, Yellow, Gel Polish",,,,Yellow,,,,,,,,,,,,,,,,,,,,,,https://cdn.shopify.com/s/files/1/0947/5545/5242/files/download_964be099-e16d-4180-a8c1-5fabb9b19aed.webp?v=1777740040,2,,,,,,,,,
liquid-polygel-lpg2-htf,Liquid Polygel #LPG2 -HTF,,GEL.IT.UP Italy,,,,TRUE,Title,Default Title,,,,,,,,Liquid Polygel #LPG2 -HTF,0,shopify,0,deny,manual,9.61,,TRUE,TRUE,,,,,,https://cdn.shopify.com/s/files/1/0947/5545/5242/files/LPG2.webp?v=1777734279,1,,FALSE,,,,kg,,,active
liquid-polygel-lpg2-htf,,,,,,,,,,,,,,,,,,,,,,,,,,,,,,,,https://cdn.shopify.com/s/files/1/0947/5545/5242/files/download_05b3e462-f4c4-43df-8da2-039239f3c0fa.webp?v=1777740041,2,,,,,,,,,
mt05-spot-my-top-htf,MT05 Spot my top -HTF,,GEL.IT.UP Italy,,,,TRUE,Title,Default Title,,,,,,,,MT05 Spot my top -HTF,11000,shopify,0,deny,manual,8.97,,TRUE,TRUE,,,,,,https://cdn.shopify.com/s/files/1/0947/5545/5242/files/MT05_Spot_my_top_-HTF.webp?v=1777734273,1,,FALSE,,,,kg,,,active
mt05-spot-my-top-htf,,,,,,,,,,,,,,,,,,,,,,,,,,,,,,,,https://cdn.shopify.com/s/files/1/0947/5545/5242/files/download_8aac5237-48b7-4549-a90f-62d65562464e.webp?v=1777740033,2,,,,,,,,,
multimix-synthogel-60gr-cover-htf,MultiMix Synthogel 60gr Cover -HTF,"<p>Formula di alta qualità che unisce la resistenza dell’acrilico alla facilità del gel. Ideale per rinforzo dell’unghia naturale e ricostruzioni, non cola, è inodore e non brucia in lampada. Applicabile con Dual Form, Nail Forms o tecnica libera. 100% HEMA/TPO-free.</p>",GEL.IT.UP Italy,,,,TRUE,Title,Default Title,,,,,,,,MultiMix Synthogel 60gr Cover -HTF,60000,shopify,0,deny,manual,21.29,,TRUE,TRUE,,,,,,https://cdn.shopify.com/s/files/1/0947/5545/5242/files/multimix_cover_color.webp?v=1777734267,1,,FALSE,,,,kg,,,active
multimix-synthogel-60gr-cover-htf,,,,,,,,,,,,,,,,,,,,,,,,,,,,,,,,https://cdn.shopify.com/s/files/1/0947/5545/5242/files/download_2c14745f-d36f-4991-80e8-a0905c525a0d.webp?v=1777740026,2,,,,,,,,,
n001-geisha-girl-htf,N001 Geisha Girl -HTF,"<p>Tutti i gel polish devono essere polimerizzati per almeno 60 secondi, poiché sono TPO-free.</p>",GEL.IT.UP Italy,,,Gel Polish,TRUE,Title,Default Title,,,,,,,,N001 Geisha Girl -HTF,11000,shopify,0,deny,manual,7.41,,TRUE,TRUE,,,,,,https://cdn.shopify.com/s/files/1/0947/5545/5242/files/GIUP-N001.webp?v=1777734268,1,,FALSE,,,,kg,,,active
n001-geisha-girl-htf,,,,,,,,,,,,,,,,,,,,,,,,,,,,,,,,https://cdn.shopify.com/s/files/1/0947/5545/5242/files/download_4838a702-b3cd-434d-a0db-52d26bd3ded1.webp?v=1777740025,2,,,,,,,,,
2108-aquaholic-htf,2108 Aquaholic -HTF,"<p>Tutti i gel polish devono essere polimerizzati per almeno 60 secondi, poiché sono TPO-free.</p>",GEL.IT.UP Italy,,,Gel Polish,TRUE,Title,Default Title,,,,,,,,2108 Aquaholic -HTF,11000,shopify,0,deny,manual,7.41,,TRUE,TRUE,,,,,,https://cdn.shopify.com/s/files/1/0947/5545/5242/files/GIUP-108.webp?v=1777734260,1,,FALSE,,,,kg,,,active
108-funky-fusion-htf,108 Funky Fusion -HTF,"<p>Tutti i gel polish devono essere polimerizzati per almeno 60 secondi, poiché sono TPO-free.</p>",GEL.IT.UP Italy,,,"Solid Gel Colours, Pink, Gel Polish",TRUE,Title,Default Title,Pink,,,,,,,108 Funky Fusion -HTF,11000,shopify,0,deny,manual,7.41,,TRUE,TRUE,,,,,,https://cdn.shopify.com/s/files/1/0947/5545/5242/files/GIUP-108.webp?v=1777734260,1,,FALSE,,,,kg,,,active
108-funky-fusion-htf,,,,,,"Solid Gel Colours, Pink, Gel Polish",,,,Pink,,,,,,,,,,,,,,,,,,,,,,https://cdn.shopify.com/s/files/1/0947/5545/5242/files/download_19ea6e69-4acf-41db-9dd5-df4dbe86463e.webp?v=1777740019,2,,,,,,,,,
brush-on-builder-gel-pink-15ml-htf,Brush on Builder Gel Pink 15ml -HTF,"<p>Brush On Builder è un BIAB autolivellante in flacone, ideale per rinforzare, modellare e perfezionare l’unghia naturale. Adatto anche per piccoli allungamenti fino a 3 mm.</p>",GEL.IT.UP Italy,,,,TRUE,Title,Default Title,,,,,,,,Brush on Builder Gel Pink 15ml -HTF,15000,shopify,0,deny,manual,11.94,,TRUE,TRUE,,,,,,https://cdn.shopify.com/s/files/1/0947/5545/5242/files/GIUP-BOBPNK.webp?v=1777734259,1,,FALSE,,,,kg,,,active
brush-on-builder-gel-pink-15ml-htf,,,,,,,,,,,,,,,,,,,,,,,,,,,,,,,,https://cdn.shopify.com/s/files/1/0947/5545/5242/files/download_7b2a82fa-607a-49e0-b539-40c15d2e084e.webp?v=1777740015,2,,,,,,,,,
professional-premium-cuticle-nipper-oval-round-fine-cut-7mm-2120-new,"Professional Premium Cuticle Nipper, Oval Round Fine Cut – 7mm 2120 New",,GEL.IT.UP Italy,,,,TRUE,Title,Default Title,,,,,,,,"Professional Premium Cuticle Nipper, Oval Round Fine Cut – 7mm 2120 New",0,shopify,0,deny,manual,13.12,,TRUE,TRUE,,,,,,https://cdn.shopify.com/s/files/1/0947/5545/5242/files/GIUP-120.webp?v=1777734254,1,,FALSE,,,,kg,,,active
120-wisteria-lane-htf,120 Wisteria Lane -HTF,"<p>Tutti i gel polish devono essere polimerizzati per almeno 60 secondi, poiché sono TPO-free.</p>",GEL.IT.UP Italy,,,"Solid Gel Colours, Purple, Gel Polish",TRUE,Title,Default Title,Purple,,,,,,,120 Wisteria Lane -HTF,11000,shopify,0,deny,manual,7.41,,TRUE,TRUE,,,,,,https://cdn.shopify.com/s/files/1/0947/5545/5242/files/GIUP-120.webp?v=1777734254,1,,FALSE,,,,kg,,,active
120-wisteria-lane-htf,,,,,,"Solid Gel Colours, Purple, Gel Polish",,,,Purple,,,,,,,,,,,,,,,,,,,,,,https://cdn.shopify.com/s/files/1/0947/5545/5242/files/download_ae85b02e-858a-49b8-aabc-2ba5f2641bfa.webp?v=1777740011,2,,,,,,,,,
2104-tiny-dancer-htf,2104 Tiny Dancer -HTF,"<p>Tutti i gel polish devono essere polimerizzati per almeno 60 secondi, poiché sono TPO-free.</p>",GEL.IT.UP Italy,,,Gel Polish,TRUE,Title,Default Title,,,,,,,,2104 Tiny Dancer -HTF,11000,shopify,0,deny,manual,7.41,,TRUE,TRUE,,,,,,https://cdn.shopify.com/s/files/1/0947/5545/5242/files/GIUP-104.webp?v=1777734247,1,,FALSE,,,,kg,,,active
104-flamingo-htf,104 Flamingo -HTF,"<p>Tutti i gel polish devono essere polimerizzati per almeno 60 secondi, poiché sono TPO-free.</p>",GEL.IT.UP Italy,,,"Solid Gel Colours, Pink, Gel Polish",TRUE,Title,Default Title,Pink,,,,,,,104 Flamingo -HTF,11000,shopify,0,deny,manual,7.41,,TRUE,TRUE,,,,,,https://cdn.shopify.com/s/files/1/0947/5545/5242/files/GIUP-104.webp?v=1777734247,1,,FALSE,,,,kg,,,active
104-flamingo-htf,,,,,,"Solid Gel Colours, Pink, Gel Polish",,,,Pink,,,,,,,,,,,,,,,,,,,,,,https://cdn.shopify.com/s/files/1/0947/5545/5242/files/download_d46c522d-ea4c-476d-ab0b-c4a3c00e4f65.webp?v=1777740003,2,,,,,,,,,
2113g-jessica-rabbit-dress-htf,2113G Jessica Rabbit Dress -HTF,"<p>Tutti i gel polish devono essere polimerizzati per almeno 60 secondi, poiché sono TPO-free.</p>",GEL.IT.UP Italy,,,Gel Polish,TRUE,Title,Default Title,,,,,,,,2113G Jessica Rabbit Dress -HTF,11000,shopify,0,deny,manual,7.36,,TRUE,TRUE,,,,,,https://cdn.shopify.com/s/files/1/0947/5545/5242/files/GIUP-2113G.webp?v=1777734243,1,,FALSE,,,,kg,,,active
2113g-jessica-rabbit-dress-htf,,,,,,,,,,,,,,,,,,,,,,,,,,,,,,,,https://cdn.shopify.com/s/files/1/0947/5545/5242/files/download_d0944b01-76a1-440a-b187-e45985f6e9b5.webp?v=1777739998,2,,,,,,,,,
2142-master-key-htf,2142 Master key -HTF,"<p>Tutti i gel polish devono essere polimerizzati per almeno 60 secondi, poiché sono TPO-free.</p>",GEL.IT.UP Italy,,,"Solid Gel Colours, Grey, Gel Polish",TRUE,Title,Default Title,Grey,,,,,,,2142 Master key -HTF,11000,shopify,0,deny,manual,7.41,,TRUE,TRUE,,,,,,https://cdn.shopify.com/s/files/1/0947/5545/5242/files/GIUP-2142.webp?v=1777734240,1,,FALSE,,,,kg,,,active
2142-master-key-htf,,,,,,"Solid Gel Colours, Grey, Gel Polish",,,,Grey,,,,,,,,,,,,,,,,,,,,,,https://cdn.shopify.com/s/files/1/0947/5545/5242/files/download_d0f43778-4f1e-481d-9706-e61d02265e5d.webp?v=1777739996,2,,,,,,,,,
2431-lazulite-htf,2431 Lazulite -HTF,"<p>Tutti i gel polish devono essere polimerizzati per almeno 60 secondi, poiché sono TPO-free.</p>",GEL.IT.UP Italy,,,Gel Polish,TRUE,Title,Default Title,,,,,,,,2431 Lazulite -HTF,11000,shopify,0,deny,manual,7.41,,TRUE,TRUE,,,,,,https://cdn.shopify.com/s/files/1/0947/5545/5242/files/GIUP-2431.webp?v=1777734236,1,,FALSE,,,,kg,,,active
2431-lazulite-htf,,,,,,,,,,,,,,,,,,,,,,,,,,,,,,,,https://cdn.shopify.com/s/files/1/0947/5545/5242/files/download_56274ec3-9a9c-4456-aa89-852d46e15921.webp?v=1777739990,2,,,,,,,,,
1943-dancing-shoes-htf,1943 Dancing Shoes -HTF,"<p>Tutti i gel polish devono essere polimerizzati per almeno 60 secondi, poiché sono TPO-free.</p>",GEL.IT.UP Italy,,,"Solid Gel Colours, Red, Gel Polish",TRUE,Title,Default Title,Red,,,,,,,1943 Dancing Shoes -HTF,11000,shopify,0,deny,manual,7.41,,TRUE,TRUE,,,,,,https://cdn.shopify.com/s/files/1/0947/5545/5242/files/GIUP-1943.webp?v=1777734234,1,,FALSE,,,,kg,,,active
1943-dancing-shoes-htf,,,,,,"Solid Gel Colours, Red, Gel Polish",,,,Red,,,,,,,,,,,,,,,,,,,,,,https://cdn.shopify.com/s/files/1/0947/5545/5242/files/download_71b683ce-10cc-496d-99a5-802af17b33c1.webp?v=1777739988,2,,,,,,,,,
22-havanna-banana-htf,22 Havanna Banana -HTF,"<p>Tutti i gel polish devono essere polimerizzati per almeno 60 secondi, poiché sono TPO-free.</p>",GEL.IT.UP Italy,,,"Solid Gel Colours, Yellow, Gel Polish",TRUE,Title,Default Title,Yellow,,,,,,,22 Havanna Banana -HTF,11000,shopify,0,deny,manual,7.41,,TRUE,TRUE,,,,,,https://cdn.shopify.com/s/files/1/0947/5545/5242/files/GIUP-22.webp?v=1777734229,1,,FALSE,,,,kg,,,active
22-havanna-banana-htf,,,,,,"Solid Gel Colours, Yellow, Gel Polish",,,,Yellow,,,,,,,,,,,,,,,,,,,,,,https://cdn.shopify.com/s/files/1/0947/5545/5242/files/download_85835bf6-49f3-488e-8815-ebcc3ba677cb.webp?v=1777739981,2,,,,,,,,,
2307-japanese-spring-htf,2307 Japanese Spring -HTF,"<p>Tutti i gel polish devono essere polimerizzati per almeno 60 secondi, poiché sono TPO-free.</p>",GEL.IT.UP Italy,,,Gel Polish,TRUE,Title,Default Title,,,,,,,,2307 Japanese Spring -HTF,11000,shopify,0,deny,manual,7.41,,TRUE,TRUE,,,,,,https://cdn.shopify.com/s/files/1/0947/5545/5242/files/GIUP-2307.webp?v=1777734229,1,,FALSE,,,,kg,,,active
2307-japanese-spring-htf,,,,,,,,,,,,,,,,,,,,,,,,,,,,,,,,https://cdn.shopify.com/s/files/1/0947/5545/5242/files/download_a78e40ed-3fbb-4790-948a-a8e6be2d6988.webp?v=1777739981,2,,,,,,,,,
2319-iris-intensity-htf,2319 Iris Intensity -HTF,"<p>Tutti i gel polish devono essere polimerizzati per almeno 60 secondi, poiché sono TPO-free.</p>",GEL.IT.UP Italy,,,"Solid Gel Colours, Purple, Gel Polish",TRUE,Title,Default Title,Purple,,,,,,,2319 Iris Intensity -HTF,11000,shopify,0,deny,manual,7.41,,TRUE,TRUE,,,,,,https://cdn.shopify.com/s/files/1/0947/5545/5242/files/GIUP-2319.webp?v=1777734223,1,,FALSE,,,,kg,,,active
2319-iris-intensity-htf,,,,,,"Solid Gel Colours, Purple, Gel Polish",,,,Purple,,,,,,,,,,,,,,,,,,,,,,https://cdn.shopify.com/s/files/1/0947/5545/5242/files/download_3ecdbd06-b090-4a62-ae31-7bf3e62feb32.webp?v=1777739974,2,,,,,,,,,
201-glitt-a-rachi-htf,201 Glitt-A-Rachi -HTF,"<p>Tutti i gel polish devono essere polimerizzati per almeno 60 secondi, poiché sono TPO-free.</p>",GEL.IT.UP Italy,,,Gel Polish,TRUE,Title,Default Title,,,,,,,,201 Glitt-A-Rachi -HTF,11000,shopify,0,deny,manual,7.41,,TRUE,TRUE,,,,,,https://cdn.shopify.com/s/files/1/0947/5545/5242/files/GIUP-201.webp?v=1777734219,1,,FALSE,,,,kg,,,active
201-glitt-a-rachi-htf,,,,,,,,,,,,,,,,,,,,,,,,,,,,,,,,https://cdn.shopify.com/s/files/1/0947/5545/5242/files/download_ec4ece41-11bb-4c81-a7e4-a1a206db146c.webp?v=1777739967,2,,,,,,,,,
84-laguna-htf,84 Laguna -HTF,"<p>Tutti i gel polish devono essere polimerizzati per almeno 60 secondi, poiché sono TPO-free.</p>",GEL.IT.UP Italy,,,"Solid Gel Colours, Green, Gel Polish",TRUE,Title,Default Title,Green,,,,,,,84 Laguna -HTF,11000,shopify,0,deny,manual,7.41,,TRUE,TRUE,,,,,,https://cdn.shopify.com/s/files/1/0947/5545/5242/files/GIUP-84.webp?v=1777734217,1,,FALSE,,,,kg,,,active
84-laguna-htf,,,,,,"Solid Gel Colours, Green, Gel Polish",,,,Green,,,,,,,,,,,,,,,,,,,,,,https://cdn.shopify.com/s/files/1/0947/5545/5242/files/download_abe4c6a3-491f-4347-8213-e2c331768650.webp?v=1777739965,2,,,,,,,,,
giup-2f,GIUP 2F,"<p>Tutti i gel polish devono essere polimerizzati per almeno 60 secondi, poiché sono TPO-free.</p>",GEL.IT.UP Italy,,,Gel Polish,TRUE,Title,Default Title,,,,,,,,GIUP 2F,11000,shopify,0,deny,manual,7.41,,TRUE,TRUE,,,,,,https://cdn.shopify.com/s/files/1/0947/5545/5242/files/GIUP-2F.webp?v=1777734213,1,,FALSE,,,,kg,,,active
02f-oh-marie-oh-marie-htf,02F Oh Marie Oh Marie -HTF,"<p>Tutti i gel polish devono essere polimerizzati per almeno 60 secondi, poiché sono TPO-free.</p>",GEL.IT.UP Italy,,,Gel Polish,TRUE,Title,Default Title,,,,,,,,02F Oh Marie Oh Marie -HTF,11000,shopify,0,deny,manual,7.41,,TRUE,TRUE,,,,,,https://cdn.shopify.com/s/files/1/0947/5545/5242/files/GIUP-2F.webp?v=1777734213,1,,FALSE,,,,kg,,,active
02f-oh-marie-oh-marie-htf,,,,,,,,,,,,,,,,,,,,,,,,,,,,,,,,https://cdn.shopify.com/s/files/1/0947/5545/5242/files/download_39ee1c00-4b57-4e9b-9c1b-835363e63987.webp?v=1777739959,2,,,,,,,,,
131-bubblegum-htf,131 Bubblegum -HTF,"<p>Tutti i gel polish devono essere polimerizzati per almeno 60 secondi, poiché sono TPO-free.</p>",GEL.IT.UP Italy,,,Gel Polish,TRUE,Title,Default Title,,,,,,,,131 Bubblegum -HTF,11000,shopify,0,deny,manual,7.41,,TRUE,TRUE,,,,,,https://cdn.shopify.com/s/files/1/0947/5545/5242/files/GIUP131.webp?v=1777734209,1,,FALSE,,,,kg,,,active
131-bubblegum-htf,,,,,,,,,,,,,,,,,,,,,,,,,,,,,,,,https://cdn.shopify.com/s/files/1/0947/5545/5242/files/download_4693ec8d-8b40-4877-8a16-e344533cc091.webp?v=1777739955,2,,,,,,,,,
146-cocoa-bean-htf,146 Cocoa Bean -HTF,"<p>Tutti i gel polish devono essere polimerizzati per almeno 60 secondi, poiché sono TPO-free.</p>",GEL.IT.UP Italy,,,"Solid Gel Colours, Brown, Gel Polish",TRUE,Title,Default Title,Brown,,,,,,,146 Cocoa Bean -HTF,11000,shopify,0,deny,manual,7.41,,TRUE,TRUE,,,,,,https://cdn.shopify.com/s/files/1/0947/5545/5242/files/GIUP-146.webp?v=1777734207,1,,FALSE,,,,kg,,,active
146-cocoa-bean-htf,,,,,,"Solid Gel Colours, Brown, Gel Polish",,,,Brown,,,,,,,,,,,,,,,,,,,,,,https://cdn.shopify.com/s/files/1/0947/5545/5242/files/download_822ff87f-712e-4478-898f-49361b5201bf.webp?v=1777739952,2,,,,,,,,,
non-wipe-top-coat-milky-15ml-htf,Non Wipe Top Coat Milky 15ml -HTF,"<p>Top Coat Non Wipe effetto Milky: brillante, resistente e senza strato di dispersione. Non ingiallisce, dona un finish lattiginoso elegante e protegge il colore a lungo.</p>",GEL.IT.UP Italy,,,,TRUE,Title,Default Title,,,,,,,,Non Wipe Top Coat Milky 15ml -HTF,15000,shopify,0,deny,manual,11.54,,TRUE,TRUE,,,,,,https://cdn.shopify.com/s/files/1/0947/5545/5242/files/GIUP-15.webp?v=1777734201,1,,FALSE,,,,kg,,,active
15-total-eclipse-htf,15 Total Eclipse -HTF,"<p>Tutti i gel polish devono essere polimerizzati per almeno 60 secondi, poiché sono TPO-free.</p>",GEL.IT.UP Italy,,,"Solid Gel Colours, Black, Gel Polish",TRUE,Title,Default Title,Black,,,,,,,15 Total Eclipse -HTF,11000,shopify,0,deny,manual,7.41,,TRUE,TRUE,,,,,,https://cdn.shopify.com/s/files/1/0947/5545/5242/files/GIUP-15.webp?v=1777734201,1,,FALSE,,,,kg,,,active
15-total-eclipse-htf,,,,,,"Solid Gel Colours, Black, Gel Polish",,,,Black,,,,,,,,,,,,,,,,,,,,,,https://cdn.shopify.com/s/files/1/0947/5545/5242/files/download_2e104ffa-0328-4554-beb2-0d45bd0f7d1a.webp?v=1777739945,2,,,,,,,,,
shimmer-collection-sh1-htf,Shimmer Collection #SH1 -HTF,"<p>Tutti i gel polish devono essere polimerizzati per almeno 60 secondi, poiché sono TPO-free.</p>",GEL.IT.UP Italy,,,Gel Polish,TRUE,Title,Default Title,,,,,,,,Shimmer Collection #SH1 -HTF,11000,shopify,0,deny,manual,7.41,,TRUE,TRUE,,,,,,https://cdn.shopify.com/s/files/1/0947/5545/5242/files/SH01.webp?v=1777734198,1,,FALSE,,,,kg,,,active
shimmer-collection-sh1-htf,,,,,,,,,,,,,,,,,,,,,,,,,,,,,,,,https://cdn.shopify.com/s/files/1/0947/5545/5242/files/download_5c9d94dc-c268-43a9-8b76-d70928d69633.webp?v=1777739942,2,,,,,,,,,
n020-beige-bliss-htf,N020 Beige Bliss -HTF,"<p>Tutti i gel polish devono essere polimerizzati per almeno 60 secondi, poiché sono TPO-free.</p>",GEL.IT.UP Italy,,,Gel Polish,TRUE,Title,Default Title,,,,,,,,N020 Beige Bliss -HTF,11000,shopify,0,deny,manual,7.41,,TRUE,TRUE,,,,,,https://cdn.shopify.com/s/files/1/0947/5545/5242/files/GIUP-N020.webp?v=1777734195,1,,FALSE,,,,kg,,,active
n020-beige-bliss-htf,,,,,,,,,,,,,,,,,,,,,,,,,,,,,,,,https://cdn.shopify.com/s/files/1/0947/5545/5242/files/download_4dea6057-59eb-47f6-b7e1-c0f4edc78e78.webp?v=1777739937,2,,,,,,,,,
corner-nippers-flame-shaped-l-10cm-1115-new,Corner Nippers Flame Shaped L 10cm 1115 New,,GEL.IT.UP Italy,,,,TRUE,Title,Default Title,,,,,,,,Corner Nippers Flame Shaped L 10cm 1115 New,0,shopify,0,deny,manual,16.06,,TRUE,TRUE,,,,,,https://cdn.shopify.com/s/files/1/0947/5545/5242/files/GIUP-115.webp?v=1777734191,1,,FALSE,,,,kg,,,active
115-tickled-pink-htf,115 Tickled Pink -HTF,"<p>Tutti i gel polish devono essere polimerizzati per almeno 60 secondi, poiché sono TPO-free.</p>",GEL.IT.UP Italy,,,"Solid Gel Colours, Pink, Gel Polish",TRUE,Title,Default Title,Pink,,,,,,,115 Tickled Pink -HTF,11000,shopify,0,deny,manual,7.41,,TRUE,TRUE,,,,,,https://cdn.shopify.com/s/files/1/0947/5545/5242/files/GIUP-115.webp?v=1777734191,1,,FALSE,,,,kg,,,active
115-tickled-pink-htf,,,,,,"Solid Gel Colours, Pink, Gel Polish",,,,Pink,,,,,,,,,,,,,,,,,,,,,,https://cdn.shopify.com/s/files/1/0947/5545/5242/files/download_38e07816-5843-44c7-8482-9384f5812cfa.webp?v=1777739932,2,,,,,,,,,
55-passion-8-htf,55 Passion-8 -HTF,"<p>Tutti i gel polish devono essere polimerizzati per almeno 60 secondi, poiché sono TPO-free.</p>",GEL.IT.UP Italy,,,"Solid Gel Colours, Red, Gel Polish",TRUE,Title,Default Title,Red,,,,,,,55 Passion-8 -HTF,11000,shopify,0,deny,manual,7.41,,TRUE,TRUE,,,,,,https://cdn.shopify.com/s/files/1/0947/5545/5242/files/GIUP-55.webp?v=1777734187,1,,FALSE,,,,kg,,,active
255-celebration-htf,255 Celebration -HTF,"<p>Tutti i gel polish devono essere polimerizzati per almeno 60 secondi, poiché sono TPO-free.</p>",GEL.IT.UP Italy,,,Gel Polish,TRUE,Title,Default Title,,,,,,,,255 Celebration -HTF,11000,shopify,0,deny,manual,9.67,,TRUE,TRUE,,,,,,https://cdn.shopify.com/s/files/1/0947/5545/5242/files/GIUP-55.webp?v=1777734187,1,,FALSE,,,,kg,,,active
255-celebration-htf,,,,,,,,,,,,,,,,,,,,,,,,,,,,,,,,https://cdn.shopify.com/s/files/1/0947/5545/5242/files/download_9fa308a4-9612-42a0-ab14-facefde32e95.webp?v=1777739927,2,,,,,,,,,
giup-8f,GIUP 8F,"<p>Tutti i gel polish devono essere polimerizzati per almeno 60 secondi, poiché sono TPO-free.</p>",GEL.IT.UP Italy,,,Gel Polish,TRUE,Title,Default Title,,,,,,,,GIUP 8F,11000,shopify,0,deny,manual,7.41,,TRUE,TRUE,,,,,,https://cdn.shopify.com/s/files/1/0947/5545/5242/files/GIUP-8F.webp?v=1777734181,1,,FALSE,,,,kg,,,active
08f-soft-devotion-htf,08F Soft Devotion -HTF,"<p>Tutti i gel polish devono essere polimerizzati per almeno 60 secondi, poiché sono TPO-free.</p>",GEL.IT.UP Italy,,,Gel Polish,TRUE,Title,Default Title,,,,,,,,08F Soft Devotion -HTF,11000,shopify,0,deny,manual,7.41,,TRUE,TRUE,,,,,,https://cdn.shopify.com/s/files/1/0947/5545/5242/files/GIUP-8F.webp?v=1777734181,1,,FALSE,,,,kg,,,active
08f-soft-devotion-htf,,,,,,,,,,,,,,,,,,,,,,,,,,,,,,,,https://cdn.shopify.com/s/files/1/0947/5545/5242/files/download_1b0b87d4-254d-40eb-aad9-6761964e89bf.webp?v=1777739920,2,,,,,,,,,
2416-them-pearls-htf,2416 Them Pearls -HTF,"<p>Tutti i gel polish devono essere polimerizzati per almeno 60 secondi, poiché sono TPO-free.</p>",GEL.IT.UP Italy,,,Gel Polish,TRUE,Title,Default Title,,,,,,,,2416 Them Pearls -HTF,11000,shopify,0,deny,manual,7.41,,TRUE,TRUE,,,,,,https://cdn.shopify.com/s/files/1/0947/5545/5242/files/GIUP-2416.webp?v=1777734176,1,,FALSE,,,,kg,,,active
2416-them-pearls-htf,,,,,,,,,,,,,,,,,,,,,,,,,,,,,,,,https://cdn.shopify.com/s/files/1/0947/5545/5242/files/download_664c1853-cbf7-481e-a027-45497950b25e.webp?v=1777739915,2,,,,,,,,,
line-it-up-white-htf,LINE IT UP WHITE -HTF,"<p>Tutti i gel polish devono essere polimerizzati per almeno 60 secondi, poiché sono TPO-free.</p>",GEL.IT.UP Italy,,,Gel Polish,TRUE,Title,Default Title,,,,,,,,LINE IT UP WHITE -HTF,11000,shopify,0,deny,manual,5.48,,TRUE,TRUE,,,,,,https://cdn.shopify.com/s/files/1/0947/5545/5242/files/line-it-UP__0002_White.webp?v=1777734175,1,,FALSE,,,,kg,,,active
line-it-up-white-htf,,,,,,,,,,,,,,,,,,,,,,,,,,,,,,,,https://cdn.shopify.com/s/files/1/0947/5545/5242/files/download_035e6994-b45e-47c6-a471-961bdcef73de.webp?v=1777739912,2,,,,,,,,,
2229-blue-bean-htf,2229 Blue Bean -HTF,"<p>Tutti i gel polish devono essere polimerizzati per almeno 60 secondi, poiché sono TPO-free.</p>",GEL.IT.UP Italy,,,"Solid Gel Colours, Blue, Gel Polish",TRUE,Title,Default Title,Blue,,,,,,,2229 Blue Bean -HTF,11000,shopify,0,deny,manual,7.41,,TRUE,TRUE,,,,,,https://cdn.shopify.com/s/files/1/0947/5545/5242/files/GIUP-2229.webp?v=1777734169,1,,FALSE,,,,kg,,,active
2229-blue-bean-htf,,,,,,"Solid Gel Colours, Blue, Gel Polish",,,,Blue,,,,,,,,,,,,,,,,,,,,,,https://cdn.shopify.com/s/files/1/0947/5545/5242/files/download_14f1ec88-3eea-4f9b-a68e-fa02a614d45b.webp?v=1777739908,2,,,,,,,,,
2113k-dusty-crystal-htf,2113K Dusty Crystal -HTF,"<p>Tutti i gel polish devono essere polimerizzati per almeno 60 secondi, poiché sono TPO-free.</p>",GEL.IT.UP Italy,,,Gel Polish,TRUE,Title,Default Title,,,,,,,,2113K Dusty Crystal -HTF,11000,shopify,0,deny,manual,7.36,,TRUE,TRUE,,,,,,https://cdn.shopify.com/s/files/1/0947/5545/5242/files/GIUP-2113K.webp?v=1777734170,1,,FALSE,,,,kg,,,active
2113k-dusty-crystal-htf,,,,,,,,,,,,,,,,,,,,,,,,,,,,,,,,https://cdn.shopify.com/s/files/1/0947/5545/5242/files/download_ee204c4a-6f3b-4157-80b6-211ea535c6e5.webp?v=1777739906,2,,,,,,,,,
2145a-glitzy-peach-htf,2145A Glitzy Peach -HTF,"<p>Tutti i gel polish devono essere polimerizzati per almeno 60 secondi, poiché sono TPO-free.</p>",GEL.IT.UP Italy,,,Gel Polish,TRUE,Title,Default Title,,,,,,,,2145A Glitzy Peach -HTF,11000,shopify,0,deny,manual,7.41,,TRUE,TRUE,,,,,,https://cdn.shopify.com/s/files/1/0947/5545/5242/files/GIUP-145.webp?v=1777734161,1,,FALSE,,,,kg,,,active
145-spiced-up-htf,145 Spiced Up -HTF,"<p>Tutti i gel polish devono essere polimerizzati per almeno 60 secondi, poiché sono TPO-free.</p>",GEL.IT.UP Italy,,,"Solid Gel Colours, Brown, Gel Polish",TRUE,Title,Default Title,Brown,,,,,,,145 Spiced Up -HTF,11000,shopify,0,deny,manual,7.41,,TRUE,TRUE,,,,,,https://cdn.shopify.com/s/files/1/0947/5545/5242/files/GIUP-145.webp?v=1777734161,1,,FALSE,,,,kg,,,active
145-spiced-up-htf,,,,,,"Solid Gel Colours, Brown, Gel Polish",,,,Brown,,,,,,,,,,,,,,,,,,,,,,https://cdn.shopify.com/s/files/1/0947/5545/5242/files/download_16fe60db-7d53-499c-8d6f-d3f687712ad3.webp?v=1777739897,2,,,,,,,,,
tr03-mirror-x3-powder,TR03 Mirror X3 Powder,"<p>Aggiungi brillantezza alle tue unghie con i Mirror Powders, disponibili in 7 tonalità uniche. Dal silver luminoso al rose gold più deciso, sono ideali per professionisti e amanti della nail art.</p>",GEL.IT.UP Italy,,,,TRUE,Title,Default Title,,,,,,,,TR03 Mirror X3 Powder,0,shopify,0,deny,manual,5.15,,TRUE,TRUE,,,,,,https://cdn.shopify.com/s/files/1/0947/5545/5242/files/MIRROR_X3_3d097b90-119a-4db4-8cbb-0f16175485fc.webp?v=1777734163,1,,FALSE,,,,kg,,,active
tr03-mirror-x3-powder,,,,,,,,,,,,,,,,,,,,,,,,,,,,,,,,https://cdn.shopify.com/s/files/1/0947/5545/5242/files/download_85d619d9-442c-4071-8e2b-46736041c408.webp?v=1777739898,2,,,,,,,,,
metallic-collection-mc2-htf,Metallic Collection #MC2 -HTF,"<p>Tutti i gel polish devono essere polimerizzati per almeno 60 secondi, poiché sono TPO-free.</p>",GEL.IT.UP Italy,,,Gel Polish,TRUE,Title,Default Title,,,,,,,,Metallic Collection #MC2 -HTF,11000,shopify,0,deny,manual,8.32,,TRUE,TRUE,,,,,,https://cdn.shopify.com/s/files/1/0947/5545/5242/files/MC2.webp?v=1777734155,1,,FALSE,,,,kg,,,active
metallic-collection-mc2-htf,,,,,,,,,,,,,,,,,,,,,,,,,,,,,,,,https://cdn.shopify.com/s/files/1/0947/5545/5242/files/download_f211c4a8-b51b-44a5-a1ce-3b1978f7d7cc.webp?v=1777739890,2,,,,,,,,,
shimmer-top-fairy-stf-04-htf,Shimmer Top Fairy #STF 04 -HTF,<p>Bellissimi glitter top coat per un finish finale luminoso e impeccabile.</p>,GEL.IT.UP Italy,,,,TRUE,Title,Default Title,,,,,,,,Shimmer Top Fairy #STF 04 -HTF,11000,shopify,0,deny,manual,8.97,,TRUE,TRUE,,,,,,https://cdn.shopify.com/s/files/1/0947/5545/5242/files/Shimmer_Top_Fairy_STF_04_-HTF.webp?v=1777734154,1,,FALSE,,,,kg,,,active
shimmer-top-fairy-stf-04-htf,,,,,,,,,,,,,,,,,,,,,,,,,,,,,,,,https://cdn.shopify.com/s/files/1/0947/5545/5242/files/download_cf5b1dc7-c059-4601-b7f3-ae6b18eda10c.webp?v=1777739889,2,,,,,,,,,
13-purple-rain-htf,13 Purple Rain -HTF,"<p>Tutti i gel polish devono essere polimerizzati per almeno 60 secondi, poiché sono TPO-free.</p>",GEL.IT.UP Italy,,,"Solid Gel Colours, Grey, Gel Polish",TRUE,Title,Default Title,Grey,,,,,,,13 Purple Rain -HTF,11000,shopify,0,deny,manual,7.41,,TRUE,TRUE,,,,,,https://cdn.shopify.com/s/files/1/0947/5545/5242/files/GIUP-13.webp?v=1777734148,1,,FALSE,,,,kg,,,active
13-purple-rain-htf,,,,,,"Solid Gel Colours, Grey, Gel Polish",,,,Grey,,,,,,,,,,,,,,,,,,,,,,https://cdn.shopify.com/s/files/1/0947/5545/5242/files/download_c4bf525e-3d57-4dc2-91ee-c133ef0eacfd.webp?v=1777739882,2,,,,,,,,,
2209-htf,2209 -HTF,"<p>Tutti i gel polish devono essere polimerizzati per almeno 60 secondi, poiché sono TPO-free.</p>",GEL.IT.UP Italy,,,"Solid Gel Colours, Pink, Gel Polish",TRUE,Title,Default Title,Pink,,,,,,,2209 -HTF,11000,shopify,0,deny,manual,7.41,,TRUE,TRUE,,,,,,https://cdn.shopify.com/s/files/1/0947/5545/5242/files/GIUP-2209.webp?v=1777734148,1,,FALSE,,,,kg,,,active
2209-htf,,,,,,"Solid Gel Colours, Pink, Gel Polish",,,,Pink,,,,,,,,,,,,,,,,,,,,,,https://cdn.shopify.com/s/files/1/0947/5545/5242/files/download_bf0c5cb1-709f-4ab8-93ad-685b30f13904.webp?v=1777739881,2,,,,,,,,,
2614-soft-iris-htf,2614 Soft Iris -HTF,"<p>Tutti i gel polish devono essere polimerizzati per almeno 60 secondi, poiché sono TPO-free.</p>",GEL.IT.UP Italy,,,"Solid Gel Colours, Purple, Gel Polish",TRUE,Title,Default Title,Purple,,,,,,,2614 Soft Iris -HTF,11000,shopify,0,deny,manual,7.41,,TRUE,TRUE,,,,,,https://cdn.shopify.com/s/files/1/0947/5545/5242/files/GIUP-2614.webp?v=1777734142,1,,FALSE,,,,kg,,,active
2614-soft-iris-htf,,,,,,"Solid Gel Colours, Purple, Gel Polish",,,,Purple,,,,,,,,,,,,,,,,,,,,,,https://cdn.shopify.com/s/files/1/0947/5545/5242/files/download_0c5e8531-5728-4fd5-8535-35b3c91065ca.webp?v=1777739874,2,,,,,,,,,
dual-forms-almond,DUAL FORMS ALMOND,,GEL.IT.UP Italy,,,,TRUE,Title,Default Title,,,,,,,,DUAL FORMS ALMOND,120,shopify,0,deny,manual,6.38,,TRUE,TRUE,,,,,,https://cdn.shopify.com/s/files/1/0947/5545/5242/files/DUAL_FORMS_ALMOND.webp?v=1777734143,1,,FALSE,,,,kg,,,active
dual-forms-almond,,,,,,,,,,,,,,,,,,,,,,,,,,,,,,,,https://cdn.shopify.com/s/files/1/0947/5545/5242/files/download_229f008d-3399-40d9-9f50-4275ef3fedd3.webp?v=1777739874,2,,,,,,,,,
fan04-htf,FAN04 -HTF,"<p>Tutti i gel polish devono essere polimerizzati per almeno 60 secondi, poiché sono TPO-free.</p>",GEL.IT.UP Italy,Animals & Pet Supplies > Pet Supplies > Bird Supplies > Bird Cage Accessories,,Gel Polish,TRUE,Title,Default Title,,,,,,,,FAN04 -HTF,11000,shopify,0,deny,manual,9.67,,TRUE,TRUE,,,,,,https://cdn.shopify.com/s/files/1/0947/5545/5242/files/FAN04_-HTF.webp?v=1777734137,1,,FALSE,,,,kg,,,active
fan04-htf,,,,,,,,,,,,,,,,,,,,,,,,,,,,,,,,https://cdn.shopify.com/s/files/1/0947/5545/5242/files/download_cd87adf3-1a08-46e5-bae9-ec343865467b.webp?v=1777739867,2,,,,,,,,,
gel-it-up-1-r08-11ml-htf,GEL.IT.UP 1 R08 11ml -HTF,"<p>Tutti i gel polish devono essere polimerizzati per almeno 60 secondi, poiché sono TPO-free.</p>",GEL.IT.UP Italy,,,Gel Polish,TRUE,Title,Default Title,,,,,,,,GEL.IT.UP 1 R08 11ml -HTF,11000,shopify,0,deny,manual,8.97,,TRUE,TRUE,,,,,,https://cdn.shopify.com/s/files/1/0947/5545/5242/files/GIUP-R08.webp?v=1777734136,1,,FALSE,,,,kg,,,active
gel-it-up-1-r08-11ml-htf,,,,,,,,,,,,,,,,,,,,,,,,,,,,,,,,https://cdn.shopify.com/s/files/1/0947/5545/5242/files/download_e2f849c9-5ca6-4497-8925-67d27d4f7023.webp?v=1777739866,2,,,,,,,,,
gel-it-up-hand-and-body-cream-100ml-silky-bliss-new,GEL IT UP HAND AND BODY CREAM 100ml SILKY BLISS NEW,"<p>Con Aloe biologica e un cocktail unico di ingredienti attivi, profuma e idrata la pelle. Si assorbe rapidamente e non lascia residui grassi. Ingredienti: Aloe Vera biologica, Acido Ialuronico, Pantenolo.</p>",GEL.IT.UP Italy,,,,TRUE,Title,Default Title,,,,,,,,GEL IT UP HAND AND BODY CREAM 100ml SILKY BLISS NEW,100000,shopify,0,deny,manual,5.16,,TRUE,TRUE,,,,,,https://cdn.shopify.com/s/files/1/0947/5545/5242/files/GEL_IT_UP_HAND_AND_BODY_CREAM_100ml_SILKY_BLISS_NEW.webp?v=1777734131,1,,FALSE,,,,kg,,,active
gel-it-up-hand-and-body-cream-100ml-silky-bliss-new,,,,,,,,,,,,,,,,,,,,,,,,,,,,,,,,https://cdn.shopify.com/s/files/1/0947/5545/5242/files/download_08a867a7-eef0-4cc1-9d0e-c2a3460e14f2.webp?v=1777739860,2,,,,,,,,,
cooling-coconut-cuticle-oil-100ml-htf,Cooling Coconut Cuticle Oil 100ml -HTF,"<p>Con Aloe biologica, acido ialuronico e pantenolo. Idrata, profuma e si assorbe rapidamente senza ungere.</p>",GEL.IT.UP Italy,,,,TRUE,Title,Default Title,,,,,,,,Cooling Coconut Cuticle Oil 100ml -HTF,0,shopify,0,deny,manual,7.2,,TRUE,TRUE,,,,,,https://cdn.shopify.com/s/files/1/0947/5545/5242/files/Cooling_Coconut_Cuticle_Oil_100ml_-HTF.webp?v=1777734129,1,,FALSE,,,,kg,,,active
cooling-coconut-cuticle-oil-100ml-htf,,,,,,,,,,,,,,,,,,,,,,,,,,,,,,,,https://cdn.shopify.com/s/files/1/0947/5545/5242/files/download_7c8c9d83-1714-486e-b01d-64ca3b5509ff.webp?v=1777739859,2,,,,,,,,,
gel-it-up-1-r17-11ml-htf,GEL.IT.UP 1 R17 11ml -HTF,"<p>Tutti i gel polish devono essere polimerizzati per almeno 60 secondi, poiché sono TPO-free.</p>",GEL.IT.UP Italy,,,Gel Polish,TRUE,Title,Default Title,,,,,,,,GEL.IT.UP 1 R17 11ml -HTF,11000,shopify,0,deny,manual,8.97,,TRUE,TRUE,,,,,,https://cdn.shopify.com/s/files/1/0947/5545/5242/files/GIUP-R017.webp?v=1777734124,1,,FALSE,,,,kg,,,active
gel-it-up-1-r17-11ml-htf,,,,,,,,,,,,,,,,,,,,,,,,,,,,,,,,https://cdn.shopify.com/s/files/1/0947/5545/5242/files/download_566ace71-efb0-4b34-b72b-1002527cdf47.webp?v=1777739851,2,,,,,,,,,
gel-it-up-1-r28-11ml-htf,GEL.IT.UP 1 R28 11ml -HTF,"<p>Tutti i gel polish devono essere polimerizzati per almeno 60 secondi, poiché sono TPO-free.</p>",GEL.IT.UP Italy,,,Gel Polish,TRUE,Title,Default Title,,,,,,,,GEL.IT.UP 1 R28 11ml -HTF,11000,shopify,0,deny,manual,8.97,,TRUE,TRUE,,,,,,https://cdn.shopify.com/s/files/1/0947/5545/5242/files/GIUP-R028.webp?v=1777734123,1,,FALSE,,,,kg,,,active
gel-it-up-1-r28-11ml-htf,,,,,,,,,,,,,,,,,,,,,,,,,,,,,,,,https://cdn.shopify.com/s/files/1/0947/5545/5242/files/download_85b9c9ac-88fc-478a-a7e2-0d807479c6f5.webp?v=1777739852,2,,,,,,,,,
2510-pink-parfait-htf,2510 Pink Parfait -HTF,"<p>Tutti i gel polish devono essere polimerizzati per almeno 60 secondi, poiché sono TPO-free.</p>",GEL.IT.UP Italy,,,"Solid Gel Colours, Pink, Gel Polish",TRUE,Title,Default Title,Pink,,,,,,,2510 Pink Parfait -HTF,11000,shopify,0,deny,manual,7.41,,TRUE,TRUE,,,,,,https://cdn.shopify.com/s/files/1/0947/5545/5242/files/GIUP-2510.webp?v=1777734119,1,,FALSE,,,,kg,,,active
2510-pink-parfait-htf,,,,,,"Solid Gel Colours, Pink, Gel Polish",,,,Pink,,,,,,,,,,,,,,,,,,,,,,https://cdn.shopify.com/s/files/1/0947/5545/5242/files/download_22b7f9bf-54f8-4e84-9557-c746a8033a9c.webp?v=1777739844,2,,,,,,,,,
line-it-up-sky-htf,LINE IT UP SKY -HTF,"<p>Tutti i gel polish devono essere polimerizzati per almeno 60 secondi, poiché sono TPO-free.</p>",GEL.IT.UP Italy,,,Gel Polish,TRUE,Title,Default Title,,,,,,,,LINE IT UP SKY -HTF,11000,shopify,0,deny,manual,5.48,,TRUE,TRUE,,,,,,https://cdn.shopify.com/s/files/1/0947/5545/5242/files/line-it-UP__0003_Sky.webp?v=1777734117,1,,FALSE,,,,kg,,,active
line-it-up-sky-htf,,,,,,,,,,,,,,,,,,,,,,,,,,,,,,,,https://cdn.shopify.com/s/files/1/0947/5545/5242/files/download_9a276eac-d331-445d-a3cb-0d51e5528569.webp?v=1777739844,2,,,,,,,,,
2035-scuubie-htf,2035 Scuubie -HTF,"<p>Tutti i gel polish devono essere polimerizzati per almeno 60 secondi, poiché sono TPO-free.</p>",GEL.IT.UP Italy,,,Gel Polish,TRUE,Title,Default Title,,,,,,,,2035 Scuubie -HTF,11000,shopify,0,deny,manual,7.41,,TRUE,TRUE,,,,,,https://cdn.shopify.com/s/files/1/0947/5545/5242/files/GIUP-2035.webp?v=1777734113,1,,FALSE,,,,kg,,,active
2035-scuubie-htf,,,,,,,,,,,,,,,,,,,,,,,,,,,,,,,,https://cdn.shopify.com/s/files/1/0947/5545/5242/files/download_51f9514d-40c8-459c-b90c-9211895532cd.webp?v=1777739836,2,,,,,,,,,
2230-smalty-htf,2230 Smalty -HTF,"<p>Tutti i gel polish devono essere polimerizzati per almeno 60 secondi, poiché sono TPO-free.</p>",GEL.IT.UP Italy,,,"Solid Gel Colours, Green, Gel Polish",TRUE,Title,Default Title,Green,,,,,,,2230 Smalty -HTF,11000,shopify,0,deny,manual,7.41,,TRUE,TRUE,,,,,,https://cdn.shopify.com/s/files/1/0947/5545/5242/files/GIUP-2230.webp?v=1777734112,1,,FALSE,,,,kg,,,active
2230-smalty-htf,,,,,,"Solid Gel Colours, Green, Gel Polish",,,,Green,,,,,,,,,,,,,,,,,,,,,,https://cdn.shopify.com/s/files/1/0947/5545/5242/files/download_6a9a31f7-3422-403a-8578-7b8e97ce21c7.webp?v=1777739836,2,,,,,,,,,
new-york-party-nyp03-htf,New York Party #NYP03 -HTF,"<p>Tutti i gel polish devono essere polimerizzati per almeno 60 secondi, poiché sono TPO-free.</p>",GEL.IT.UP Italy,,,Gel Polish,TRUE,Title,Default Title,,,,,,,,New York Party #NYP03 -HTF,11000,shopify,0,deny,manual,7.41,,TRUE,TRUE,,,,,,https://cdn.shopify.com/s/files/1/0947/5545/5242/files/New_York_Party_NYP03_-HTF.webp?v=1777734108,1,,FALSE,,,,kg,,,active
new-york-party-nyp03-htf,,,,,,,,,,,,,,,,,,,,,,,,,,,,,,,,https://cdn.shopify.com/s/files/1/0947/5545/5242/files/download_ad6e1041-97ba-4a24-a809-287663eb0c25.webp?v=1777739829,2,,,,,,,,,
1920-htf,1920 -HTF,"<p>Tutti i gel polish devono essere polimerizzati per almeno 60 secondi, poiché sono TPO-free.</p>",GEL.IT.UP Italy,,,"Solid Gel Colours, Green, Gel Polish",TRUE,Title,Default Title,Green,,,,,,,1920 -HTF,11000,shopify,0,deny,manual,7.41,,TRUE,TRUE,,,,,,https://cdn.shopify.com/s/files/1/0947/5545/5242/files/GIUP-1920.webp?v=1777734107,1,,FALSE,,,,kg,,,active
1920-htf,,,,,,"Solid Gel Colours, Green, Gel Polish",,,,Green,,,,,,,,,,,,,,,,,,,,,,https://cdn.shopify.com/s/files/1/0947/5545/5242/files/download_a2e2520d-fb41-466b-8ad3-269a93913ec1.webp?v=1777739826,2,,,,,,,,,
62-redrum-htf,62 RedRum -HTF,"<p>Tutti i gel polish devono essere polimerizzati per almeno 60 secondi, poiché sono TPO-free.</p>",GEL.IT.UP Italy,,,"Solid Gel Colours, Red, Gel Polish",TRUE,Title,Default Title,Red,,,,,,,62 RedRum -HTF,11000,shopify,0,deny,manual,7.41,,TRUE,TRUE,,,,,,https://cdn.shopify.com/s/files/1/0947/5545/5242/files/GIUP-62.webp?v=1777734102,1,,FALSE,,,,kg,,,active
2062-dark-side-of-the-street-htf,2062 Dark Side of the Street -HTF,"<p>Tutti i gel polish devono essere polimerizzati per almeno 60 secondi, poiché sono TPO-free.</p>",GEL.IT.UP Italy,,,"Solid Gel Colours, Grey, Gel Polish",TRUE,Title,Default Title,Grey,,,,,,,2062 Dark Side of the Street -HTF,11000,shopify,0,deny,manual,7.41,,TRUE,TRUE,,,,,,https://cdn.shopify.com/s/files/1/0947/5545/5242/files/GIUP-62.webp?v=1777734102,1,,FALSE,,,,kg,,,active
2062-dark-side-of-the-street-htf,,,,,,"Solid Gel Colours, Grey, Gel Polish",,,,Grey,,,,,,,,,,,,,,,,,,,,,,https://cdn.shopify.com/s/files/1/0947/5545/5242/files/download_1014fa12-6e87-424d-8e9c-e87f4ab05069.webp?v=1777739821,2,,,,,,,,,
1936-eco-bling-htf,1936 Eco-Bling -HTF,"<p>Tutti i gel polish devono essere polimerizzati per almeno 60 secondi, poiché sono TPO-free.</p>",GEL.IT.UP Italy,,,Gel Polish,TRUE,Title,Default Title,,,,,,,,1936 Eco-Bling -HTF,11000,shopify,0,deny,manual,7.41,,TRUE,TRUE,,,,,,https://cdn.shopify.com/s/files/1/0947/5545/5242/files/GIUP-1936.webp?v=1777734097,1,,FALSE,,,,kg,,,active
1936-eco-bling-htf,,,,,,,,,,,,,,,,,,,,,,,,,,,,,,,,https://cdn.shopify.com/s/files/1/0947/5545/5242/files/download_568fa9c9-4f15-4e2e-a52f-a2d2a3495e9d.webp?v=1777739815,2,,,,,,,,,
1822-dark-angel-htf,1822 Dark Angel -HTF,"<p>Tutti i gel polish devono essere polimerizzati per almeno 60 secondi, poiché sono TPO-free.</p>",GEL.IT.UP Italy,,,Gel Polish,TRUE,Title,Default Title,,,,,,,,1822 Dark Angel -HTF,11000,shopify,0,deny,manual,7.41,,TRUE,TRUE,,,,,,https://cdn.shopify.com/s/files/1/0947/5545/5242/files/GIUP-1822.webp?v=1777734097,1,,FALSE,,,,kg,,,active
1822-dark-angel-htf,,,,,,,,,,,,,,,,,,,,,,,,,,,,,,,,https://cdn.shopify.com/s/files/1/0947/5545/5242/files/download_7955df17-d4d1-4a83-924c-9c2471b932e4.webp?v=1777739814,2,,,,,,,,,
gel-it-up-hand-and-body-cream-100ml-calm-frost-new,GEL IT UP HAND AND BODY CREAM 100ml CALM FROST NEW,"<p>Con Aloe biologica e un cocktail unico di ingredienti attivi, profuma e idrata la pelle. Si assorbe rapidamente e non lascia residui grassi. Ingredienti: Aloe Vera biologica, Acido Ialuronico, Pantenolo.</p>",GEL.IT.UP Italy,,,,TRUE,Title,Default Title,,,,,,,,GEL IT UP HAND AND BODY CREAM 100ml CALM FROST NEW,100000,shopify,0,deny,manual,5.16,,TRUE,TRUE,,,,,,https://cdn.shopify.com/s/files/1/0947/5545/5242/files/GEL_IT_UP_HAND_AND_BODY_CREAM_100ml_CALM_FROST_NEW.webp?v=1777734091,1,,FALSE,,,,kg,,,active
gel-it-up-hand-and-body-cream-100ml-calm-frost-new,,,,,,,,,,,,,,,,,,,,,,,,,,,,,,,,https://cdn.shopify.com/s/files/1/0947/5545/5242/files/download_bf67145f-400e-43dc-9f13-2e15f36cee91.webp?v=1777739807,2,,,,,,,,,
n004-spun-sugar-htf,N004 Spun Sugar -HTF,"<p>Tutti i gel polish devono essere polimerizzati per almeno 60 secondi, poiché sono TPO-free.</p>",GEL.IT.UP Italy,,,Gel Polish,TRUE,Title,Default Title,,,,,,,,N004 Spun Sugar -HTF,11000,shopify,0,deny,manual,7.41,,TRUE,TRUE,,,,,,https://cdn.shopify.com/s/files/1/0947/5545/5242/files/GIUP-N004.webp?v=1777734090,1,,FALSE,,,,kg,,,active
n004-spun-sugar-htf,,,,,,,,,,,,,,,,,,,,,,,,,,,,,,,,https://cdn.shopify.com/s/files/1/0947/5545/5242/files/download_3b999f5d-277c-4234-96aa-dc7511153f2f.webp?v=1777739807,2,,,,,,,,,
2517-cоsmic-bloom-htf,2517 Cоsmic Bloom -HTF,,GEL.IT.UP Italy,,,,TRUE,Title,Default Title,,,,,,,,2517 Cоsmic Bloom -HTF,11,shopify,0,deny,manual,7.41,,TRUE,TRUE,,,,,,,,,FALSE,,,,kg,,,active
flexi-soak-off-nail-tips-short-almond-2025,FLEXI Soak Off Nail Tips Short Almond -2025,,GEL.IT.UP Italy,,,,TRUE,Title,Default Title,,,,,,,,FLEXI Soak Off Nail Tips Short Almond -2025,0,shopify,0,deny,manual,6,,TRUE,TRUE,,,,,,https://cdn.shopify.com/s/files/1/0947/5545/5242/files/FLEXI_SHORT_ALMOND.webp?v=1777734082,1,,FALSE,,,,kg,,,active
flexi-soak-off-nail-tips-short-almond-2025,,,,,,,,,,,,,,,,,,,,,,,,,,,,,,,,https://cdn.shopify.com/s/files/1/0947/5545/5242/files/download_a3bd7341-2fd4-4d78-aa46-d4d64b0bde75.webp?v=1777739793,2,,,,,,,,,
2043-love-mania-htf,2043 Love Mania -HTF,"<p>Tutti i gel polish devono essere polimerizzati per almeno 60 secondi, poiché sono TPO-free.</p>",GEL.IT.UP Italy,,,"Solid Gel Colours, Pink, Gel Polish",TRUE,Title,Default Title,Pink,,,,,,,2043 Love Mania -HTF,11000,shopify,0,deny,manual,7.41,,TRUE,TRUE,,,,,,https://cdn.shopify.com/s/files/1/0947/5545/5242/files/GIUP-2043.webp?v=1777734080,1,,FALSE,,,,kg,,,active
2043-love-mania-htf,,,,,,"Solid Gel Colours, Pink, Gel Polish",,,,Pink,,,,,,,,,,,,,,,,,,,,,,https://cdn.shopify.com/s/files/1/0947/5545/5242/files/download_336824f8-de2e-4077-aaf1-4c4412fd5fea.webp?v=1777739791,2,,,,,,,,,
gel-it-up-1-r34-11ml-htf,GEL.IT.UP 1 R34 11ml -HTF,"<p>Tutti i gel polish devono essere polimerizzati per almeno 60 secondi, poiché sono TPO-free.</p>",GEL.IT.UP Italy,,,Gel Polish,TRUE,Title,Default Title,,,,,,,,GEL.IT.UP 1 R34 11ml -HTF,11000,shopify,0,deny,manual,8.97,,TRUE,TRUE,,,,,,https://cdn.shopify.com/s/files/1/0947/5545/5242/files/GIUP-34.webp?v=1777734074,1,,FALSE,,,,kg,,,active
34-papaya-cream-htf,34 Papaya Cream -HTF,"<p>Tutti i gel polish devono essere polimerizzati per almeno 60 secondi, poiché sono TPO-free.</p>",GEL.IT.UP Italy,,,"Solid Gel Colours, Coral Orange, Gel Polish",TRUE,Title,Default Title,Coral Orange,,,,,,,34 Papaya Cream -HTF,11000,shopify,0,deny,manual,7.41,,TRUE,TRUE,,,,,,https://cdn.shopify.com/s/files/1/0947/5545/5242/files/GIUP-34.webp?v=1777734074,1,,FALSE,,,,kg,,,active
34-papaya-cream-htf,,,,,,"Solid Gel Colours, Coral Orange, Gel Polish",,,,Coral Orange,,,,,,,,,,,,,,,,,,,,,,https://cdn.shopify.com/s/files/1/0947/5545/5242/files/download_59f71df8-cc63-44f3-af41-72aa1829f984.webp?v=1777739786,2,,,,,,,,,
gel-it-up-1-r06-11ml-htf,GEL.IT.UP 1 R06 11ml -HTF,"<p>Tutti i gel polish devono essere polimerizzati per almeno 60 secondi, poiché sono TPO-free.</p>",GEL.IT.UP Italy,,,Gel Polish,TRUE,Title,Default Title,,,,,,,,GEL.IT.UP 1 R06 11ml -HTF,11000,shopify,0,deny,manual,8.97,,TRUE,TRUE,,,,,,https://cdn.shopify.com/s/files/1/0947/5545/5242/files/GIUP-R06.webp?v=1777734073,1,,FALSE,,,,kg,,,active
gel-it-up-1-r06-11ml-htf,,,,,,,,,,,,,,,,,,,,,,,,,,,,,,,,https://cdn.shopify.com/s/files/1/0947/5545/5242/files/download_50ace3fc-5696-4192-aacc-9a7ad6cb3a40.webp?v=1777739781,2,,,,,,,,,
giup-7d,GIUP 7D,"<p>Tutti i gel polish devono essere polimerizzati per almeno 60 secondi, poiché sono TPO-free.</p>",GEL.IT.UP Italy,,,Gel Polish,TRUE,Title,Default Title,,,,,,,,GIUP 7D,11000,shopify,0,deny,manual,7.41,,TRUE,TRUE,,,,,,https://cdn.shopify.com/s/files/1/0947/5545/5242/files/GIUP-7D.webp?v=1777734069,1,,FALSE,,,,kg,,,active
07d-tulle-taupe-htf,07D Tulle Taupe -HTF,"<p>Tutti i gel polish devono essere polimerizzati per almeno 60 secondi, poiché sono TPO-free.</p>",GEL.IT.UP Italy,,,Gel Polish,TRUE,Title,Default Title,,,,,,,,07D Tulle Taupe -HTF,11000,shopify,0,deny,manual,7.41,,TRUE,TRUE,,,,,,https://cdn.shopify.com/s/files/1/0947/5545/5242/files/GIUP-7D.webp?v=1777734069,1,,FALSE,,,,kg,,,active
07d-tulle-taupe-htf,,,,,,,,,,,,,,,,,,,,,,,,,,,,,,,,https://cdn.shopify.com/s/files/1/0947/5545/5242/files/download_68e5ac84-1b25-443f-ab1b-c83bf7f12859.webp?v=1777739777,2,,,,,,,,,
1914-lime-sorbet-htf,1914 Lime Sorbet -HTF,"<p>Tutti i gel polish devono essere polimerizzati per almeno 60 secondi, poiché sono TPO-free.</p>",GEL.IT.UP Italy,,,"Solid Gel Colours, Green, Gel Polish",TRUE,Title,Default Title,Green,,,,,,,1914 Lime Sorbet -HTF,11000,shopify,0,deny,manual,7.41,,TRUE,TRUE,,,,,,https://cdn.shopify.com/s/files/1/0947/5545/5242/files/GIUP-1914.webp?v=1777734063,1,,FALSE,,,,kg,,,active
1914-lime-sorbet-htf,,,,,,"Solid Gel Colours, Green, Gel Polish",,,,Green,,,,,,,,,,,,,,,,,,,,,,https://cdn.shopify.com/s/files/1/0947/5545/5242/files/download_4f4af035-cdfa-4f61-9e28-37a177d4deeb.webp?v=1777739770,2,,,,,,,,,
2451-bluetallica-htf,2451 Bluetallica -HTF,"<p>Tutti i gel polish devono essere polimerizzati per almeno 60 secondi, poiché sono TPO-free.</p>",GEL.IT.UP Italy,,,"Solid Gel Colours, Blue, Gel Polish",TRUE,Title,Default Title,Blue,,,,,,,2451 Bluetallica -HTF,11000,shopify,0,deny,manual,7.41,,TRUE,TRUE,,,,,,https://cdn.shopify.com/s/files/1/0947/5545/5242/files/GIUP-2451.webp?v=1777734063,1,,FALSE,,,,kg,,,active
2451-bluetallica-htf,,,,,,"Solid Gel Colours, Blue, Gel Polish",,,,Blue,,,,,,,,,,,,,,,,,,,,,,https://cdn.shopify.com/s/files/1/0947/5545/5242/files/download_230dbc57-c08e-4d51-9231-ee7aff31208b.webp?v=1777739770,2,,,,,,,,,
225-bevok-htf,225 Bevok -HTF,"<p>Tutti i gel polish devono essere polimerizzati per almeno 60 secondi, poiché sono TPO-free.</p>",GEL.IT.UP Italy,,,Gel Polish,TRUE,Title,Default Title,,,,,,,,225 Bevok -HTF,11000,shopify,0,deny,manual,7.41,,TRUE,TRUE,,,,,,https://cdn.shopify.com/s/files/1/0947/5545/5242/files/GIUP-225.webp?v=1777734058,1,,FALSE,,,,kg,,,active
225-bevok-htf,,,,,,,,,,,,,,,,,,,,,,,,,,,,,,,,https://cdn.shopify.com/s/files/1/0947/5545/5242/files/download_fd72379e-f86f-4fc4-99c6-17a9504ad0bd.webp?v=1777739764,2,,,,,,,,,
213-surprise-htf,213 Surprise -HTF,"<p>Tutti i gel polish devono essere polimerizzati per almeno 60 secondi, poiché sono TPO-free.</p>",GEL.IT.UP Italy,,,Gel Polish,TRUE,Title,Default Title,,,,,,,,213 Surprise -HTF,11000,shopify,0,deny,manual,7.41,,TRUE,TRUE,,,,,,https://cdn.shopify.com/s/files/1/0947/5545/5242/files/GIUP-213.webp?v=1777734058,1,,FALSE,,,,kg,,,active
213-surprise-htf,,,,,,,,,,,,,,,,,,,,,,,,,,,,,,,,https://cdn.shopify.com/s/files/1/0947/5545/5242/files/download_9175e352-4942-4e41-9a09-0067f34391de.webp?v=1777739762,2,,,,,,,,,
08b-save-the-kalasha-htf,08B Save the Kalasha -HTF,"<p>Tutti i gel polish devono essere polimerizzati per almeno 60 secondi, poiché sono TPO-free.</p>",GEL.IT.UP Italy,,,Gel Polish,TRUE,Title,Default Title,,,,,,,,08B Save the Kalasha -HTF,11000,shopify,0,deny,manual,7.41,,TRUE,TRUE,,,,,,https://cdn.shopify.com/s/files/1/0947/5545/5242/files/GIUP-08B.webp?v=1777734052,1,,FALSE,,,,kg,,,active
08b-save-the-kalasha-htf,,,,,,,,,,,,,,,,,,,,,,,,,,,,,,,,https://cdn.shopify.com/s/files/1/0947/5545/5242/files/download_fcad9294-3980-4d37-a92e-289aaa53c10c.webp?v=1777739754,2,,,,,,,,,
2458-cherry-cherry-lady-htf,2458 Cherry Cherry Lady -HTF,"<p>Tutti i gel polish devono essere polimerizzati per almeno 60 secondi, poiché sono TPO-free.</p>",GEL.IT.UP Italy,,,"Solid Gel Colours, Red, Gel Polish",TRUE,Title,Default Title,Red,,,,,,,2458 Cherry Cherry Lady -HTF,11000,shopify,0,deny,manual,7.41,,TRUE,TRUE,,,,,,https://cdn.shopify.com/s/files/1/0947/5545/5242/files/GIUP-2458.webp?v=1777734052,1,,FALSE,,,,kg,,,active
2458-cherry-cherry-lady-htf,,,,,,"Solid Gel Colours, Red, Gel Polish",,,,Red,,,,,,,,,,,,,,,,,,,,,,https://cdn.shopify.com/s/files/1/0947/5545/5242/files/download_70e06b7f-7de7-4679-a9c1-f9f5d24606b1.webp?v=1777739755,2,,,,,,,,,
2601-vanilla-fog-htf,2601 Vanilla Fog -HTF,"<p>Tutti i gel polish devono essere polimerizzati per almeno 60 secondi, poiché sono TPO-free.</p>",GEL.IT.UP Italy,,,Gel Polish,TRUE,Title,Default Title,,,,,,,,2601 Vanilla Fog -HTF,11000,shopify,0,deny,manual,7.41,,TRUE,TRUE,,,,,,https://cdn.shopify.com/s/files/1/0947/5545/5242/files/GIUP-2601.webp?v=1777734046,1,,FALSE,,,,kg,,,active
2601-vanilla-fog-htf,,,,,,,,,,,,,,,,,,,,,,,,,,,,,,,,https://cdn.shopify.com/s/files/1/0947/5545/5242/files/download_649181ec-24cc-453c-a0b7-2da77d374b1b.webp?v=1777739747,2,,,,,,,,,
328-cryptonite-htf,328 Cryptonite -HTF,"<p>Tutti i gel polish devono essere polimerizzati per almeno 60 secondi, poiché sono TPO-free.</p>",GEL.IT.UP Italy,,,Gel Polish,TRUE,Title,Default Title,,,,,,,,328 Cryptonite -HTF,11000,shopify,0,deny,manual,7.41,,TRUE,TRUE,,,,,,https://cdn.shopify.com/s/files/1/0947/5545/5242/files/GIUP-328.webp?v=1777734046,1,,FALSE,,,,kg,,,active
328-cryptonite-htf,,,,,,,,,,,,,,,,,,,,,,,,,,,,,,,,https://cdn.shopify.com/s/files/1/0947/5545/5242/files/download_7afd2037-2643-4936-a148-1332024d6bee.webp?v=1777739747,2,,,,,,,,,
2450-grumpy-forest-htf,2450 Grumpy Forest -HTF,"<p>Tutti i gel polish devono essere polimerizzati per almeno 60 secondi, poiché sono TPO-free.</p>",GEL.IT.UP Italy,,,"Solid Gel Colours, Green, Gel Polish",TRUE,Title,Default Title,Green,,,,,,,2450 Grumpy Forest -HTF,11000,shopify,0,deny,manual,7.41,,TRUE,TRUE,,,,,,https://cdn.shopify.com/s/files/1/0947/5545/5242/files/GIUP-2450.webp?v=1777734040,1,,FALSE,,,,kg,,,active
2450-grumpy-forest-htf,,,,,,"Solid Gel Colours, Green, Gel Polish",,,,Green,,,,,,,,,,,,,,,,,,,,,,https://cdn.shopify.com/s/files/1/0947/5545/5242/files/download_abc5e3f9-6474-4250-9fd3-93ebf447847d.webp?v=1777739740,2,,,,,,,,,
gel-it-up-1-r10-11ml-htf,GEL.IT.UP 1 R10 11ml -HTF,"<p>Tutti i gel polish devono essere polimerizzati per almeno 60 secondi, poiché sono TPO-free.</p>",GEL.IT.UP Italy,,,Gel Polish,TRUE,Title,Default Title,,,,,,,,GEL.IT.UP 1 R10 11ml -HTF,11000,shopify,0,deny,manual,8.97,,TRUE,TRUE,,,,,,https://cdn.shopify.com/s/files/1/0947/5545/5242/files/download_de10c1ff-ceba-4860-a4ca-105b6dee5a1a.webp?v=1777739738,1,,FALSE,,,,kg,,,active
jelly-neon-flash-jnf02-htf,Jelly Neon Flash #JNF02 -HTF,"<p>Tutti i gel polish devono essere polimerizzati per almeno 60 secondi, poiché sono TPO-free.</p>",GEL.IT.UP Italy,,,Gel Polish,TRUE,Title,Default Title,,,,,,,,Jelly Neon Flash #JNF02 -HTF,11000,shopify,0,deny,manual,7.41,,TRUE,TRUE,,,,,,https://cdn.shopify.com/s/files/1/0947/5545/5242/files/Jelly_Neon_Flash_JNF02_-HTF.webp?v=1777734035,1,,FALSE,,,,kg,,,active
jelly-neon-flash-jnf02-htf,,,,,,,,,,,,,,,,,,,,,,,,,,,,,,,,https://cdn.shopify.com/s/files/1/0947/5545/5242/files/download_6a4b1874-2e3d-496c-86b3-b0c880054cfb.webp?v=1777739732,2,,,,,,,,,
multimix-synthogel-60gr-milky-white-htf,MultiMix Synthogel 60gr Milky White -HTF,"<p>Formula di alta qualità che unisce la resistenza dell’acrilico alla facilità del gel. Ideale per rinforzo dell’unghia naturale e ricostruzioni, non cola, è inodore e non brucia in lampada. Applicabile con Dual Form, Nail Forms o tecnica libera. 100% HEMA/TPO-free.</p>",GEL.IT.UP Italy,,,,TRUE,Title,Default Title,,,,,,,,MultiMix Synthogel 60gr Milky White -HTF,60000,shopify,0,deny,manual,21.29,,TRUE,TRUE,,,,,,https://cdn.shopify.com/s/files/1/0947/5545/5242/files/multimix_milky_white_color.webp?v=1777734032,1,,FALSE,,,,kg,,,active
multimix-synthogel-60gr-milky-white-htf,,,,,,,,,,,,,,,,,,,,,,,,,,,,,,,,https://cdn.shopify.com/s/files/1/0947/5545/5242/files/download_10a6ec61-7c45-453d-ab9f-b35b153188c8.webp?v=1777739731,2,,,,,,,,,
giup-2c,GIUP 2C,"<p>Tutti i gel polish devono essere polimerizzati per almeno 60 secondi, poiché sono TPO-free.</p>",GEL.IT.UP Italy,,,Gel Polish,TRUE,Title,Default Title,,,,,,,,GIUP 2C,11000,shopify,0,deny,manual,7.41,,TRUE,TRUE,,,,,,https://cdn.shopify.com/s/files/1/0947/5545/5242/files/GIUP-2C.webp?v=1777734027,1,,FALSE,,,,kg,,,active
02c-ballet-shoes-htf,02C Ballet Shoes -HTF,"<p>Tutti i gel polish devono essere polimerizzati per almeno 60 secondi, poiché sono TPO-free.</p>",GEL.IT.UP Italy,Uncategorized,,Gel Polish,TRUE,Title,Default Title,,,,,,,,02C Ballet Shoes -HTF,11000,shopify,0,deny,manual,7.41,,TRUE,TRUE,,,,,,https://cdn.shopify.com/s/files/1/0947/5545/5242/files/GIUP-2C.webp?v=1777734027,1,,FALSE,,,,kg,,,active
02c-ballet-shoes-htf,,,,,,,,,,,,,,,,,,,,,,,,,,,,,,,,https://cdn.shopify.com/s/files/1/0947/5545/5242/files/download_ec610ab8-950b-4d78-be34-b284f9128077.webp?v=1777739725,2,,,,,,,,,
giup-8a,GIUP 8A,"<p>Tutti i gel polish devono essere polimerizzati per almeno 60 secondi, poiché sono TPO-free.</p>",GEL.IT.UP Italy,,,Gel Polish,TRUE,Title,Default Title,,,,,,,,GIUP 8A,11000,shopify,0,deny,manual,7.41,,TRUE,TRUE,,,,,,https://cdn.shopify.com/s/files/1/0947/5545/5242/files/GIUP-8A.webp?v=1777734023,1,,FALSE,,,,kg,,,active
08a-tusker-htf,08A Tusker -HTF,"<p>Tutti i gel polish devono essere polimerizzati per almeno 60 secondi, poiché sono TPO-free.</p>",GEL.IT.UP Italy,,,Gel Polish,TRUE,Title,Default Title,,,,,,,,08A Tusker -HTF,11000,shopify,0,deny,manual,7.41,,TRUE,TRUE,,,,,,https://cdn.shopify.com/s/files/1/0947/5545/5242/files/GIUP-8A.webp?v=1777734023,1,,FALSE,,,,kg,,,active
08a-tusker-htf,,,,,,,,,,,,,,,,,,,,,,,,,,,,,,,,https://cdn.shopify.com/s/files/1/0947/5545/5242/files/download_c143835b-aeda-49c4-ad43-a82d75aca0cb.webp?v=1777739721,2,,,,,,,,,
2514-moonlight-cypress-htf,2514 Moonlight Cypress -HTF,"<p>Tutti i gel polish devono essere polimerizzati per almeno 60 secondi, poiché sono TPO-free.</p>",GEL.IT.UP Italy,,,Gel Polish,TRUE,Title,Default Title,,,,,,,,2514 Moonlight Cypress -HTF,11000,shopify,0,deny,manual,7.41,,TRUE,TRUE,,,,,,https://cdn.shopify.com/s/files/1/0947/5545/5242/files/GIUP-2514.webp?v=1777734017,1,,FALSE,,,,kg,,,active
2514-moonlight-cypress-htf,,,,,,,,,,,,,,,,,,,,,,,,,,,,,,,,https://cdn.shopify.com/s/files/1/0947/5545/5242/files/download_81494ea9-3b16-4b30-8c53-7b812ed9c1f2.webp?v=1777739714,2,,,,,,,,,
splinter-tweezer-13-cm-1386-new,Splinter tweezer – 13 cm 1386 New,,GEL.IT.UP Italy,,,,TRUE,Title,Default Title,,,,,,,,Splinter tweezer – 13 cm 1386 New,0,shopify,0,deny,manual,5.1,,TRUE,TRUE,,,,,,https://cdn.shopify.com/s/files/1/0947/5545/5242/files/TWEEZER.webp?v=1777734015,1,,FALSE,,,,kg,,,active
splinter-tweezer-13-cm-1386-new,,,,,,,,,,,,,,,,,,,,,,,,,,,,,,,,https://cdn.shopify.com/s/files/1/0947/5545/5242/files/download_9103acec-385f-4334-a2f3-b5c631b11fb8.webp?v=1777739712,2,,,,,,,,,
brush-on-builder-gel-dusty-shimmer-15ml-htf,Brush on Builder Gel Dusty Shimmer 15ml -HTF,"<p>Brush On Builder è un BIAB autolivellante in flacone, ideale per rinforzare, modellare e perfezionare l’unghia naturale. Adatto anche per piccoli allungamenti fino a 3 mm.</p>",GEL.IT.UP Italy,,,,TRUE,Title,Default Title,,,,,,,,Brush on Builder Gel Dusty Shimmer 15ml -HTF,15000,shopify,0,deny,manual,11.94,,TRUE,TRUE,,,,,,https://cdn.shopify.com/s/files/1/0947/5545/5242/files/GIUP-BOBDS.webp?v=1777734010,1,,FALSE,,,,kg,,,active
brush-on-builder-gel-dusty-shimmer-15ml-htf,,,,,,,,,,,,,,,,,,,,,,,,,,,,,,,,https://cdn.shopify.com/s/files/1/0947/5545/5242/files/download_9e1d87e4-b591-4ccf-84b1-551260825be8.webp?v=1777739706,2,,,,,,,,,
227-lifes-a-beach-htf,227 Lifes A Beach -HTF,"<p>Tutti i gel polish devono essere polimerizzati per almeno 60 secondi, poiché sono TPO-free.</p>",GEL.IT.UP Italy,,,Gel Polish,TRUE,Title,Default Title,,,,,,,,227 Lifes A Beach -HTF,11000,shopify,0,deny,manual,7.41,,TRUE,TRUE,,,,,,https://cdn.shopify.com/s/files/1/0947/5545/5242/files/GIUP-227.webp?v=1777734009,1,,FALSE,,,,kg,,,active
227-lifes-a-beach-htf,,,,,,,,,,,,,,,,,,,,,,,,,,,,,,,,https://cdn.shopify.com/s/files/1/0947/5545/5242/files/download_cfc067b6-b51d-47ab-b1ef-53d9f6ba444e.webp?v=1777739705,2,,,,,,,,,
gel-it-up-1-r26-11ml-htf,GEL.IT.UP 1 R26 11ml -HTF,"<p>Tutti i gel polish devono essere polimerizzati per almeno 60 secondi, poiché sono TPO-free.</p>",GEL.IT.UP Italy,,,Gel Polish,TRUE,Title,Default Title,,,,,,,,GEL.IT.UP 1 R26 11ml -HTF,11000,shopify,0,deny,manual,8.97,,TRUE,TRUE,,,,,,https://cdn.shopify.com/s/files/1/0947/5545/5242/files/GIUP-R026.webp?v=1777734003,1,,FALSE,,,,kg,,,active
gel-it-up-1-r26-11ml-htf,,,,,,,,,,,,,,,,,,,,,,,,,,,,,,,,https://cdn.shopify.com/s/files/1/0947/5545/5242/files/download_19c1e194-0c09-42b2-9207-ec303169a2d1.webp?v=1777739699,2,,,,,,,,,
perky-peach-cuticle-oil-5ml-htf,Perky Peach Cuticle Oil 5ml -HTF,"<p>Con Aloe biologica, acido ialuronico e pantenolo. Idrata, profuma e si assorbe rapidamente senza ungere.</p>",GEL.IT.UP Italy,,,,TRUE,Title,Default Title,,,,,,,,Perky Peach Cuticle Oil 5ml -HTF,0,shopify,0,deny,manual,1.6,,TRUE,TRUE,,,,,,https://cdn.shopify.com/s/files/1/0947/5545/5242/files/Perky_Peach_Cuticle_Oil_5ml_-HTF.webp?v=1777734003,1,,FALSE,,,,kg,,,active
perky-peach-cuticle-oil-5ml-htf,,,,,,,,,,,,,,,,,,,,,,,,,,,,,,,,https://cdn.shopify.com/s/files/1/0947/5545/5242/files/download_3481ca6a-5d06-4cd6-a2c1-bf4dbd9d666b.webp?v=1777739698,2,,,,,,,,,
1945-amaranth-htf,1945 Amaranth -HTF,"<p>Tutti i gel polish devono essere polimerizzati per almeno 60 secondi, poiché sono TPO-free.</p>",GEL.IT.UP Italy,,,"Solid Gel Colours, Pink, Gel Polish",TRUE,Title,Default Title,Pink,,,,,,,1945 Amaranth -HTF,11000,shopify,0,deny,manual,7.41,,TRUE,TRUE,,,,,,https://cdn.shopify.com/s/files/1/0947/5545/5242/files/GIUP-1945.webp?v=1777733997,1,,FALSE,,,,kg,,,active
1945-amaranth-htf,,,,,,"Solid Gel Colours, Pink, Gel Polish",,,,Pink,,,,,,,,,,,,,,,,,,,,,,https://cdn.shopify.com/s/files/1/0947/5545/5242/files/download_b4628047-d667-470e-ae37-e9616a3e3bc0.webp?v=1777739690,2,,,,,,,,,
37-sanguini-htf,37 Sanguini -HTF,"<p>Tutti i gel polish devono essere polimerizzati per almeno 60 secondi, poiché sono TPO-free.</p>",GEL.IT.UP Italy,,,"Solid Gel Colours, Coral Orange, Gel Polish",TRUE,Title,Default Title,Coral Orange,,,,,,,37 Sanguini -HTF,11000,shopify,0,deny,manual,7.41,,TRUE,TRUE,,,,,,https://cdn.shopify.com/s/files/1/0947/5545/5242/files/GIUP-37.webp?v=1777733997,1,,FALSE,,,,kg,,,active
37-sanguini-htf,,,,,,"Solid Gel Colours, Coral Orange, Gel Polish",,,,Coral Orange,,,,,,,,,,,,,,,,,,,,,,https://cdn.shopify.com/s/files/1/0947/5545/5242/files/download_662a58e6-02ac-4f9c-bd61-f7c97a1dac6c.webp?v=1777739691,2,,,,,,,,,
2200-electric-lizard-htf,2200 Electric Lizard -HTF,"<p>Tutti i gel polish devono essere polimerizzati per almeno 60 secondi, poiché sono TPO-free.</p>",GEL.IT.UP Italy,,,"Solid Gel Colours, Green, Gel Polish",TRUE,Title,Default Title,Green,,,,,,,2200 Electric Lizard -HTF,11000,shopify,0,deny,manual,7.41,,TRUE,TRUE,,,,,,https://cdn.shopify.com/s/files/1/0947/5545/5242/files/GIUP-2200.webp?v=1777733991,1,,FALSE,,,,kg,,,active
2200-electric-lizard-htf,,,,,,"Solid Gel Colours, Green, Gel Polish",,,,Green,,,,,,,,,,,,,,,,,,,,,,https://cdn.shopify.com/s/files/1/0947/5545/5242/files/download_a237cc77-0ac7-4452-9b41-49ffa17a2aa5.webp?v=1777739683,2,,,,,,,,,
2325-violet-veil-of-glitz-htf,2325 Violet Veil of Glitz -HTF,"<p>Tutti i gel polish devono essere polimerizzati per almeno 60 secondi, poiché sono TPO-free.</p>",GEL.IT.UP Italy,,,Gel Polish,TRUE,Title,Default Title,,,,,,,,2325 Violet Veil of Glitz -HTF,11000,shopify,0,deny,manual,7.41,,TRUE,TRUE,,,,,,https://cdn.shopify.com/s/files/1/0947/5545/5242/files/GIUP-2325.webp?v=1777733991,1,,FALSE,,,,kg,,,active
2325-violet-veil-of-glitz-htf,,,,,,,,,,,,,,,,,,,,,,,,,,,,,,,,https://cdn.shopify.com/s/files/1/0947/5545/5242/files/download_e7e8bc03-8443-4397-9ad5-367b5dbfa152.webp?v=1777739683,2,,,,,,,,,
704-cape-of-storms-htf,704 Cape Of Storms -HTF,"<p>Tutti i gel polish devono essere polimerizzati per almeno 60 secondi, poiché sono TPO-free.</p>",GEL.IT.UP Italy,,,"Solid Gel Colours, Blue, Gel Polish",TRUE,Title,Default Title,Blue,,,,,,,704 Cape Of Storms -HTF,11000,shopify,0,deny,manual,7.41,,TRUE,TRUE,,,,,,https://cdn.shopify.com/s/files/1/0947/5545/5242/files/GIUP-704.webp?v=1777733985,1,,FALSE,,,,kg,,,active
704-cape-of-storms-htf,,,,,,"Solid Gel Colours, Blue, Gel Polish",,,,Blue,,,,,,,,,,,,,,,,,,,,,,https://cdn.shopify.com/s/files/1/0947/5545/5242/files/download_ad2f50f1-7e0d-4a85-9e61-51340d4c79de.webp?v=1777739675,2,,,,,,,,,
cooling-coconut-cuticle-oil-5ml-htf,Cooling Coconut Cuticle Oil 5ml -HTF,"<p>Con Aloe biologica, acido ialuronico e pantenolo. Idrata, profuma e si assorbe rapidamente senza ungere.</p>",GEL.IT.UP Italy,,,,TRUE,Title,Default Title,,,,,,,,Cooling Coconut Cuticle Oil 5ml -HTF,0,shopify,0,deny,manual,1.6,,TRUE,TRUE,,,,,,https://cdn.shopify.com/s/files/1/0947/5545/5242/files/Cooling_Coconut_Cuticle_Oil_5ml_-HTF.webp?v=1777733986,1,,FALSE,,,,kg,,,active
cooling-coconut-cuticle-oil-5ml-htf,,,,,,,,,,,,,,,,,,,,,,,,,,,,,,,,https://cdn.shopify.com/s/files/1/0947/5545/5242/files/download_c3ef80cb-a07f-491b-bbc3-32809e9bdbb6.webp?v=1777739676,2,,,,,,,,,
2324-petrol-pearl-htf,2324 Petrol Pearl -HTF,"<p>Tutti i gel polish devono essere polimerizzati per almeno 60 secondi, poiché sono TPO-free.</p>",GEL.IT.UP Italy,,,"Solid Gel Colours, Green, Gel Polish",TRUE,Title,Default Title,Green,,,,,,,2324 Petrol Pearl -HTF,11000,shopify,0,deny,manual,7.41,,TRUE,TRUE,,,,,,https://cdn.shopify.com/s/files/1/0947/5545/5242/files/GIUP-2324.webp?v=1777733980,1,,FALSE,,,,kg,,,active
2324-petrol-pearl-htf,,,,,,"Solid Gel Colours, Green, Gel Polish",,,,Green,,,,,,,,,,,,,,,,,,,,,,https://cdn.shopify.com/s/files/1/0947/5545/5242/files/download_ee6415ab-d677-4bc4-920b-65850e45457e.webp?v=1777739668,2,,,,,,,,,
multimix-synthogel-60gr-crystal-clear-htf,MultiMix Synthogel 60gr Crystal Clear -HTF,"<p>Formula di alta qualità che unisce la resistenza dell’acrilico alla facilità del gel. Ideale per rinforzo dell’unghia naturale e ricostruzioni, non cola, è inodore e non brucia in lampada. Applicabile con Dual Form, Nail Forms o tecnica libera. 100% HEMA/TPO-free.</p>",GEL.IT.UP Italy,,,,TRUE,Title,Default Title,,,,,,,,MultiMix Synthogel 60gr Crystal Clear -HTF,60000,shopify,0,deny,manual,21.29,,TRUE,TRUE,,,,,,https://cdn.shopify.com/s/files/1/0947/5545/5242/files/multimix_crystal_clear_color.webp?v=1777733980,1,,FALSE,,,,kg,,,active
multimix-synthogel-60gr-crystal-clear-htf,,,,,,,,,,,,,,,,,,,,,,,,,,,,,,,,https://cdn.shopify.com/s/files/1/0947/5545/5242/files/download_bb17a2e5-86b4-46ca-be77-5508033db123.webp?v=1777739668,2,,,,,,,,,
1921-up-up-and-away-htf,1921 Up Up and Away -HTF,"<p>Tutti i gel polish devono essere polimerizzati per almeno 60 secondi, poiché sono TPO-free.</p>",GEL.IT.UP Italy,,,"Solid Gel Colours, Grey, Gel Polish",TRUE,Title,Default Title,Grey,,,,,,,1921 Up Up and Away -HTF,11000,shopify,0,deny,manual,7.41,,TRUE,TRUE,,,,,,https://cdn.shopify.com/s/files/1/0947/5545/5242/files/GIUP-1921.webp?v=1777733990,1,,FALSE,,,,kg,,,active
1921-up-up-and-away-htf,,,,,,"Solid Gel Colours, Grey, Gel Polish",,,,Grey,,,,,,,,,,,,,,,,,,,,,,https://cdn.shopify.com/s/files/1/0947/5545/5242/files/download_5964948b-1026-45e2-aefe-7beaa3095bc0.webp?v=1777739660,2,,,,,,,,,
900-ocean-jewel-htf,900 Ocean Jewel -HTF,"<p>Tutti i gel polish devono essere polimerizzati per almeno 60 secondi, poiché sono TPO-free.</p>",GEL.IT.UP Italy,,,Gel Polish,TRUE,Title,Default Title,,,,,,,,900 Ocean Jewel -HTF,11000,shopify,0,deny,manual,7.68,,TRUE,TRUE,,,,,,https://cdn.shopify.com/s/files/1/0947/5545/5242/files/900_Ocean_Jewel_-HTF.webp?v=1777733974,1,,FALSE,,,,kg,,,active
900-ocean-jewel-htf,,,,,,,,,,,,,,,,,,,,,,,,,,,,,,,,https://cdn.shopify.com/s/files/1/0947/5545/5242/files/download_d5bd9926-86c8-4ea2-b69e-03545d4076ea.webp?v=1777739661,2,,,,,,,,,
2130-passing-storm-htf,2130 Passing Storm -HTF,"<p>Tutti i gel polish devono essere polimerizzati per almeno 60 secondi, poiché sono TPO-free.</p>",GEL.IT.UP Italy,,,"Solid Gel Colours, Blue, Gel Polish",TRUE,Title,Default Title,Blue,,,,,,,2130 Passing Storm -HTF,11000,shopify,0,deny,manual,7.41,,TRUE,TRUE,,,,,,https://cdn.shopify.com/s/files/1/0947/5545/5242/files/GIUP-2130.webp?v=1777733969,1,,FALSE,,,,kg,,,active
2130-passing-storm-htf,,,,,,"Solid Gel Colours, Blue, Gel Polish",,,,Blue,,,,,,,,,,,,,,,,,,,,,,https://cdn.shopify.com/s/files/1/0947/5545/5242/files/download_27573f79-32c6-4eab-b3ca-e84b812baab1.webp?v=1777739653,2,,,,,,,,,
1902-rings-around-the-sun-htf,1902 Rings Around the Sun -HTF,"<p>Tutti i gel polish devono essere polimerizzati per almeno 60 secondi, poiché sono TPO-free.</p>",GEL.IT.UP Italy,,,"Solid Gel Colours, Coral Orange, Gel Polish",TRUE,Title,Default Title,Coral Orange,,,,,,,1902 Rings Around the Sun -HTF,11000,shopify,0,deny,manual,7.41,,TRUE,TRUE,,,,,,https://cdn.shopify.com/s/files/1/0947/5545/5242/files/GIUP-1902.webp?v=1777733968,1,,FALSE,,,,kg,,,active
1902-rings-around-the-sun-htf,,,,,,"Solid Gel Colours, Coral Orange, Gel Polish",,,,Coral Orange,,,,,,,,,,,,,,,,,,,,,,https://cdn.shopify.com/s/files/1/0947/5545/5242/files/download_903abeea-2518-4091-8889-2f37bef83d19.webp?v=1777739652,2,,,,,,,,,
2448-black-platinum-htf,2448 Black Platinum -HTF,"<p>Tutti i gel polish devono essere polimerizzati per almeno 60 secondi, poiché sono TPO-free.</p>",GEL.IT.UP Italy,,,Gel Polish,TRUE,Title,Default Title,,,,,,,,2448 Black Platinum -HTF,11000,shopify,0,deny,manual,7.41,,TRUE,TRUE,,,,,,https://cdn.shopify.com/s/files/1/0947/5545/5242/files/GIUP-2448.webp?v=1777733964,1,,FALSE,,,,kg,,,active
2448-black-platinum-htf,,,,,,,,,,,,,,,,,,,,,,,,,,,,,,,,https://cdn.shopify.com/s/files/1/0947/5545/5242/files/download_6e57d875-a9a2-429b-8540-a5fe69d30e12.webp?v=1777739646,2,,,,,,,,,
5-in-1-superior-base-15ml-milky-white-htf,5-in-1 Superior Base 15ml Milky White -HTF,"<p>La GEL.IT.UP 5-in-1 Base Coat è una base multifunzione che offre cinque utilizzi in un unico flacone: base per gel polish semipermanente, rinforzo per unghie sottili e fragili, gel modellante per piccole correzioni, base adesiva per strass e decorazioni 3D, e gel per piccoli allungamenti e rinforzo dell’unghia naturale.</p>",GEL.IT.UP Italy,,,,TRUE,Title,Default Title,,,,,,,,5-in-1 Superior Base 15ml Milky White -HTF,15000,shopify,0,deny,manual,12.84,,TRUE,TRUE,,,,,,https://cdn.shopify.com/s/files/1/0947/5545/5242/files/5-in-1_Superior_Base_15ml_Milky_White_-HTF.webp?v=1777733963,1,,FALSE,,,,kg,,,active
5-in-1-superior-base-15ml-milky-white-htf,,,,,,,,,,,,,,,,,,,,,,,,,,,,,,,,https://cdn.shopify.com/s/files/1/0947/5545/5242/files/download_f52cd46c-e964-4701-8aac-0388b32dfbeb.webp?v=1777739646,2,,,,,,,,,
line-it-up-black-htf,LINE IT UP BLACK -HTF,"<p>Tutti i gel polish devono essere polimerizzati per almeno 60 secondi, poiché sono TPO-free.</p>",GEL.IT.UP Italy,,,Gel Polish,TRUE,Title,Default Title,,,,,,,,LINE IT UP BLACK -HTF,11000,shopify,0,deny,manual,5.48,,TRUE,TRUE,,,,,,https://cdn.shopify.com/s/files/1/0947/5545/5242/files/line-it-UP__0017_black.webp?v=1777733957,1,,FALSE,,,,kg,,,active
line-it-up-black-htf,,,,,,,,,,,,,,,,,,,,,,,,,,,,,,,,https://cdn.shopify.com/s/files/1/0947/5545/5242/files/download_597e8ac6-63bf-48d4-90bf-fae183d38de5.webp?v=1777739638,2,,,,,,,,,
1805-rack-em-up-htf,1805 Rack Em Up -HTF,"<p>Tutti i gel polish devono essere polimerizzati per almeno 60 secondi, poiché sono TPO-free.</p>",GEL.IT.UP Italy,,,"Solid Gel Colours, Purple, Gel Polish",TRUE,Title,Default Title,Purple,,,,,,,1805 Rack Em Up -HTF,11000,shopify,0,deny,manual,7.41,,TRUE,TRUE,,,,,,https://cdn.shopify.com/s/files/1/0947/5545/5242/files/GIUP-1805.webp?v=1777733957,1,,FALSE,,,,kg,,,active
1805-rack-em-up-htf,,,,,,"Solid Gel Colours, Purple, Gel Polish",,,,Purple,,,,,,,,,,,,,,,,,,,,,,https://cdn.shopify.com/s/files/1/0947/5545/5242/files/download_2e3d9a0d-c5ac-4794-8e03-7b9b4b91ef42.webp?v=1777739638,2,,,,,,,,,
n010-frappelicious-htf,N010 Frappelicious -HTF,"<p>Tutti i gel polish devono essere polimerizzati per almeno 60 secondi, poiché sono TPO-free.</p>",GEL.IT.UP Italy,,,Gel Polish,TRUE,Title,Default Title,,,,,,,,N010 Frappelicious -HTF,11000,shopify,0,deny,manual,7.41,,TRUE,TRUE,,,,,,https://cdn.shopify.com/s/files/1/0947/5545/5242/files/GIUP-N010.webp?v=1777733951,1,,FALSE,,,,kg,,,active
n010-frappelicious-htf,,,,,,,,,,,,,,,,,,,,,,,,,,,,,,,,https://cdn.shopify.com/s/files/1/0947/5545/5242/files/download_e81410e6-8ab8-458d-a0dd-ae5d847b3107.webp?v=1777739630,2,,,,,,,,,
glass-cat-eye-gce07-htf,Glass Cat Eye #GCE07 -HTF,"<p>Tutti i gel polish devono essere polimerizzati per almeno 60 secondi, poiché sono TPO-free.</p>",GEL.IT.UP Italy,,,Gel Polish,TRUE,Title,Default Title,,,,,,,,Glass Cat Eye #GCE07 -HTF,11000,shopify,0,deny,manual,8.32,,TRUE,TRUE,,,,,,https://cdn.shopify.com/s/files/1/0947/5545/5242/files/Glass_Cat_Eye_GCE07_-HTF.webp?v=1777733952,1,,FALSE,,,,kg,,,active
glass-cat-eye-gce07-htf,,,,,,,,,,,,,,,,,,,,,,,,,,,,,,,,https://cdn.shopify.com/s/files/1/0947/5545/5242/files/download_bccd445e-a808-4df1-8df6-039f8d58dc15.webp?v=1777739630,2,,,,,,,,,
141-sands-of-time-htf,141 Sands of Time -HTF,"<p>Tutti i gel polish devono essere polimerizzati per almeno 60 secondi, poiché sono TPO-free.</p>",GEL.IT.UP Italy,,,"Solid Gel Colours, Brown, Gel Polish",TRUE,Title,Default Title,Brown,,,,,,,141 Sands of Time -HTF,11000,shopify,0,deny,manual,7.41,,TRUE,TRUE,,,,,,https://cdn.shopify.com/s/files/1/0947/5545/5242/files/GIUP-141.webp?v=1777733945,1,,FALSE,,,,kg,,,active
141-sands-of-time-htf,,,,,,"Solid Gel Colours, Brown, Gel Polish",,,,Brown,,,,,,,,,,,,,,,,,,,,,,https://cdn.shopify.com/s/files/1/0947/5545/5242/files/download_0ae67095-c127-406f-8fbe-40907c5a4eac.webp?v=1777739622,2,,,,,,,,,
gel-it-up-1-r07-11ml-htf,GEL.IT.UP 1 R07 11ml -HTF,"<p>Tutti i gel polish devono essere polimerizzati per almeno 60 secondi, poiché sono TPO-free.</p>",GEL.IT.UP Italy,,,Gel Polish,TRUE,Title,Default Title,,,,,,,,GEL.IT.UP 1 R07 11ml -HTF,11000,shopify,0,deny,manual,8.97,,TRUE,TRUE,,,,,,https://cdn.shopify.com/s/files/1/0947/5545/5242/files/GIUP-R07.webp?v=1777733944,1,,FALSE,,,,kg,,,active
gel-it-up-1-r07-11ml-htf,,,,,,,,,,,,,,,,,,,,,,,,,,,,,,,,https://cdn.shopify.com/s/files/1/0947/5545/5242/files/download_2037a083-fee0-4c88-964f-37b124d7f991.webp?v=1777739622,2,,,,,,,,,
61-bite-me-htf,61 Bite Me -HTF,"<p>Tutti i gel polish devono essere polimerizzati per almeno 60 secondi, poiché sono TPO-free.</p>",GEL.IT.UP Italy,,,"Solid Gel Colours, Red, Gel Polish",TRUE,Title,Default Title,Red,,,,,,,61 Bite Me -HTF,11000,shopify,0,deny,manual,7.41,,TRUE,TRUE,,,,,,https://cdn.shopify.com/s/files/1/0947/5545/5242/files/GIUP-61.webp?v=1777733938,1,,FALSE,,,,kg,,,active
61-bite-me-htf,,,,,,"Solid Gel Colours, Red, Gel Polish",,,,Red,,,,,,,,,,,,,,,,,,,,,,https://cdn.shopify.com/s/files/1/0947/5545/5242/files/download_9c8af63a-c8bc-43f7-a9c4-ee87b5ab8d31.webp?v=1777739615,2,,,,,,,,,
glass-cat-eye-gce04-htf,Glass Cat Eye #GCE04 -HTF,"<p>Tutti i gel polish devono essere polimerizzati per almeno 60 secondi, poiché sono TPO-free.</p>",GEL.IT.UP Italy,,,Gel Polish,TRUE,Title,Default Title,,,,,,,,Glass Cat Eye #GCE04 -HTF,11000,shopify,0,deny,manual,8.32,,TRUE,TRUE,,,,,,https://cdn.shopify.com/s/files/1/0947/5545/5242/files/Glass_Cat_Eye_GCE04_-HTF.webp?v=1777733939,1,,FALSE,,,,kg,,,active
glass-cat-eye-gce04-htf,,,,,,,,,,,,,,,,,,,,,,,,,,,,,,,,https://cdn.shopify.com/s/files/1/0947/5545/5242/files/download_f887d6d3-7d7d-4ade-926e-2995669d27d0.webp?v=1777739615,2,,,,,,,,,
215-urrea-golden-globe-htf,215 Urrea / Golden Globe -HTF,"<p>Tutti i gel polish devono essere polimerizzati per almeno 60 secondi, poiché sono TPO-free.</p>",GEL.IT.UP Italy,,,Gel Polish,TRUE,Title,Default Title,,,,,,,,215 Urrea / Golden Globe -HTF,11000,shopify,0,deny,manual,7.41,,TRUE,TRUE,,,,,,https://cdn.shopify.com/s/files/1/0947/5545/5242/files/GIUP-215.webp?v=1777733933,1,,FALSE,,,,kg,,,active
215-urrea-golden-globe-htf,,,,,,,,,,,,,,,,,,,,,,,,,,,,,,,,https://cdn.shopify.com/s/files/1/0947/5545/5242/files/download_4a48de59-8341-41e7-880e-8081d186a872.webp?v=1777739608,2,,,,,,,,,
2501-petal-pink-htf,2501 Petal Pink -HTF,"<p>Tutti i gel polish devono essere polimerizzati per almeno 60 secondi, poiché sono TPO-free.</p>",GEL.IT.UP Italy,,,Gel Polish,TRUE,Title,Default Title,,,,,,,,2501 Petal Pink -HTF,11000,shopify,0,deny,manual,7.41,,TRUE,TRUE,,,,,,https://cdn.shopify.com/s/files/1/0947/5545/5242/files/GIUP-2501.webp?v=1777733933,1,,FALSE,,,,kg,,,active
2501-petal-pink-htf,,,,,,,,,,,,,,,,,,,,,,,,,,,,,,,,https://cdn.shopify.com/s/files/1/0947/5545/5242/files/download_93de13e3-65e9-4f97-944f-8e4203caadec.webp?v=1777739607,2,,,,,,,,,
line-it-up-pistachio-htf,LINE IT UP PISTACHIO -HTF,"<p>Tutti i gel polish devono essere polimerizzati per almeno 60 secondi, poiché sono TPO-free.</p>",GEL.IT.UP Italy,,,Gel Polish,TRUE,Title,Default Title,,,,,,,,LINE IT UP PISTACHIO -HTF,11000,shopify,0,deny,manual,5.48,,TRUE,TRUE,,,,,,https://cdn.shopify.com/s/files/1/0947/5545/5242/files/line-it-UP__0008_Pistachio.webp?v=1777733927,1,,FALSE,,,,kg,,,active
line-it-up-pistachio-htf,,,,,,,,,,,,,,,,,,,,,,,,,,,,,,,,https://cdn.shopify.com/s/files/1/0947/5545/5242/files/download_5a043c29-d911-4db0-952f-b77ed5d1a90f.webp?v=1777739599,2,,,,,,,,,
2411-jacaranda-htf,2411 Jacaranda -HTF,"<p>Tutti i gel polish devono essere polimerizzati per almeno 60 secondi, poiché sono TPO-free.</p>",GEL.IT.UP Italy,Uncategorized,,Gel Polish,TRUE,Title,Default Title,,,,,,,,2411 Jacaranda -HTF,11000,shopify,0,deny,manual,7.41,,TRUE,TRUE,,,,,,https://cdn.shopify.com/s/files/1/0947/5545/5242/files/GIUP-2411.webp?v=1777820959,1,,FALSE,,,,kg,,,active
tr04-mirror-x4-powder,TR04 Mirror X4 Powder,"<p>Aggiungi brillantezza alle tue unghie con i Mirror Powders, disponibili in 7 tonalità uniche. Dal silver luminoso al rose gold più deciso, sono ideali per professionisti e amanti della nail art.</p>",GEL.IT.UP Italy,,,,TRUE,Title,Default Title,,,,,,,,TR04 Mirror X4 Powder,0,shopify,0,deny,manual,5.15,,TRUE,TRUE,,,,,,https://cdn.shopify.com/s/files/1/0947/5545/5242/files/MIRROR_X4_17ff6564-2b85-440c-bd8f-1c1b41d9538e.webp?v=1777733922,1,,FALSE,,,,kg,,,active
tr04-mirror-x4-powder,,,,,,,,,,,,,,,,,,,,,,,,,,,,,,,,https://cdn.shopify.com/s/files/1/0947/5545/5242/files/download_fce2e1f1-60fd-4706-b986-b923a0a44115.webp?v=1777739593,2,,,,,,,,,
320-divinium-htf,320 Divinium -HTF,"<p>Tutti i gel polish devono essere polimerizzati per almeno 60 secondi, poiché sono TPO-free.</p>",GEL.IT.UP Italy,,,Gel Polish,TRUE,Title,Default Title,,,,,,,,320 Divinium -HTF,11000,shopify,0,deny,manual,7.41,,TRUE,TRUE,,,,,,https://cdn.shopify.com/s/files/1/0947/5545/5242/files/GIUP-320.webp?v=1777733919,1,,FALSE,,,,kg,,,active
320-divinium-htf,,,,,,,,,,,,,,,,,,,,,,,,,,,,,,,,https://cdn.shopify.com/s/files/1/0947/5545/5242/files/download_454e4fbb-5038-4ba9-9766-02fb26d5ec2b.webp?v=1777739592,2,,,,,,,,,
901-sirenes-htf,901 Sirenes -HTF,"<p>Tutti i gel polish devono essere polimerizzati per almeno 60 secondi, poiché sono TPO-free.</p>",GEL.IT.UP Italy,,,Gel Polish,TRUE,Title,Default Title,,,,,,,,901 Sirenes -HTF,11000,shopify,0,deny,manual,7.68,,TRUE,TRUE,,,,,,https://cdn.shopify.com/s/files/1/0947/5545/5242/files/901_Sirenes_-HTF.webp?v=1777733914,1,,FALSE,,,,kg,,,active
901-sirenes-htf,,,,,,,,,,,,,,,,,,,,,,,,,,,,,,,,https://cdn.shopify.com/s/files/1/0947/5545/5242/files/download_438846fe-2c0c-4cd5-8084-de33aefcb680.webp?v=1777739584,2,,,,,,,,,
nw02-sopt-my-top-htf,NW02 Sopt my top -HTF,,GEL.IT.UP Italy,,,,TRUE,Title,Default Title,,,,,,,,NW02 Sopt my top -HTF,11000,shopify,0,deny,manual,8.97,,TRUE,TRUE,,,,,,https://cdn.shopify.com/s/files/1/0947/5545/5242/files/NW02_Spot_my_top_-HTF.webp?v=1777733914,1,,FALSE,,,,kg,,,active
nw02-sopt-my-top-htf,,,,,,,,,,,,,,,,,,,,,,,,,,,,,,,,https://cdn.shopify.com/s/files/1/0947/5545/5242/files/download_ae8f4814-4daa-452c-8fbd-68b5f53f3961.webp?v=1777739584,2,,,,,,,,,
2213-htf,2213 -HTF,"<p>Tutti i gel polish devono essere polimerizzati per almeno 60 secondi, poiché sono TPO-free.</p>",GEL.IT.UP Italy,,,Gel Polish,TRUE,Title,Default Title,,,,,,,,2213 -HTF,11000,shopify,0,deny,manual,7.41,,TRUE,TRUE,,,,,,https://cdn.shopify.com/s/files/1/0947/5545/5242/files/GIUP-2213.webp?v=1777733908,1,,FALSE,,,,kg,,,active
2213-drunken-acorn-htf,2213 Drunken Acorn -HTF,"<p>Tutti i gel polish devono essere polimerizzati per almeno 60 secondi, poiché sono TPO-free.</p>",GEL.IT.UP Italy,,,"Solid Gel Colours, Green, Gel Polish",TRUE,Title,Default Title,Green,,,,,,,2213 Drunken Acorn -HTF,11000,shopify,0,deny,manual,7.41,,TRUE,TRUE,,,,,,https://cdn.shopify.com/s/files/1/0947/5545/5242/files/GIUP-2213.webp?v=1777733908,1,,FALSE,,,,kg,,,active
2213-drunken-acorn-htf,,,,,,"Solid Gel Colours, Green, Gel Polish",,,,Green,,,,,,,,,,,,,,,,,,,,,,https://cdn.shopify.com/s/files/1/0947/5545/5242/files/download_0c694ddb-b16a-4dc7-926c-aad2e92b3dc4.webp?v=1777739577,2,,,,,,,,,
mt04-spot-my-top-htf,MT04 Spot my top -HTF,,GEL.IT.UP Italy,,,,TRUE,Title,Default Title,,,,,,,,MT04 Spot my top -HTF,11000,shopify,0,deny,manual,8.97,,TRUE,TRUE,,,,,,https://cdn.shopify.com/s/files/1/0947/5545/5242/files/MT04_Spot_my_top_-HTF.webp?v=1777733907,1,,FALSE,,,,kg,,,active
mt04-spot-my-top-htf,,,,,,,,,,,,,,,,,,,,,,,,,,,,,,,,https://cdn.shopify.com/s/files/1/0947/5545/5242/files/download_ee7ccfdb-2c23-4b66-b96e-80244c0888e5.webp?v=1777739574,2,,,,,,,,,
2125-crystal-clear-dreams-htf,2125 Crystal Clear Dreams -HTF,"<p>Tutti i gel polish devono essere polimerizzati per almeno 60 secondi, poiché sono TPO-free.</p>",GEL.IT.UP Italy,,,"Solid Gel Colours, Green, Gel Polish",TRUE,Title,Default Title,Green,,,,,,,2125 Crystal Clear Dreams -HTF,11000,shopify,0,deny,manual,7.41,,TRUE,TRUE,,,,,,https://cdn.shopify.com/s/files/1/0947/5545/5242/files/GIUP-125.webp?v=1777733901,1,,FALSE,,,,kg,,,active
125-cyber-grape-htf,125 Cyber Grape -HTF,"<p>Tutti i gel polish devono essere polimerizzati per almeno 60 secondi, poiché sono TPO-free.</p>",GEL.IT.UP Italy,,,"Solid Gel Colours, Purple, Gel Polish",TRUE,Title,Default Title,Purple,,,,,,,125 Cyber Grape -HTF,11000,shopify,0,deny,manual,7.41,,TRUE,TRUE,,,,,,https://cdn.shopify.com/s/files/1/0947/5545/5242/files/GIUP-125.webp?v=1777733901,1,,FALSE,,,,kg,,,active
125-cyber-grape-htf,,,,,,"Solid Gel Colours, Purple, Gel Polish",,,,Purple,,,,,,,,,,,,,,,,,,,,,,https://cdn.shopify.com/s/files/1/0947/5545/5242/files/download_9ad98c2b-fe74-49bb-a687-dbec85526348.webp?v=1777739566,2,,,,,,,,,
2233-astronaut-in-the-ocean-htf,2233 Astronaut in the Ocean -HTF,"<p>Tutti i gel polish devono essere polimerizzati per almeno 60 secondi, poiché sono TPO-free.</p>",GEL.IT.UP Italy,,,"Solid Gel Colours, Blue, Gel Polish",TRUE,Title,Default Title,Blue,,,,,,,2233 Astronaut in the Ocean -HTF,11000,shopify,0,deny,manual,7.41,,TRUE,TRUE,,,,,,https://cdn.shopify.com/s/files/1/0947/5545/5242/files/GIUP-2233.webp?v=1777733900,1,,FALSE,,,,kg,,,active
2233-astronaut-in-the-ocean-htf,,,,,,"Solid Gel Colours, Blue, Gel Polish",,,,Blue,,,,,,,,,,,,,,,,,,,,,,https://cdn.shopify.com/s/files/1/0947/5545/5242/files/download_c5bf0a2e-db4c-4c64-b598-145ec3aaa652.webp?v=1777739563,2,,,,,,,,,
2113s-vivi-vail-htf,2113S Vivi Vail -HTF,"<p>Tutti i gel polish devono essere polimerizzati per almeno 60 secondi, poiché sono TPO-free.</p>",GEL.IT.UP Italy,,,Gel Polish,TRUE,Title,Default Title,,,,,,,,2113S Vivi Vail -HTF,11000,shopify,0,deny,manual,7.36,,TRUE,TRUE,,,,,,https://cdn.shopify.com/s/files/1/0947/5545/5242/files/GIUP-113.webp?v=1777733895,1,,FALSE,,,,kg,,,active
113-orgasmink-htf,113 Orgasmink -HTF,"<p>Tutti i gel polish devono essere polimerizzati per almeno 60 secondi, poiché sono TPO-free.</p>",GEL.IT.UP Italy,,,"Solid Gel Colours, Pink, Gel Polish",TRUE,Title,Default Title,Pink,,,,,,,113 Orgasmink -HTF,11000,shopify,0,deny,manual,7.41,,TRUE,TRUE,,,,,,https://cdn.shopify.com/s/files/1/0947/5545/5242/files/GIUP-113.webp?v=1777733895,1,,FALSE,,,,kg,,,active
113-orgasmink-htf,,,,,,"Solid Gel Colours, Pink, Gel Polish",,,,Pink,,,,,,,,,,,,,,,,,,,,,,https://cdn.shopify.com/s/files/1/0947/5545/5242/files/download_14315c0d-834c-47bf-925f-377c156d18a7.webp?v=1777739558,2,,,,,,,,,
nail-files-with-back-glue-100-packet-of-10,Nail Files With Back Glue 100 Packet of 10,"<p>Lima professionale di alta qualità, ideale per modellare, levigare e rifinire unghie naturali, gel e ricostruzioni con precisione.</p>",GEL.IT.UP Italy,,,,TRUE,Title,Default Title,,,,,,,,Nail Files With Back Glue 100 Packet of 10,0,shopify,0,deny,manual,3.81,,TRUE,TRUE,,,,,,https://cdn.shopify.com/s/files/1/0947/5545/5242/files/Nail_Files_With_Back_Glue_100_Packet_of_10.webp?v=1777733891,1,,FALSE,,,,kg,,,active
nail-files-with-back-glue-100-packet-of-10,,,,,,,,,,,,,,,,,,,,,,,,,,,,,,,,https://cdn.shopify.com/s/files/1/0947/5545/5242/files/download_1e94a2aa-e934-4272-bcd9-baeacca6a923.webp?v=1777739553,2,,,,,,,,,
line-it-up-rose-htf,LINE IT UP ROSE -HTF,"<p>Tutti i gel polish devono essere polimerizzati per almeno 60 secondi, poiché sono TPO-free.</p>",GEL.IT.UP Italy,,,Gel Polish,TRUE,Title,Default Title,,,,,,,,LINE IT UP ROSE -HTF,11000,shopify,0,deny,manual,5.48,,TRUE,TRUE,,,,,,https://cdn.shopify.com/s/files/1/0947/5545/5242/files/line-it-UP__0005_Rose.webp?v=1777733890,1,,FALSE,,,,kg,,,active
line-it-up-rose-htf,,,,,,,,,,,,,,,,,,,,,,,,,,,,,,,,https://cdn.shopify.com/s/files/1/0947/5545/5242/files/download_87d2bb71-d6f0-44e6-83a5-06a602d183f5.webp?v=1777739552,2,,,,,,,,,
multimix-synthogel-30gr-super-soft-pink-htf,MultiMix Synthogel 30gr Super Soft Pink -HTF,"<p>Formula di alta qualità che unisce la resistenza dell’acrilico alla facilità del gel. Ideale per rinforzo dell’unghia naturale e ricostruzioni, non cola, è inodore e non brucia in lampada. Applicabile con Dual Form, Nail Forms o tecnica libera. 100% HEMA/TPO-free.</p>",GEL.IT.UP Italy,,,,TRUE,Title,Default Title,,,,,,,,MultiMix Synthogel 30gr Super Soft Pink -HTF,30000,shopify,0,deny,manual,12.19,,TRUE,TRUE,,,,,,https://cdn.shopify.com/s/files/1/0947/5545/5242/files/multimix_super_soft_pink_color.webp?v=1777733886,1,,FALSE,,,,kg,,,active
multimix-synthogel-30gr-super-soft-pink-htf,,,,,,,,,,,,,,,,,,,,,,,,,,,,,,,,https://cdn.shopify.com/s/files/1/0947/5545/5242/files/download_cdcc7d5a-40f9-4cb7-ab48-321e3f18a772.webp?v=1777739546,2,,,,,,,,,
142-be-nutty-htf,142 Be Nutty -HTF,"<p>Tutti i gel polish devono essere polimerizzati per almeno 60 secondi, poiché sono TPO-free.</p>",GEL.IT.UP Italy,,,"Solid Gel Colours, Brown, Gel Polish",TRUE,Title,Default Title,Brown,,,,,,,142 Be Nutty -HTF,11000,shopify,0,deny,manual,7.41,,TRUE,TRUE,,,,,,https://cdn.shopify.com/s/files/1/0947/5545/5242/files/GIUP-142.webp?v=1777733884,1,,FALSE,,,,kg,,,active
142-be-nutty-htf,,,,,,"Solid Gel Colours, Brown, Gel Polish",,,,Brown,,,,,,,,,,,,,,,,,,,,,,https://cdn.shopify.com/s/files/1/0947/5545/5242/files/download_f740557a-c2c8-4310-a0bf-04c9b82cb3ca.webp?v=1777739546,2,,,,,,,,,
57-throw-a-flame-htf,57 Throw-A-Flame -HTF,"<p>Tutti i gel polish devono essere polimerizzati per almeno 60 secondi, poiché sono TPO-free.</p>",GEL.IT.UP Italy,,,"Solid Gel Colours, Red, Gel Polish",TRUE,Title,Default Title,Red,,,,,,,57 Throw-A-Flame -HTF,11000,shopify,0,deny,manual,7.41,,TRUE,TRUE,,,,,,https://cdn.shopify.com/s/files/1/0947/5545/5242/files/GIUP-57.webp?v=1777733876,1,,FALSE,,,,kg,,,active
257-bronze-goddess-htf,257 Bronze Goddess -HTF,"<p>Tutti i gel polish devono essere polimerizzati per almeno 60 secondi, poiché sono TPO-free.</p>",GEL.IT.UP Italy,,,Gel Polish,TRUE,Title,Default Title,,,,,,,,257 Bronze Goddess -HTF,11000,shopify,0,deny,manual,9.67,,TRUE,TRUE,,,,,,https://cdn.shopify.com/s/files/1/0947/5545/5242/files/GIUP-57.webp?v=1777733876,1,,FALSE,,,,kg,,,active
257-bronze-goddess-htf,,,,,,,,,,,,,,,,,,,,,,,,,,,,,,,,https://cdn.shopify.com/s/files/1/0947/5545/5242/files/download_5709f973-582a-43bb-bde5-c3ae61d1fa03.webp?v=1777739538,2,,,,,,,,,
tr02-mirror-x2-powder,TR02 Mirror X2 Powder,"<p>Aggiungi brillantezza alle tue unghie con i Mirror Powders, disponibili in 7 tonalità uniche. Dal silver luminoso al rose gold più deciso, sono ideali per professionisti e amanti della nail art.</p>",GEL.IT.UP Italy,,,,TRUE,Title,Default Title,,,,,,,,TR02 Mirror X2 Powder,0,shopify,0,deny,manual,5.15,,TRUE,TRUE,,,,,,https://cdn.shopify.com/s/files/1/0947/5545/5242/files/MIRROR_X2_b90e4eff-73ea-4c6a-91cb-b7ccda1b19d7.webp?v=1777733878,1,,FALSE,,,,kg,,,active
tr02-mirror-x2-powder,,,,,,,,,,,,,,,,,,,,,,,,,,,,,,,,https://cdn.shopify.com/s/files/1/0947/5545/5242/files/download_fd749241-8fcc-4499-a1bd-f65b604db0a0.webp?v=1777739535,2,,,,,,,,,
2328-glittering-grape-galaxy-htf,2328 Glittering Grape Galaxy -HTF,"<p>Tutti i gel polish devono essere polimerizzati per almeno 60 secondi, poiché sono TPO-free.</p>",GEL.IT.UP Italy,,,Gel Polish,TRUE,Title,Default Title,,,,,,,,2328 Glittering Grape Galaxy -HTF,11000,shopify,0,deny,manual,7.41,,TRUE,TRUE,,,,,,https://cdn.shopify.com/s/files/1/0947/5545/5242/files/GIUP-2328.webp?v=1777733871,1,,FALSE,,,,kg,,,active
2328-glittering-grape-galaxy-htf,,,,,,,,,,,,,,,,,,,,,,,,,,,,,,,,https://cdn.shopify.com/s/files/1/0947/5545/5242/files/download_ad4f281c-bd5e-48f7-9894-116dc5126278.webp?v=1777739530,2,,,,,,,,,
fan02-htf,FAN02 -HTF,"<p>Tutti i gel polish devono essere polimerizzati per almeno 60 secondi, poiché sono TPO-free.</p>",GEL.IT.UP Italy,Animals & Pet Supplies > Pet Supplies > Bird Supplies > Bird Cage Accessories,,Gel Polish,TRUE,Title,Default Title,,,,,,,,FAN02 -HTF,11000,shopify,0,deny,manual,9.67,,TRUE,TRUE,,,,,,https://cdn.shopify.com/s/files/1/0947/5545/5242/files/FAN02_-HTF.webp?v=1777733871,1,,FALSE,,,,kg,,,active
fan02-htf,,,,,,,,,,,,,,,,,,,,,,,,,,,,,,,,https://cdn.shopify.com/s/files/1/0947/5545/5242/files/download_c3677931-6d65-4f3c-84ae-02a33b5e0f1a.webp?v=1777739528,2,,,,,,,,,
n021-soft-mocha-htf,N021 Soft Mocha -HTF,"<p>Tutti i gel polish devono essere polimerizzati per almeno 60 secondi, poiché sono TPO-free.</p>",GEL.IT.UP Italy,,,Gel Polish,TRUE,Title,Default Title,,,,,,,,N021 Soft Mocha -HTF,11000,shopify,0,deny,manual,7.41,,TRUE,TRUE,,,,,,https://cdn.shopify.com/s/files/1/0947/5545/5242/files/GIUP-N021.webp?v=1777733865,1,,FALSE,,,,kg,,,active
n021-soft-mocha-htf,,,,,,,,,,,,,,,,,,,,,,,,,,,,,,,,https://cdn.shopify.com/s/files/1/0947/5545/5242/files/download_a9c6e320-adb7-4049-acdc-20583fce6b8f.webp?v=1777739522,2,,,,,,,,,
dreamy-cat-eye-dce1-htf,Dreamy Cat Eye #DCE1 -HTF,"<p>Tutti i gel polish devono essere polimerizzati per almeno 60 secondi, poiché sono TPO-free.</p>",GEL.IT.UP Italy,,,Gel Polish,TRUE,Title,Default Title,,,,,,,,Dreamy Cat Eye #DCE1 -HTF,11000,shopify,0,deny,manual,8.97,,TRUE,TRUE,,,,,,https://cdn.shopify.com/s/files/1/0947/5545/5242/files/Dreamy_Cat_Eye_DCE1_-HTF.webp?v=1777733865,1,,FALSE,,,,kg,,,active
dreamy-cat-eye-dce1-htf,,,,,,,,,,,,,,,,,,,,,,,,,,,,,,,,https://cdn.shopify.com/s/files/1/0947/5545/5242/files/download_67b41a1a-a075-4116-a733-57e39a20a79d.webp?v=1777739520,2,,,,,,,,,
velvet-cat-eye-vce04-htf,Velvet Cat Eye #VCE04 -HTF,"<p>Tutti i gel polish devono essere polimerizzati per almeno 60 secondi, poiché sono TPO-free.</p>",GEL.IT.UP Italy,,,Gel Polish,TRUE,Title,Default Title,,,,,,,,Velvet Cat Eye #VCE04 -HTF,11000,shopify,0,deny,manual,9.03,,TRUE,TRUE,,,,,,https://cdn.shopify.com/s/files/1/0947/5545/5242/files/Velvet_Cat_Eye_VCE04_-HTF.webp?v=1777733859,1,,FALSE,,,,kg,,,active
04-milkyway-htf,04 Milkyway -HTF,"<p>Tutti i gel polish devono essere polimerizzati per almeno 60 secondi, poiché sono TPO-free.</p>",GEL.IT.UP Italy,Uncategorized,,Gel Polish,TRUE,Title,Default Title,,,,,,,,04 Milkyway -HTF,11000,shopify,0,deny,manual,7.41,,TRUE,TRUE,,,,,,https://cdn.shopify.com/s/files/1/0947/5545/5242/files/GIUP-04_1ffd5c9b-16a0-4b0a-bd80-0fff4f2f6092.webp?v=1777818347,1,,FALSE,,,,kg,,,active
gel-it-up-scrub-200ml-sassy-sassy-new,GEL IT UP SCRUB 200ml SASSY SASSY NEW,"<p>Con Aloe biologica e un cocktail unico di ingredienti attivi, profuma e idrata la pelle. Si assorbe rapidamente e non lascia residui grassi. Ingredienti: Aloe Vera biologica, Acido Ialuronico, Pantenolo.</p>",GEL.IT.UP Italy,,,,TRUE,Title,Default Title,,,,,,,,GEL IT UP SCRUB 200ml SASSY SASSY NEW,200000,shopify,0,deny,manual,6.45,,TRUE,TRUE,,,,,,https://cdn.shopify.com/s/files/1/0947/5545/5242/files/GEL_IT_UP_SCRUB_200ml_SASSY_SASSY_NEW.webp?v=1777733856,1,,FALSE,,,,kg,,,active
gel-it-up-scrub-200ml-sassy-sassy-new,,,,,,,,,,,,,,,,,,,,,,,,,,,,,,,,https://cdn.shopify.com/s/files/1/0947/5545/5242/files/download_261dfe1a-a834-41d6-bea6-24576c4e3a7a.webp?v=1777739513,2,,,,,,,,,
rose-quartz-cat-eye-rqce2-htf,Rose Quartz Cat Eye #RQCE2 -HTF,"<p>Tutti i gel polish devono essere polimerizzati per almeno 60 secondi, poiché sono TPO-free.</p>",GEL.IT.UP Italy,,,Gel Polish,TRUE,Title,Default Title,,,,,,,,Rose Quartz Cat Eye #RQCE2 -HTF,11000,shopify,0,deny,manual,9.67,,TRUE,TRUE,,,,,,https://cdn.shopify.com/s/files/1/0947/5545/5242/files/Rose_Quartz_Cat_Eye_RQCE2_-HTF.webp?v=1777733852,1,,FALSE,,,,kg,,,active
rose-quartz-cat-eye-rqce2-htf,,,,,,,,,,,,,,,,,,,,,,,,,,,,,,,,https://cdn.shopify.com/s/files/1/0947/5545/5242/files/download_0a84e006-d5a5-45fe-8f0a-048cb8c6ae76.webp?v=1777739505,2,,,,,,,,,
2034-smurfs-baby-htf,2034 Smurfs Baby -HTF,"<p>Tutti i gel polish devono essere polimerizzati per almeno 60 secondi, poiché sono TPO-free.</p>",GEL.IT.UP Italy,,,"Solid Gel Colours, Blue, Gel Polish",TRUE,Title,Default Title,Blue,,,,,,,2034 Smurfs Baby -HTF,11000,shopify,0,deny,manual,7.41,,TRUE,TRUE,,,,,,https://cdn.shopify.com/s/files/1/0947/5545/5242/files/GIUP-2034.webp?v=1777733850,1,,FALSE,,,,kg,,,active
2034-smurfs-baby-htf,,,,,,"Solid Gel Colours, Blue, Gel Polish",,,,Blue,,,,,,,,,,,,,,,,,,,,,,https://cdn.shopify.com/s/files/1/0947/5545/5242/files/download_feae91c7-2366-4769-84fe-526432af5748.webp?v=1777739504,2,,,,,,,,,
gel-it-up-1-r13-11ml-htf,GEL.IT.UP 1 R13 11ml -HTF,"<p>Tutti i gel polish devono essere polimerizzati per almeno 60 secondi, poiché sono TPO-free.</p>",GEL.IT.UP Italy,,,Gel Polish,TRUE,Title,Default Title,,,,,,,,GEL.IT.UP 1 R13 11ml -HTF,11000,shopify,0,deny,manual,8.97,,TRUE,TRUE,,,,,,https://cdn.shopify.com/s/files/1/0947/5545/5242/files/GIUP-R013.webp?v=1777733846,1,,FALSE,,,,kg,,,active
gel-it-up-1-r13-11ml-htf,,,,,,,,,,,,,,,,,,,,,,,,,,,,,,,,https://cdn.shopify.com/s/files/1/0947/5545/5242/files/download_4eec8795-9e8f-4720-8601-37c48001947c.webp?v=1777739497,2,,,,,,,,,
2036-not-so-purple-htf,2036 Not So Purple -HTF,"<p>Tutti i gel polish devono essere polimerizzati per almeno 60 secondi, poiché sono TPO-free.</p>",GEL.IT.UP Italy,,,Gel Polish,TRUE,Title,Default Title,,,,,,,,2036 Not So Purple -HTF,11000,shopify,0,deny,manual,7.41,,TRUE,TRUE,,,,,,https://cdn.shopify.com/s/files/1/0947/5545/5242/files/GIUP-2036.webp?v=1777733844,1,,FALSE,,,,kg,,,active
2036-not-so-purple-htf,,,,,,,,,,,,,,,,,,,,,,,,,,,,,,,,https://cdn.shopify.com/s/files/1/0947/5545/5242/files/download_7e281752-44a3-44d0-aec9-a3a92cbd0a44.webp?v=1777739496,2,,,,,,,,,
dreamy-cat-eye-dce4-htf,Dreamy Cat Eye #DCE4 -HTF,"<p>Tutti i gel polish devono essere polimerizzati per almeno 60 secondi, poiché sono TPO-free.</p>",GEL.IT.UP Italy,,,Gel Polish,TRUE,Title,Default Title,,,,,,,,Dreamy Cat Eye #DCE4 -HTF,11000,shopify,0,deny,manual,8.97,,TRUE,TRUE,,,,,,https://cdn.shopify.com/s/files/1/0947/5545/5242/files/Dreamy_Cat_Eye_DCE4_-HTF.webp?v=1777733839,1,,FALSE,,,,kg,,,active
dreamy-cat-eye-dce4-htf,,,,,,,,,,,,,,,,,,,,,,,,,,,,,,,,https://cdn.shopify.com/s/files/1/0947/5545/5242/files/download_08397186-1bce-41a3-a97a-ffe5aed3709f.webp?v=1777739491,2,,,,,,,,,
29a-dz-dz-dzzzzz-htf,29A Dz Dz Dzzzzz -HTF,"<p>Tutti i gel polish devono essere polimerizzati per almeno 60 secondi, poiché sono TPO-free.</p>",GEL.IT.UP Italy,,,"Solid Gel Colours, Neon, Gel Polish",TRUE,Title,Default Title,Neon,,,,,,,29A Dz Dz Dzzzzz -HTF,11000,shopify,0,deny,manual,7.41,,TRUE,TRUE,,,,,,https://cdn.shopify.com/s/files/1/0947/5545/5242/files/GIUP-29A.webp?v=1777733838,1,,FALSE,,,,kg,,,active
29a-dz-dz-dzzzzz-htf,,,,,,"Solid Gel Colours, Neon, Gel Polish",,,,Neon,,,,,,,,,,,,,,,,,,,,,,https://cdn.shopify.com/s/files/1/0947/5545/5242/files/download_35d2b759-cf2d-4787-b2c0-fd69a445626c.webp?v=1777739489,2,,,,,,,,,
1915-mirage-htf,1915 Mirage -HTF,"<p>Tutti i gel polish devono essere polimerizzati per almeno 60 secondi, poiché sono TPO-free.</p>",GEL.IT.UP Italy,,,"Solid Gel Colours, Green, Gel Polish",TRUE,Title,Default Title,Green,,,,,,,1915 Mirage -HTF,11000,shopify,0,deny,manual,7.41,,TRUE,TRUE,,,,,,https://cdn.shopify.com/s/files/1/0947/5545/5242/files/GIUP-1915.webp?v=1777733833,1,,FALSE,,,,kg,,,active
1915-mirage-htf,,,,,,"Solid Gel Colours, Green, Gel Polish",,,,Green,,,,,,,,,,,,,,,,,,,,,,https://cdn.shopify.com/s/files/1/0947/5545/5242/files/download_d894042e-b670-45c0-849f-16b7c491d567.webp?v=1777739481,2,,,,,,,,,
professional-premium-cuticle-nipper-fine-cut-7mm-2117-new,"Professional Premium Cuticle Nipper, Fine Cut – 7mm 2117 New",,GEL.IT.UP Italy,,,,TRUE,Title,Default Title,,,,,,,,"Professional Premium Cuticle Nipper, Fine Cut – 7mm 2117 New",0,shopify,0,deny,manual,13.12,,TRUE,TRUE,,,,,,https://cdn.shopify.com/s/files/1/0947/5545/5242/files/06._CUTICLE_NIPPER_FINE_CUT.webp?v=1777733828,1,,FALSE,,,,kg,,,active
professional-premium-cuticle-nipper-fine-cut-7mm-2117-new,,,,,,,,,,,,,,,,,,,,,,,,,,,,,,,,https://cdn.shopify.com/s/files/1/0947/5545/5242/files/download_abb72f0a-01e2-45a5-a96e-50f58fcf0caf.webp?v=1777739478,2,,,,,,,,,
150-espresso-no-htf,150 Espresso No -HTF,"<p>Tutti i gel polish devono essere polimerizzati per almeno 60 secondi, poiché sono TPO-free.</p>",GEL.IT.UP Italy,,,"Solid Gel Colours, Brown, Gel Polish",TRUE,Title,Default Title,Brown,,,,,,,150 Espresso No -HTF,11000,shopify,0,deny,manual,7.41,,TRUE,TRUE,,,,,,https://cdn.shopify.com/s/files/1/0947/5545/5242/files/GIUP-150.webp?v=1777733827,1,,FALSE,,,,kg,,,active
150-espresso-no-htf,,,,,,"Solid Gel Colours, Brown, Gel Polish",,,,Brown,,,,,,,,,,,,,,,,,,,,,,https://cdn.shopify.com/s/files/1/0947/5545/5242/files/download_0c437de4-81b1-4c2f-8293-8b1d111971c4.webp?v=1777739475,2,,,,,,,,,
202-ogliterate-htf,202 Ogliterate -HTF,"<p>Tutti i gel polish devono essere polimerizzati per almeno 60 secondi, poiché sono TPO-free.</p>",GEL.IT.UP Italy,,,Gel Polish,TRUE,Title,Default Title,,,,,,,,202 Ogliterate -HTF,11000,shopify,0,deny,manual,7.41,,TRUE,TRUE,,,,,,https://cdn.shopify.com/s/files/1/0947/5545/5242/files/GIUP-202.webp?v=1777733823,1,,FALSE,,,,kg,,,active
202-ogliterate-htf,,,,,,,,,,,,,,,,,,,,,,,,,,,,,,,,https://cdn.shopify.com/s/files/1/0947/5545/5242/files/download_b5d1637d-b0f2-401e-bbbb-d603b58f3a0c.webp?v=1777739470,2,,,,,,,,,
by-the-ocean-bto03-htf,By The Ocean BTO03 -HTF,"<p>Tutti i gel polish devono essere polimerizzati per almeno 60 secondi, poiché sono TPO-free.</p>",GEL.IT.UP Italy,,,Gel Polish,TRUE,Title,Default Title,,,,,,,,By The Ocean BTO03 -HTF,11000,shopify,0,deny,manual,8.32,,TRUE,TRUE,,,,,,https://cdn.shopify.com/s/files/1/0947/5545/5242/files/GIUP-BTO03.webp?v=1777733822,1,,FALSE,,,,kg,,,active
by-the-ocean-bto03-htf,,,,,,,,,,,,,,,,,,,,,,,,,,,,,,,,https://cdn.shopify.com/s/files/1/0947/5545/5242/files/download_f1f09eed-4e17-45e9-86fb-afd83e7f0e6f.webp?v=1777739468,2,,,,,,,,,
2214-what-happened-to-olive-htf,2214 What happened to Olive -HTF,"<p>Tutti i gel polish devono essere polimerizzati per almeno 60 secondi, poiché sono TPO-free.</p>",GEL.IT.UP Italy,,,"Solid Gel Colours, Green, Gel Polish",TRUE,Title,Default Title,Green,,,,,,,2214 What happened to Olive -HTF,11000,shopify,0,deny,manual,7.41,,TRUE,TRUE,,,,,,https://cdn.shopify.com/s/files/1/0947/5545/5242/files/GIUP-2214.webp?v=1777733815,1,,FALSE,,,,kg,,,active
2214-htf,2214 What Happened To Olive? -HTF,"<p>Tutti i gel polish devono essere polimerizzati per almeno 60 secondi, poiché sono TPO-free.</p>",GEL.IT.UP Italy,Uncategorized,,Gel Polish,TRUE,Title,Default Title,,,,,,,,2214 -HTF,11000,shopify,0,deny,manual,7.41,,TRUE,TRUE,,,,,,https://cdn.shopify.com/s/files/1/0947/5545/5242/files/GIUP-2214.webp?v=1777733815,1,,FALSE,,,,kg,,,active
1801-2-hot-2-handle-htf,1801 2 Hot 2 Handle -HTF,"<p>Tutti i gel polish devono essere polimerizzati per almeno 60 secondi, poiché sono TPO-free.</p>",GEL.IT.UP Italy,,,"Solid Gel Colours, Red, Gel Polish",TRUE,Title,Default Title,Red,,,,,,,1801 2 Hot 2 Handle -HTF,11000,shopify,0,deny,manual,7.41,,TRUE,TRUE,,,,,,https://cdn.shopify.com/s/files/1/0947/5545/5242/files/GIUP-1801.webp?v=1777733815,1,,FALSE,,,,kg,,,active
1801-2-hot-2-handle-htf,,,,,,"Solid Gel Colours, Red, Gel Polish",,,,Red,,,,,,,,,,,,,,,,,,,,,,https://cdn.shopify.com/s/files/1/0947/5545/5242/files/download_aac5b264-ec40-4fc7-9bb3-de48fc456bac.webp?v=1777739459,2,,,,,,,,,
line-it-up-lilac-htf,LINE IT UP LILAC -HTF,"<p>Tutti i gel polish devono essere polimerizzati per almeno 60 secondi, poiché sono TPO-free.</p>",GEL.IT.UP Italy,,,Gel Polish,TRUE,Title,Default Title,,,,,,,,LINE IT UP LILAC -HTF,11000,shopify,0,deny,manual,5.48,,TRUE,TRUE,,,,,,https://cdn.shopify.com/s/files/1/0947/5545/5242/files/line-it-UP__0013_Lilac.webp?v=1777733810,1,,FALSE,,,,kg,,,active
line-it-up-lilac-htf,,,,,,,,,,,,,,,,,,,,,,,,,,,,,,,,https://cdn.shopify.com/s/files/1/0947/5545/5242/files/download_2bdfdc4a-a68c-4522-8ad6-5d4fd9a77e24.webp?v=1777739452,2,,,,,,,,,
1911-unveiling-htf,1911 Unveiling -HTF,"<p>Tutti i gel polish devono essere polimerizzati per almeno 60 secondi, poiché sono TPO-free.</p>",GEL.IT.UP Italy,,,"Solid Gel Colours, Pink, Gel Polish",TRUE,Title,Default Title,Pink,,,,,,,1911 Unveiling -HTF,11000,shopify,0,deny,manual,7.41,,TRUE,TRUE,,,,,,https://cdn.shopify.com/s/files/1/0947/5545/5242/files/GIUP-1911.webp?v=1777733809,1,,FALSE,,,,kg,,,active
1911-unveiling-htf,,,,,,"Solid Gel Colours, Pink, Gel Polish",,,,Pink,,,,,,,,,,,,,,,,,,,,,,https://cdn.shopify.com/s/files/1/0947/5545/5242/files/download_b1e30d2c-035f-4fb7-8e0c-0443c6b5372c.webp?v=1777739452,2,,,,,,,,,
liquid-polygel-lpg3-htf,Liquid Polygel #LPG3 -HTF,,GEL.IT.UP Italy,,,,TRUE,Title,Default Title,,,,,,,,Liquid Polygel #LPG3 -HTF,0,shopify,0,deny,manual,9.61,,TRUE,TRUE,,,,,,https://cdn.shopify.com/s/files/1/0947/5545/5242/files/LPG3.webp?v=1777733805,1,,FALSE,,,,kg,,,active
liquid-polygel-lpg3-htf,,,,,,,,,,,,,,,,,,,,,,,,,,,,,,,,https://cdn.shopify.com/s/files/1/0947/5545/5242/files/download_8f40982d-cb7a-4295-b1cc-970841bfbac4.webp?v=1777739445,2,,,,,,,,,
fan09-htf,FAN09 -HTF,"<p>Tutti i gel polish devono essere polimerizzati per almeno 60 secondi, poiché sono TPO-free.</p>",GEL.IT.UP Italy,Animals & Pet Supplies > Pet Supplies > Bird Supplies > Bird Cage Accessories,,Gel Polish,TRUE,Title,Default Title,,,,,,,,FAN09 -HTF,11000,shopify,0,deny,manual,9.67,,TRUE,TRUE,,,,,,https://cdn.shopify.com/s/files/1/0947/5545/5242/files/FAN09_-HTF.webp?v=1777733804,1,,FALSE,,,,kg,,,active
fan09-htf,,,,,,,,,,,,,,,,,,,,,,,,,,,,,,,,https://cdn.shopify.com/s/files/1/0947/5545/5242/files/download_73179184-ae01-4707-a37d-51b364000780.webp?v=1777739444,2,,,,,,,,,
line-it-up-pyrite-htf,LINE IT UP PYRITE -HTF,"<p>Tutti i gel polish devono essere polimerizzati per almeno 60 secondi, poiché sono TPO-free.</p>",GEL.IT.UP Italy,,,Gel Polish,TRUE,Title,Default Title,,,,,,,,LINE IT UP PYRITE -HTF,11000,shopify,0,deny,manual,5.48,,TRUE,TRUE,,,,,,https://cdn.shopify.com/s/files/1/0947/5545/5242/files/line-it-UP__0007_Pyrite.webp?v=1777733798,1,,FALSE,,,,kg,,,active
line-it-up-pyrite-htf,,,,,,,,,,,,,,,,,,,,,,,,,,,,,,,,https://cdn.shopify.com/s/files/1/0947/5545/5242/files/download_e69dc9b7-4a18-4dfa-bb24-63843924c083.webp?v=1777739437,2,,,,,,,,,
600-unicorn-htf,600 Unicorn -HTF,"<p>Tutti i gel polish devono essere polimerizzati per almeno 60 secondi, poiché sono TPO-free.</p>",GEL.IT.UP Italy,,,Gel Polish,TRUE,Title,Default Title,,,,,,,,600 Unicorn -HTF,11000,shopify,0,deny,manual,8.27,,TRUE,TRUE,,,,,,https://cdn.shopify.com/s/files/1/0947/5545/5242/files/600_Unicorn_-HTF.webp?v=1777733797,1,,FALSE,,,,kg,,,active
600-unicorn-htf,,,,,,,,,,,,,,,,,,,,,,,,,,,,,,,,https://cdn.shopify.com/s/files/1/0947/5545/5242/files/download_3dbaf19a-8d82-4d4c-9ad7-b51c74d0ccec.webp?v=1777739437,2,,,,,,,,,
1909-tamarix-htf,1909 Tamarix -HTF,"<p>Tutti i gel polish devono essere polimerizzati per almeno 60 secondi, poiché sono TPO-free.</p>",GEL.IT.UP Italy,,,"Solid Gel Colours, Pink, Gel Polish",TRUE,Title,Default Title,Pink,,,,,,,1909 Tamarix -HTF,11000,shopify,0,deny,manual,7.41,,TRUE,TRUE,,,,,,https://cdn.shopify.com/s/files/1/0947/5545/5242/files/GIUP-1909.webp?v=1777733791,1,,FALSE,,,,kg,,,active
1909-tamarix-htf,,,,,,"Solid Gel Colours, Pink, Gel Polish",,,,Pink,,,,,,,,,,,,,,,,,,,,,,https://cdn.shopify.com/s/files/1/0947/5545/5242/files/download_2f7cc28f-9293-4fd2-bb13-aa64af8a8f46.webp?v=1777739429,2,,,,,,,,,
tr06-mirror-x6-powder,TR06 Mirror X6 Powder,"<p>Aggiungi brillantezza alle tue unghie con i Mirror Powders, disponibili in 7 tonalità uniche. Dal silver luminoso al rose gold più deciso, sono ideali per professionisti e amanti della nail art.</p>",GEL.IT.UP Italy,,,,TRUE,Title,Default Title,,,,,,,,TR06 Mirror X6 Powder,0,shopify,0,deny,manual,5.15,,TRUE,TRUE,,,,,,https://cdn.shopify.com/s/files/1/0947/5545/5242/files/MIRROR_X6_1c711ead-21f1-436f-b487-43ecac1cd1d8.webp?v=1777733793,1,,FALSE,,,,kg,,,active
tr06-mirror-x6-powder,,,,,,,,,,,,,,,,,,,,,,,,,,,,,,,,https://cdn.shopify.com/s/files/1/0947/5545/5242/files/download_02fefd17-3da7-483b-9665-61fa17800f45.webp?v=1777739430,2,,,,,,,,,
brush-on-builder-gel-rose-glitter-15ml-htf,Brush on Builder Gel Rose Glitter 15ml -HTF,"<p>Brush On Builder è un BIAB autolivellante in flacone, ideale per rinforzare, modellare e perfezionare l’unghia naturale. Adatto anche per piccoli allungamenti fino a 3 mm.</p>",GEL.IT.UP Italy,,,,TRUE,Title,Default Title,,,,,,,,Brush on Builder Gel Rose Glitter 15ml -HTF,15000,shopify,0,deny,manual,11.94,,TRUE,TRUE,,,,,,https://cdn.shopify.com/s/files/1/0947/5545/5242/files/GIUP-BOBGLROS.webp?v=1777733785,1,,FALSE,,,,kg,,,active
brush-on-builder-gel-rose-glitter-15ml-htf,,,,,,,,,,,,,,,,,,,,,,,,,,,,,,,,https://cdn.shopify.com/s/files/1/0947/5545/5242/files/download_0b202edb-c3a4-4a3d-8a1b-97b5ffb58011.webp?v=1777739422,2,,,,,,,,,
2122-no-fear-htf,2122 No Fear -HTF,"<p>Tutti i gel polish devono essere polimerizzati per almeno 60 secondi, poiché sono TPO-free.</p>",GEL.IT.UP Italy,,,"Solid Gel Colours, Green, Gel Polish",TRUE,Title,Default Title,Green,,,,,,,2122 No Fear -HTF,11000,shopify,0,deny,manual,7.41,,TRUE,TRUE,,,,,,https://cdn.shopify.com/s/files/1/0947/5545/5242/files/GIUP-2122.webp?v=1777733780,1,,FALSE,,,,kg,,,active
2122-no-fear-htf,,,,,,"Solid Gel Colours, Green, Gel Polish",,,,Green,,,,,,,,,,,,,,,,,,,,,,https://cdn.shopify.com/s/files/1/0947/5545/5242/files/download_f5cdfdd4-adb1-4b29-b247-9b8e6805bba3.webp?v=1777739417,2,,,,,,,,,
122-floating-lilly-htf,122 Floating Lilly -HTF,"<p>Tutti i gel polish devono essere polimerizzati per almeno 60 secondi, poiché sono TPO-free.</p>",GEL.IT.UP Italy,,,"Solid Gel Colours, Purple, Gel Polish",TRUE,Title,Default Title,Purple,,,,,,,122 Floating Lilly -HTF,11000,shopify,0,deny,manual,7.41,,TRUE,TRUE,,,,,,https://cdn.shopify.com/s/files/1/0947/5545/5242/files/GIUP-122.webp?v=1777733778,1,,FALSE,,,,kg,,,active
122-floating-lilly-htf,,,,,,"Solid Gel Colours, Purple, Gel Polish",,,,Purple,,,,,,,,,,,,,,,,,,,,,,https://cdn.shopify.com/s/files/1/0947/5545/5242/files/download_c8745089-628d-40d6-951d-cfb3542cda68.webp?v=1777739414,2,,,,,,,,,
93-grey-envy-htf,93 Grey Envy -HTF,"<p>Tutti i gel polish devono essere polimerizzati per almeno 60 secondi, poiché sono TPO-free.</p>",GEL.IT.UP Italy,,,"Solid Gel Colours, Green, Gel Polish",TRUE,Title,Default Title,Green,,,,,,,93 Grey Envy -HTF,11000,shopify,0,deny,manual,7.41,,TRUE,TRUE,,,,,,https://cdn.shopify.com/s/files/1/0947/5545/5242/files/GIUP-93.webp?v=1777733774,1,,FALSE,,,,kg,,,active
93-grey-envy-htf,,,,,,"Solid Gel Colours, Green, Gel Polish",,,,Green,,,,,,,,,,,,,,,,,,,,,,https://cdn.shopify.com/s/files/1/0947/5545/5242/files/download_946d12f8-dd20-4fa7-aa75-d2c9a85b83b0.webp?v=1777739409,2,,,,,,,,,
professional-spring-scissors-curved-1468-new,"Professional Spring Scissors, Curved 1468 New",,GEL.IT.UP Italy,,,,TRUE,Title,Default Title,,,,,,,,"Professional Spring Scissors, Curved 1468 New",0,shopify,0,deny,manual,14.13,,TRUE,TRUE,,,,,,https://cdn.shopify.com/s/files/1/0947/5545/5242/files/04._CUTICLE_SPRING_SCISSOR_CURVED.webp?v=1777733772,1,,FALSE,,,,kg,,,active
professional-spring-scissors-curved-1468-new,,,,,,,,,,,,,,,,,,,,,,,,,,,,,,,,https://cdn.shopify.com/s/files/1/0947/5545/5242/files/download_79c01691-23af-4384-961a-534c683017e0.webp?v=1777739408,2,,,,,,,,,
331-bloody-red-htf,331 Bloody Red -HTF,"<p>Tutti i gel polish devono essere polimerizzati per almeno 60 secondi, poiché sono TPO-free.</p>",GEL.IT.UP Italy,,,Gel Polish,TRUE,Title,Default Title,,,,,,,,331 Bloody Red -HTF,11000,shopify,0,deny,manual,7.41,,TRUE,TRUE,,,,,,https://cdn.shopify.com/s/files/1/0947/5545/5242/files/GIUP-33.webp?v=1777733767,1,,FALSE,,,,kg,,,active
33-finding-nemo-htf,33 Finding Nemo -HTF,"<p>Tutti i gel polish devono essere polimerizzati per almeno 60 secondi, poiché sono TPO-free.</p>",GEL.IT.UP Italy,,,"Solid Gel Colours, Coral Orange, Gel Polish",TRUE,Title,Default Title,Coral Orange,,,,,,,33 Finding Nemo -HTF,11000,shopify,0,deny,manual,7.41,,TRUE,TRUE,,,,,,https://cdn.shopify.com/s/files/1/0947/5545/5242/files/GIUP-33.webp?v=1777733767,1,,FALSE,,,,kg,,,active
33-finding-nemo-htf,,,,,,"Solid Gel Colours, Coral Orange, Gel Polish",,,,Coral Orange,,,,,,,,,,,,,,,,,,,,,,https://cdn.shopify.com/s/files/1/0947/5545/5242/files/download_b25019b1-2444-4c1b-aae5-3b4bd79dc676.webp?v=1777739399,2,,,,,,,,,
apron-black-with-logo,Apron Black With Logo,,GEL.IT.UP Italy,,,,TRUE,Title,Default Title,,,,,,,,Apron Black With Logo,0,shopify,0,deny,manual,11.61,,TRUE,TRUE,,,,,,https://cdn.shopify.com/s/files/1/0947/5545/5242/files/apron.webp?v=1777733766,1,,FALSE,,,,kg,,,active
apron-black-with-logo,,,,,,,,,,,,,,,,,,,,,,,,,,,,,,,,https://cdn.shopify.com/s/files/1/0947/5545/5242/files/download_953aec3f-298f-4368-b40b-45e82dfe7a9d.webp?v=1777739399,2,,,,,,,,,
708-blue-bayou-htf,708 Blue Bayou -HTF,"<p>Tutti i gel polish devono essere polimerizzati per almeno 60 secondi, poiché sono TPO-free.</p>",GEL.IT.UP Italy,,,"Solid Gel Colours, Blue, Gel Polish",TRUE,Title,Default Title,Blue,,,,,,,708 Blue Bayou -HTF,11000,shopify,0,deny,manual,7.41,,TRUE,TRUE,,,,,,https://cdn.shopify.com/s/files/1/0947/5545/5242/files/GIUP-708.webp?v=1777733761,1,,FALSE,,,,kg,,,active
708-blue-bayou-htf,,,,,,"Solid Gel Colours, Blue, Gel Polish",,,,Blue,,,,,,,,,,,,,,,,,,,,,,https://cdn.shopify.com/s/files/1/0947/5545/5242/files/download_25f16f79-95fd-47b9-9f94-c74be5dfd630.webp?v=1777739392,2,,,,,,,,,
2452-uni-scorpion-htf,2452 Uni-Scorpion -HTF,"<p>Tutti i gel polish devono essere polimerizzati per almeno 60 secondi, poiché sono TPO-free.</p>",GEL.IT.UP Italy,,,Gel Polish,TRUE,Title,Default Title,,,,,,,,2452 Uni-Scorpion -HTF,11000,shopify,0,deny,manual,7.41,,TRUE,TRUE,,,,,,https://cdn.shopify.com/s/files/1/0947/5545/5242/files/GIUP-2452.webp?v=1777733756,1,,FALSE,,,,kg,,,active
2452-uni-scorpion-htf,,,,,,,,,,,,,,,,,,,,,,,,,,,,,,,,https://cdn.shopify.com/s/files/1/0947/5545/5242/files/download_02724cdd-7e74-4176-a297-16950a23569d.webp?v=1777739385,2,,,,,,,,,
shimmer-collection-sh11-htf,Shimmer Collection #SH11 -HTF,"<p>Tutti i gel polish devono essere polimerizzati per almeno 60 secondi, poiché sono TPO-free.</p>",GEL.IT.UP Italy,,,Gel Polish,TRUE,Title,Default Title,,,,,,,,Shimmer Collection #SH11 -HTF,11000,shopify,0,deny,manual,8.9,,TRUE,TRUE,,,,,,https://cdn.shopify.com/s/files/1/0947/5545/5242/files/SH11.webp?v=1777733756,1,,FALSE,,,,kg,,,active
shimmer-collection-sh11-htf,,,,,,,,,,,,,,,,,,,,,,,,,,,,,,,,https://cdn.shopify.com/s/files/1/0947/5545/5242/files/download_1c2e5088-4ff1-473d-a789-be565f62d71d.webp?v=1777739385,2,,,,,,,,,
velvet-cat-eye-vce09-htf,Velvet Cat Eye #VCE09 -HTF,"<p>Tutti i gel polish devono essere polimerizzati per almeno 60 secondi, poiché sono TPO-free.</p>",GEL.IT.UP Italy,,,Gel Polish,TRUE,Title,Default Title,,,,,,,,Velvet Cat Eye #VCE09 -HTF,11000,shopify,0,deny,manual,9.03,,TRUE,TRUE,,,,,,https://cdn.shopify.com/s/files/1/0947/5545/5242/files/Velvet_Cat_Eye_VCE09_-HTF.webp?v=1777733750,1,,FALSE,,,,kg,,,active
09-coco-nude-htf,09 Coco Nude -HTF,"<p>Tutti i gel polish devono essere polimerizzati per almeno 60 secondi, poiché sono TPO-free.</p>",GEL.IT.UP Italy,Uncategorized,,Gel Polish,TRUE,Title,Default Title,,,,,,,,09 Coco Nude -HTF,11000,shopify,0,deny,manual,7.41,,TRUE,TRUE,,,,,,https://cdn.shopify.com/s/files/1/0947/5545/5242/files/GIUP-09.webp?v=1777818776,1,,FALSE,,,,kg,,,active
119-indescent-proposal-htf,119 Indescent Proposal -HTF,"<p>Tutti i gel polish devono essere polimerizzati per almeno 60 secondi, poiché sono TPO-free.</p>",GEL.IT.UP Italy,,,"Solid Gel Colours, Pink, Gel Polish",TRUE,Title,Default Title,Pink,,,,,,,119 Indescent Proposal -HTF,11000,shopify,0,deny,manual,7.41,,TRUE,TRUE,,,,,,https://cdn.shopify.com/s/files/1/0947/5545/5242/files/GIUP-119.webp?v=1777733747,1,,FALSE,,,,kg,,,active
119-indescent-proposal-htf,,,,,,"Solid Gel Colours, Pink, Gel Polish",,,,Pink,,,,,,,,,,,,,,,,,,,,,,https://cdn.shopify.com/s/files/1/0947/5545/5242/files/download_e42e804a-a16e-4f6d-b7be-d614989bbae4.webp?v=1777739375,2,,,,,,,,,
1929-paint-it-green-htf,1929 Paint It Green -HTF,"<p>Tutti i gel polish devono essere polimerizzati per almeno 60 secondi, poiché sono TPO-free.</p>",GEL.IT.UP Italy,,,"Solid Gel Colours, Green, Gel Polish",TRUE,Title,Default Title,Green,,,,,,,1929 Paint It Green -HTF,11000,shopify,0,deny,manual,7.41,,TRUE,TRUE,,,,,,https://cdn.shopify.com/s/files/1/0947/5545/5242/files/GIUP-1929.webp?v=1777733741,1,,FALSE,,,,kg,,,active
1929-paint-it-green-htf,,,,,,"Solid Gel Colours, Green, Gel Polish",,,,Green,,,,,,,,,,,,,,,,,,,,,,https://cdn.shopify.com/s/files/1/0947/5545/5242/files/download_06820f9e-d2d8-4e7d-afbd-05d199dbb2e2.webp?v=1777739369,2,,,,,,,,,
multimix-synthogel-30g-blue-glitter-htf,MultiMix Synthogel 30g Blue Glitter -HTF,"<p>Formula di alta qualità che unisce la resistenza dell’acrilico alla facilità del gel. Ideale per rinforzo dell’unghia naturale e ricostruzioni, non cola, è inodore e non brucia in lampada. Applicabile con Dual Form, Nail Forms o tecnica libera. 100% HEMA/TPO-free.</p>",GEL.IT.UP Italy,,,,TRUE,Title,Default Title,,,,,,,,MultiMix Synthogel 30g Blue Glitter -HTF,30000,shopify,0,deny,manual,12.19,,TRUE,TRUE,,,,,,https://cdn.shopify.com/s/files/1/0947/5545/5242/files/multimix_blue_glitter_color.webp?v=1777733743,1,,FALSE,,,,kg,,,active
multimix-synthogel-30g-blue-glitter-htf,,,,,,,,,,,,,,,,,,,,,,,,,,,,,,,,https://cdn.shopify.com/s/files/1/0947/5545/5242/files/download_9a51ed65-2ec9-4c7c-967c-da9010bb888a.webp?v=1777739370,2,,,,,,,,,
2228-spilt-wine-htf,2228 Spilt Wine -HTF,"<p>Tutti i gel polish devono essere polimerizzati per almeno 60 secondi, poiché sono TPO-free.</p>",GEL.IT.UP Italy,,,"Solid Gel Colours, Purple, Gel Polish",TRUE,Title,Default Title,Purple,,,,,,,2228 Spilt Wine -HTF,11000,shopify,0,deny,manual,7.41,,TRUE,TRUE,,,,,,https://cdn.shopify.com/s/files/1/0947/5545/5242/files/GIUP-2228.webp?v=1777733735,1,,FALSE,,,,kg,,,active
2228-spilt-wine-htf,,,,,,"Solid Gel Colours, Purple, Gel Polish",,,,Purple,,,,,,,,,,,,,,,,,,,,,,https://cdn.shopify.com/s/files/1/0947/5545/5242/files/download_1d39a142-3187-4bd2-9c62-ef670f59a37e.webp?v=1777739361,2,,,,,,,,,
79-mobi-dick-htf,79 Mobi Dick -HTF,"<p>Tutti i gel polish devono essere polimerizzati per almeno 60 secondi, poiché sono TPO-free.</p>",GEL.IT.UP Italy,,,"Solid Gel Colours, Blue, Gel Polish",TRUE,Title,Default Title,Blue,,,,,,,79 Mobi Dick -HTF,11000,shopify,0,deny,manual,7.41,,TRUE,TRUE,,,,,,https://cdn.shopify.com/s/files/1/0947/5545/5242/files/GIUP-79.webp?v=1777733735,1,,FALSE,,,,kg,,,active
79-mobi-dick-htf,,,,,,"Solid Gel Colours, Blue, Gel Polish",,,,Blue,,,,,,,,,,,,,,,,,,,,,,https://cdn.shopify.com/s/files/1/0947/5545/5242/files/download_3678834f-a6bc-4965-b666-8f85a2b53d07.webp?v=1777739361,2,,,,,,,,,
2208-htf,2208 -HTF,"<p>Tutti i gel polish devono essere polimerizzati per almeno 60 secondi, poiché sono TPO-free.</p>",GEL.IT.UP Italy,,,"Solid Gel Colours, Pink, Gel Polish",TRUE,Title,Default Title,Pink,,,,,,,2208 -HTF,11000,shopify,0,deny,manual,7.41,,TRUE,TRUE,,,,,,https://cdn.shopify.com/s/files/1/0947/5545/5242/files/GIUP-2208.webp?v=1777733730,1,,FALSE,,,,kg,,,active
2208-htf,,,,,,"Solid Gel Colours, Pink, Gel Polish",,,,Pink,,,,,,,,,,,,,,,,,,,,,,https://cdn.shopify.com/s/files/1/0947/5545/5242/files/download_dd2514e6-a94b-4e2d-9d4c-a09cbef32e1f.webp?v=1777739354,2,,,,,,,,,
2027-emerald-coast-htf,2027 Emerald Coast -HTF,"<p>Tutti i gel polish devono essere polimerizzati per almeno 60 secondi, poiché sono TPO-free.</p>",GEL.IT.UP Italy,,,"Solid Gel Colours, Green, Gel Polish",TRUE,Title,Default Title,Green,,,,,,,2027 Emerald Coast -HTF,11000,shopify,0,deny,manual,7.41,,TRUE,TRUE,,,,,,https://cdn.shopify.com/s/files/1/0947/5545/5242/files/GIUP-2027.webp?v=1777733729,1,,FALSE,,,,kg,,,active
2027-emerald-coast-htf,,,,,,"Solid Gel Colours, Green, Gel Polish",,,,Green,,,,,,,,,,,,,,,,,,,,,,https://cdn.shopify.com/s/files/1/0947/5545/5242/files/download_fd118f7a-64c8-48fc-a244-60683bd1d0eb.webp?v=1777739354,2,,,,,,,,,
2326-firework-flicker-htf,2326 Firework Flicker -HTF,"<p>Tutti i gel polish devono essere polimerizzati per almeno 60 secondi, poiché sono TPO-free.</p>",GEL.IT.UP Italy,,,Gel Polish,TRUE,Title,Default Title,,,,,,,,2326 Firework Flicker -HTF,11000,shopify,0,deny,manual,7.41,,TRUE,TRUE,,,,,,https://cdn.shopify.com/s/files/1/0947/5545/5242/files/GIUP-2326.webp?v=1777733724,1,,FALSE,,,,kg,,,active
2326-firework-flicker-htf,,,,,,,,,,,,,,,,,,,,,,,,,,,,,,,,https://cdn.shopify.com/s/files/1/0947/5545/5242/files/download_71cee55f-186f-435f-a213-ec33478cd66b.webp?v=1777739346,2,,,,,,,,,
gel-it-up-1-r37-11ml-htf,GEL.IT.UP 1 R37 11ml -HTF,"<p>Tutti i gel polish devono essere polimerizzati per almeno 60 secondi, poiché sono TPO-free.</p>",GEL.IT.UP Italy,,,Gel Polish,TRUE,Title,Default Title,,,,,,,,GEL.IT.UP 1 R37 11ml -HTF,11000,shopify,0,deny,manual,8.97,,TRUE,TRUE,,,,,,https://cdn.shopify.com/s/files/1/0947/5545/5242/files/GIUP-R037.webp?v=1777733723,1,,FALSE,,,,kg,,,active
gel-it-up-1-r37-11ml-htf,,,,,,,,,,,,,,,,,,,,,,,,,,,,,,,,https://cdn.shopify.com/s/files/1/0947/5545/5242/files/download_52579c63-2574-4f2f-8adb-817b42d50c40.webp?v=1777739346,2,,,,,,,,,
96-stoned-htf,96 Stoned -HTF,"<p>Tutti i gel polish devono essere polimerizzati per almeno 60 secondi, poiché sono TPO-free.</p>",GEL.IT.UP Italy,,,"Solid Gel Colours, Green, Gel Polish",TRUE,Title,Default Title,Green,,,,,,,96 Stoned -HTF,11000,shopify,0,deny,manual,7.41,,TRUE,TRUE,,,,,,https://cdn.shopify.com/s/files/1/0947/5545/5242/files/GIUP-96.webp?v=1777733718,1,,FALSE,,,,kg,,,active
96-stoned-htf,,,,,,"Solid Gel Colours, Green, Gel Polish",,,,Green,,,,,,,,,,,,,,,,,,,,,,https://cdn.shopify.com/s/files/1/0947/5545/5242/files/download_d925cda8-78bb-4585-8239-472f19ea9c70.webp?v=1777739339,2,,,,,,,,,
60-candy-apple-htf,60 Candy Apple -HTF,"<p>Tutti i gel polish devono essere polimerizzati per almeno 60 secondi, poiché sono TPO-free.</p>",GEL.IT.UP Italy,,,"Solid Gel Colours, Red, Gel Polish",TRUE,Title,Default Title,Red,,,,,,,60 Candy Apple -HTF,11000,shopify,0,deny,manual,7.41,,TRUE,TRUE,,,,,,https://cdn.shopify.com/s/files/1/0947/5545/5242/files/GIUP-60.webp?v=1777733718,1,,FALSE,,,,kg,,,active
60-candy-apple-htf,,,,,,"Solid Gel Colours, Red, Gel Polish",,,,Red,,,,,,,,,,,,,,,,,,,,,,https://cdn.shopify.com/s/files/1/0947/5545/5242/files/download_7e81568c-34be-4db4-8584-dd8764ddeaf5.webp?v=1777739338,2,,,,,,,,,
226-show-off-htf,226 Show Off -HTF,"<p>Tutti i gel polish devono essere polimerizzati per almeno 60 secondi, poiché sono TPO-free.</p>",GEL.IT.UP Italy,,,Gel Polish,TRUE,Title,Default Title,,,,,,,,226 Show Off -HTF,11000,shopify,0,deny,manual,7.41,,TRUE,TRUE,,,,,,https://cdn.shopify.com/s/files/1/0947/5545/5242/files/GIUP-226.webp?v=1777733713,1,,FALSE,,,,kg,,,active
226-show-off-htf,,,,,,,,,,,,,,,,,,,,,,,,,,,,,,,,https://cdn.shopify.com/s/files/1/0947/5545/5242/files/download_558a46c0-7e81-40cf-92df-e302c35e379b.webp?v=1777739331,2,,,,,,,,,
gel-it-up-1-r03-11ml-htf,GEL.IT.UP 1 R03 11ml -HTF,"<p>Tutti i gel polish devono essere polimerizzati per almeno 60 secondi, poiché sono TPO-free.</p>",GEL.IT.UP Italy,,,Gel Polish,TRUE,Title,Default Title,,,,,,,,GEL.IT.UP 1 R03 11ml -HTF,11000,shopify,0,deny,manual,8.97,,TRUE,TRUE,,,,,,https://cdn.shopify.com/s/files/1/0947/5545/5242/files/GIUP-R03.webp?v=1777733708,1,,FALSE,,,,kg,,,active
gel-it-up-1-r03-11ml-htf,,,,,,,,,,,,,,,,,,,,,,,,,,,,,,,,https://cdn.shopify.com/s/files/1/0947/5545/5242/files/download_19b3cb3f-12c4-44ee-b0ce-48300ccd562f.webp?v=1777739326,2,,,,,,,,,
2415-sweet-16-htf,2415 Sweet 16 -HTF,"<p>Tutti i gel polish devono essere polimerizzati per almeno 60 secondi, poiché sono TPO-free.</p>",GEL.IT.UP Italy,,,Gel Polish,TRUE,Title,Default Title,,,,,,,,2415 Sweet 16 -HTF,11000,shopify,0,deny,manual,7.41,,TRUE,TRUE,,,,,,https://cdn.shopify.com/s/files/1/0947/5545/5242/files/GIUP-2415.webp?v=1777733707,1,,FALSE,,,,kg,,,active
2415-sweet-16-htf,,,,,,,,,,,,,,,,,,,,,,,,,,,,,,,,https://cdn.shopify.com/s/files/1/0947/5545/5242/files/download_a20f1622-b38f-434c-b4bd-cb4e16e5a3e8.webp?v=1777739324,2,,,,,,,,,
multimix-synthogel-60gr-pink-ii-htf,MultiMix Synthogel 60gr Pink II -HTF,"<p>Formula di alta qualità che unisce la resistenza dell’acrilico alla facilità del gel. Ideale per rinforzo dell’unghia naturale e ricostruzioni, non cola, è inodore e non brucia in lampada. Applicabile con Dual Form, Nail Forms o tecnica libera. 100% HEMA/TPO-free.</p>",GEL.IT.UP Italy,,,,TRUE,Title,Default Title,,,,,,,,MultiMix Synthogel 60gr Pink II -HTF,60000,shopify,0,deny,manual,21.29,,TRUE,TRUE,,,,,,https://cdn.shopify.com/s/files/1/0947/5545/5242/files/multimix_glitterpink_color.webp?v=1777733702,1,,FALSE,,,,kg,,,active
multimix-synthogel-60gr-glitter-pink-htf,MultiMix Synthogel 60gr Glitter Pink -HTF,"<p>Formula di alta qualità che unisce la resistenza dell’acrilico alla facilità del gel. Ideale per rinforzo dell’unghia naturale e ricostruzioni, non cola, è inodore e non brucia in lampada. Applicabile con Dual Form, Nail Forms o tecnica libera. 100% HEMA/TPO-free.</p>",GEL.IT.UP Italy,,,,TRUE,Title,Default Title,,,,,,,,MultiMix Synthogel 60gr Glitter Pink -HTF,60000,shopify,0,deny,manual,21.29,,TRUE,TRUE,,,,,,https://cdn.shopify.com/s/files/1/0947/5545/5242/files/multimix_glitterpink_color.webp?v=1777733702,1,,FALSE,,,,kg,,,active
multimix-synthogel-60gr-glitter-pink-htf,,,,,,,,,,,,,,,,,,,,,,,,,,,,,,,,https://cdn.shopify.com/s/files/1/0947/5545/5242/files/download_a0af156c-b5af-4200-ab93-cbb190f07ca1.webp?v=1777739319,2,,,,,,,,,
gel-it-up-1-r39-11ml-htf,GEL.IT.UP 1 R39 11ml -HTF,"<p>Tutti i gel polish devono essere polimerizzati per almeno 60 secondi, poiché sono TPO-free.</p>",GEL.IT.UP Italy,,,Gel Polish,TRUE,Title,Default Title,,,,,,,,GEL.IT.UP 1 R39 11ml -HTF,11000,shopify,0,deny,manual,8.97,,TRUE,TRUE,,,,,,https://cdn.shopify.com/s/files/1/0947/5545/5242/files/GIUP-39.webp?v=1777733696,1,,FALSE,,,,kg,,,active
39-mandarinia-htf,39 Mandarinia -HTF,"<p>Tutti i gel polish devono essere polimerizzati per almeno 60 secondi, poiché sono TPO-free.</p>",GEL.IT.UP Italy,,,"Solid Gel Colours, Coral Orange, Gel Polish",TRUE,Title,Default Title,Coral Orange,,,,,,,39 Mandarinia -HTF,11000,shopify,0,deny,manual,7.41,,TRUE,TRUE,,,,,,https://cdn.shopify.com/s/files/1/0947/5545/5242/files/GIUP-39.webp?v=1777733696,1,,FALSE,,,,kg,,,active
39-mandarinia-htf,,,,,,"Solid Gel Colours, Coral Orange, Gel Polish",,,,Coral Orange,,,,,,,,,,,,,,,,,,,,,,https://cdn.shopify.com/s/files/1/0947/5545/5242/files/download_f620b4f0-400d-49b4-84de-f3dc71240cf6.webp?v=1777739311,2,,,,,,,,,
fan03-htf,FAN03 -HTF,"<p>Tutti i gel polish devono essere polimerizzati per almeno 60 secondi, poiché sono TPO-free.</p>",GEL.IT.UP Italy,Animals & Pet Supplies > Pet Supplies > Bird Supplies > Bird Cage Accessories,,Gel Polish,TRUE,Title,Default Title,,,,,,,,FAN03 -HTF,11000,shopify,0,deny,manual,9.67,,TRUE,TRUE,,,,,,https://cdn.shopify.com/s/files/1/0947/5545/5242/files/FAN03_-HTF.webp?v=1777733697,1,,FALSE,,,,kg,,,active
fan03-htf,,,,,,,,,,,,,,,,,,,,,,,,,,,,,,,,https://cdn.shopify.com/s/files/1/0947/5545/5242/files/download_87fab0c3-34ed-4b10-a8fd-f98219406322.webp?v=1777739311,2,,,,,,,,,
gel-it-up-1-r21-11ml-htf,GEL.IT.UP 1 R21 11ml -HTF,"<p>Tutti i gel polish devono essere polimerizzati per almeno 60 secondi, poiché sono TPO-free.</p>",GEL.IT.UP Italy,,,Gel Polish,TRUE,Title,Default Title,,,,,,,,GEL.IT.UP 1 R21 11ml -HTF,11000,shopify,0,deny,manual,8.97,,TRUE,TRUE,,,,,,https://cdn.shopify.com/s/files/1/0947/5545/5242/files/GIUP-R021.webp?v=1777733690,1,,FALSE,,,,kg,,,active
gel-it-up-1-r21-11ml-htf,,,,,,,,,,,,,,,,,,,,,,,,,,,,,,,,https://cdn.shopify.com/s/files/1/0947/5545/5242/files/download_f35ad8a0-62f0-48e9-b591-509f8ca051db.webp?v=1777739303,2,,,,,,,,,
2528-queen-of-the-night-htf,2528 Queen of the night -HTF,"<p>Tutti i gel polish devono essere polimerizzati per almeno 60 secondi, poiché sono TPO-free.</p>",GEL.IT.UP Italy,,,"Solid Gel Colours, Red, Gel Polish",TRUE,Title,Default Title,Red,,,,,,,2528 Queen of the night -HTF,11000,shopify,0,deny,manual,7.41,,TRUE,TRUE,,,,,,https://cdn.shopify.com/s/files/1/0947/5545/5242/files/GIUP-2528.webp?v=1777733689,1,,FALSE,,,,kg,,,active
2528-queen-of-the-night-htf,,,,,,"Solid Gel Colours, Red, Gel Polish",,,,Red,,,,,,,,,,,,,,,,,,,,,,https://cdn.shopify.com/s/files/1/0947/5545/5242/files/download_8c55b865-25e9-40b8-92aa-1b4752749fa2.webp?v=1777739303,2,,,,,,,,,
1937-star-studded-htf,1937 Star-Studded -HTF,"<p>Tutti i gel polish devono essere polimerizzati per almeno 60 secondi, poiché sono TPO-free.</p>",GEL.IT.UP Italy,,,Gel Polish,TRUE,Title,Default Title,,,,,,,,1937 Star-Studded -HTF,11000,shopify,0,deny,manual,7.41,,TRUE,TRUE,,,,,,https://cdn.shopify.com/s/files/1/0947/5545/5242/files/GIUP-1937.webp?v=1777733684,1,,FALSE,,,,kg,,,active
1937-star-studded-htf,,,,,,,,,,,,,,,,,,,,,,,,,,,,,,,,https://cdn.shopify.com/s/files/1/0947/5545/5242/files/download_842c7f48-de2f-4241-a327-de93939750c5.webp?v=1777739296,2,,,,,,,,,
by-the-ocean-bto06-htf,By The Ocean BTO06 -HTF,"<p>Tutti i gel polish devono essere polimerizzati per almeno 60 secondi, poiché sono TPO-free.</p>",GEL.IT.UP Italy,,,Gel Polish,TRUE,Title,Default Title,,,,,,,,By The Ocean BTO06 -HTF,11000,shopify,0,deny,manual,8.32,,TRUE,TRUE,,,,,,https://cdn.shopify.com/s/files/1/0947/5545/5242/files/GIUP-BTO06.webp?v=1777733684,1,,FALSE,,,,kg,,,active
by-the-ocean-bto06-htf,,,,,,,,,,,,,,,,,,,,,,,,,,,,,,,,https://cdn.shopify.com/s/files/1/0947/5545/5242/files/download_f2d2c23f-9851-4c20-9813-ec84ba4fa496.webp?v=1777739295,2,,,,,,,,,
1942-o-zone-htf,1942 O-Zone -HTF,"<p>Tutti i gel polish devono essere polimerizzati per almeno 60 secondi, poiché sono TPO-free.</p>",GEL.IT.UP Italy,,,Gel Polish,TRUE,Title,Default Title,,,,,,,,1942 O-Zone -HTF,11000,shopify,0,deny,manual,7.41,,TRUE,TRUE,,,,,,https://cdn.shopify.com/s/files/1/0947/5545/5242/files/GIUP-1942.webp?v=1777733678,1,,FALSE,,,,kg,,,active
1942-o-zone-htf,,,,,,,,,,,,,,,,,,,,,,,,,,,,,,,,https://cdn.shopify.com/s/files/1/0947/5545/5242/files/download_c7b4f740-438c-4dc0-bb2e-7404ee44f391.webp?v=1777739288,2,,,,,,,,,
cleanser-200-ml-htf,Cleanser 200 ml -HTF,,GEL.IT.UP Italy,,,,TRUE,Title,Default Title,,,,,,,,Cleanser 200 ml -HTF,200000,shopify,0,deny,manual,4.78,,TRUE,TRUE,,,,,,https://cdn.shopify.com/s/files/1/0947/5545/5242/files/CLEANSER.webp?v=1777733678,1,,FALSE,,,,kg,,,active
cleanser-200-ml-htf,,,,,,,,,,,,,,,,,,,,,,,,,,,,,,,,https://cdn.shopify.com/s/files/1/0947/5545/5242/files/download_c41d4627-a712-4009-bb58-ca1877a720bd.webp?v=1777739288,2,,,,,,,,,
2320-orchid-obsession-htf,2320 Orchid Obsession -HTF,"<p>Tutti i gel polish devono essere polimerizzati per almeno 60 secondi, poiché sono TPO-free.</p>",GEL.IT.UP Italy,,,"Solid Gel Colours, Purple, Gel Polish",TRUE,Title,Default Title,Purple,,,,,,,2320 Orchid Obsession -HTF,11000,shopify,0,deny,manual,7.41,,TRUE,TRUE,,,,,,https://cdn.shopify.com/s/files/1/0947/5545/5242/files/GIUP-2320.webp?v=1777733672,1,,FALSE,,,,kg,,,active
2320-orchid-obsession-htf,,,,,,"Solid Gel Colours, Purple, Gel Polish",,,,Purple,,,,,,,,,,,,,,,,,,,,,,https://cdn.shopify.com/s/files/1/0947/5545/5242/files/download_aefee69c-2760-4966-97a4-b163a4d7a461.webp?v=1777739280,2,,,,,,,,,
15a-mohana-htf,15A Mohana -HTF,"<p>Tutti i gel polish devono essere polimerizzati per almeno 60 secondi, poiché sono TPO-free.</p>",GEL.IT.UP Italy,,,"Solid Gel Colours, Black, Gel Polish",TRUE,Title,Default Title,Black,,,,,,,15A Mohana -HTF,11000,shopify,0,deny,manual,7.41,,TRUE,TRUE,,,,,,https://cdn.shopify.com/s/files/1/0947/5545/5242/files/GIUP-15A.webp?v=1777733672,1,,FALSE,,,,kg,,,active
15a-mohana-htf,,,,,,"Solid Gel Colours, Black, Gel Polish",,,,Black,,,,,,,,,,,,,,,,,,,,,,https://cdn.shopify.com/s/files/1/0947/5545/5242/files/download_7eaa8b0d-cb72-4e69-9ca5-57f3c38fb8b9.webp?v=1777739281,2,,,,,,,,,
902-afrodite-htf,902 Afrodite -HTF,"<p>Tutti i gel polish devono essere polimerizzati per almeno 60 secondi, poiché sono TPO-free.</p>",GEL.IT.UP Italy,,,Gel Polish,TRUE,Title,Default Title,,,,,,,,902 Afrodite -HTF,11000,shopify,0,deny,manual,7.68,,TRUE,TRUE,,,,,,https://cdn.shopify.com/s/files/1/0947/5545/5242/files/GIUP-90.webp?v=1777733666,1,,FALSE,,,,kg,,,active
90-foxtrot-htf,90 Foxtrot -HTF,"<p>Tutti i gel polish devono essere polimerizzati per almeno 60 secondi, poiché sono TPO-free.</p>",GEL.IT.UP Italy,,,"Solid Gel Colours, Green, Gel Polish",TRUE,Title,Default Title,Green,,,,,,,90 Foxtrot -HTF,11000,shopify,0,deny,manual,7.41,,TRUE,TRUE,,,,,,https://cdn.shopify.com/s/files/1/0947/5545/5242/files/GIUP-90.webp?v=1777733666,1,,FALSE,,,,kg,,,active
90-foxtrot-htf,,,,,,"Solid Gel Colours, Green, Gel Polish",,,,Green,,,,,,,,,,,,,,,,,,,,,,https://cdn.shopify.com/s/files/1/0947/5545/5242/files/download_16944d00-ffd2-49d5-89fc-723c13db5936.webp?v=1777739272,2,,,,,,,,,
154-minky-htf,154 Minky -HTF,"<p>Tutti i gel polish devono essere polimerizzati per almeno 60 secondi, poiché sono TPO-free.</p>",GEL.IT.UP Italy,,,"Solid Gel Colours, Brown, Gel Polish",TRUE,Title,Default Title,Brown,,,,,,,154 Minky -HTF,11000,shopify,0,deny,manual,7.41,,TRUE,TRUE,,,,,,https://cdn.shopify.com/s/files/1/0947/5545/5242/files/GIUP-154.webp?v=1777733663,1,,FALSE,,,,kg,,,active
154-minky-htf,,,,,,"Solid Gel Colours, Brown, Gel Polish",,,,Brown,,,,,,,,,,,,,,,,,,,,,,https://cdn.shopify.com/s/files/1/0947/5545/5242/files/download_3120dd77-d424-49cb-bde6-01b3d1a7d5c3.webp?v=1777739270,2,,,,,,,,,
led-heli-light,Led Heli Light,,GEL.IT.UP Italy,,,,TRUE,Title,Default Title,,,,,,,,Led Heli Light,0,shopify,0,deny,manual,5.74,,TRUE,TRUE,,,,,,https://cdn.shopify.com/s/files/1/0947/5545/5242/files/led_heli_light.webp?v=1777733660,1,,FALSE,,,,kg,,,active
led-heli-light,,,,,,,,,,,,,,,,,,,,,,,,,,,,,,,,https://cdn.shopify.com/s/files/1/0947/5545/5242/files/download_139775a2-1e8a-450e-ba44-c667e1af512c.webp?v=1777739264,2,,,,,,,,,
2113q-luxe-glow-htf,2113Q Luxe Glow -HTF,"<p>Tutti i gel polish devono essere polimerizzati per almeno 60 secondi, poiché sono TPO-free.</p>",GEL.IT.UP Italy,,,Gel Polish,TRUE,Title,Default Title,,,,,,,,2113Q Luxe Glow -HTF,11000,shopify,0,deny,manual,7.36,,TRUE,TRUE,,,,,,https://cdn.shopify.com/s/files/1/0947/5545/5242/files/GIUP-2113Q.webp?v=1777733657,1,,FALSE,,,,kg,,,active
2113q-luxe-glow-htf,,,,,,,,,,,,,,,,,,,,,,,,,,,,,,,,https://cdn.shopify.com/s/files/1/0947/5545/5242/files/download_777e2268-d5a7-4cf1-ac2d-9721f17a1e6f.webp?v=1777739263,2,,,,,,,,,
705-hang-ten-htf,705 Hang Ten -HTF,"<p>Tutti i gel polish devono essere polimerizzati per almeno 60 secondi, poiché sono TPO-free.</p>",GEL.IT.UP Italy,,,"Solid Gel Colours, Blue, Gel Polish",TRUE,Title,Default Title,Blue,,,,,,,705 Hang Ten -HTF,11000,shopify,0,deny,manual,7.41,,TRUE,TRUE,,,,,,https://cdn.shopify.com/s/files/1/0947/5545/5242/files/GIUP-705.webp?v=1777733654,1,,FALSE,,,,kg,,,active
705-hang-ten-htf,,,,,,"Solid Gel Colours, Blue, Gel Polish",,,,Blue,,,,,,,,,,,,,,,,,,,,,,https://cdn.shopify.com/s/files/1/0947/5545/5242/files/download_c07a5f2b-63a1-430f-9092-b4f9308ba084.webp?v=1777739257,2,,,,,,,,,
giup-8e,GIUP 8E,"<p>Tutti i gel polish devono essere polimerizzati per almeno 60 secondi, poiché sono TPO-free.</p>",GEL.IT.UP Italy,,,Gel Polish,TRUE,Title,Default Title,,,,,,,,GIUP 8E,11000,shopify,0,deny,manual,7.41,,TRUE,TRUE,,,,,,https://cdn.shopify.com/s/files/1/0947/5545/5242/files/download_a91b8fab-f027-48e9-9325-65c2fcf42386.webp?v=1777739255,1,,FALSE,,,,kg,,,active
08e-ivory-sparkle-htf,08E Ivory Sparkle -HTF,"<p>Tutti i gel polish devono essere polimerizzati per almeno 60 secondi, poiché sono TPO-free.</p>",GEL.IT.UP Italy,,,Gel Polish,TRUE,Title,Default Title,,,,,,,,08E Ivory Sparkle -HTF,11,shopify,0,deny,manual,7.41,,TRUE,TRUE,,,,,,https://cdn.shopify.com/s/files/1/0947/5545/5242/files/GIUP-8E.webp?v=1777733650,1,,FALSE,,,,kg,,,active
gel-it-up-scrub-200ml-silky-bliss-new,GEL IT UP SCRUB 200ml SILKY BLISS NEW,"<p>Con Aloe biologica e un cocktail unico di ingredienti attivi, profuma e idrata la pelle. Si assorbe rapidamente e non lascia residui grassi. Ingredienti: Aloe Vera biologica, Acido Ialuronico, Pantenolo.</p>",GEL.IT.UP Italy,,,,TRUE,Title,Default Title,,,,,,,,GEL IT UP SCRUB 200ml SILKY BLISS NEW,200000,shopify,0,deny,manual,6.45,,TRUE,TRUE,,,,,,https://cdn.shopify.com/s/files/1/0947/5545/5242/files/GEL_IT_UP_SCRUB_200ml_SILKY_BLISS_NEW.webp?v=1777733645,1,,FALSE,,,,kg,,,active
gel-it-up-scrub-200ml-silky-bliss-new,,,,,,,,,,,,,,,,,,,,,,,,,,,,,,,,https://cdn.shopify.com/s/files/1/0947/5545/5242/files/download_42b9aa0e-1789-4605-88c3-a4644ff2004f.webp?v=1777739249,2,,,,,,,,,
perky-peach-cuticle-oil-100ml-htf,Perky Peach Cuticle Oil 100ml -HTF,"<p>Con Aloe biologica, acido ialuronico e pantenolo. Idrata, profuma e si assorbe rapidamente senza ungere.</p>",GEL.IT.UP Italy,,,,TRUE,Title,Default Title,,,,,,,,Perky Peach Cuticle Oil 100ml -HTF,0,shopify,0,deny,manual,7.2,,TRUE,TRUE,,,,,,https://cdn.shopify.com/s/files/1/0947/5545/5242/files/Perky_Peach_Cuticle_Oil_100ml_-HTF.webp?v=1777733642,1,,FALSE,,,,kg,,,active
perky-peach-cuticle-oil-100ml-htf,,,,,,,,,,,,,,,,,,,,,,,,,,,,,,,,https://cdn.shopify.com/s/files/1/0947/5545/5242/files/download_5e262d3b-1ff7-47f2-aca1-3205479ea544.webp?v=1777739243,2,,,,,,,,,
2421-fashionable-fuchs-htf,2421 Fashionable Fuchs -HTF,"<p>Tutti i gel polish devono essere polimerizzati per almeno 60 secondi, poiché sono TPO-free.</p>",GEL.IT.UP Italy,,,"Solid Gel Colours, Pink, Gel Polish",TRUE,Title,Default Title,Pink,,,,,,,2421 Fashionable Fuchs -HTF,11000,shopify,0,deny,manual,7.41,,TRUE,TRUE,,,,,,https://cdn.shopify.com/s/files/1/0947/5545/5242/files/GIUP-2421.webp?v=1777733637,1,,FALSE,,,,kg,,,active
2421-fashionable-fuchs-htf,,,,,,"Solid Gel Colours, Pink, Gel Polish",,,,Pink,,,,,,,,,,,,,,,,,,,,,,https://cdn.shopify.com/s/files/1/0947/5545/5242/files/download_75b72a37-256d-47f1-ad8d-3f41c9018d87.webp?v=1777739240,2,,,,,,,,,
gel-it-up-1-r23-11ml-htf,GEL.IT.UP 1 R23 11ml -HTF,"<p>Tutti i gel polish devono essere polimerizzati per almeno 60 secondi, poiché sono TPO-free.</p>",GEL.IT.UP Italy,,,Gel Polish,TRUE,Title,Default Title,,,,,,,,GEL.IT.UP 1 R23 11ml -HTF,11000,shopify,0,deny,manual,8.97,,TRUE,TRUE,,,,,,https://cdn.shopify.com/s/files/1/0947/5545/5242/files/GIUP-R023.webp?v=1777733636,1,,FALSE,,,,kg,,,active
gel-it-up-1-r23-11ml-htf,,,,,,,,,,,,,,,,,,,,,,,,,,,,,,,,https://cdn.shopify.com/s/files/1/0947/5545/5242/files/download_fd9adfbc-d086-4f38-8c20-2ec6cf2c4874.webp?v=1777739236,2,,,,,,,,,
giup-8d,GIUP 8D,"<p>Tutti i gel polish devono essere polimerizzati per almeno 60 secondi, poiché sono TPO-free.</p>",GEL.IT.UP Italy,,,Gel Polish,TRUE,Title,Default Title,,,,,,,,GIUP 8D,11000,shopify,0,deny,manual,7.41,,TRUE,TRUE,,,,,,https://cdn.shopify.com/s/files/1/0947/5545/5242/files/GIUP-8D.webp?v=1777733632,1,,FALSE,,,,kg,,,active
08d-snowy-tree-tops-htf,08D Snowy Tree Tops -HTF,"<p>Tutti i gel polish devono essere polimerizzati per almeno 60 secondi, poiché sono TPO-free.</p>",GEL.IT.UP Italy,,,Gel Polish,TRUE,Title,Default Title,,,,,,,,08D Snowy Tree Tops -HTF,11000,shopify,0,deny,manual,7.41,,TRUE,TRUE,,,,,,https://cdn.shopify.com/s/files/1/0947/5545/5242/files/GIUP-8D.webp?v=1777733632,1,,FALSE,,,,kg,,,active
08d-snowy-tree-tops-htf,,,,,,,,,,,,,,,,,,,,,,,,,,,,,,,,https://cdn.shopify.com/s/files/1/0947/5545/5242/files/download_a2754c45-4869-42ee-8e77-52ea6864381f.webp?v=1777739232,2,,,,,,,,,
2038-hibiscus-htf,2038 Hibiscus -HTF,"<p>Tutti i gel polish devono essere polimerizzati per almeno 60 secondi, poiché sono TPO-free.</p>",GEL.IT.UP Italy,,,"Solid Gel Colours, Coral Orange, Gel Polish",TRUE,Title,Default Title,Coral Orange,,,,,,,2038 Hibiscus -HTF,11000,shopify,0,deny,manual,7.41,,TRUE,TRUE,,,,,,https://cdn.shopify.com/s/files/1/0947/5545/5242/files/GIUP-2038.webp?v=1777733627,1,,FALSE,,,,kg,,,active
2038-hibiscus-htf,,,,,,"Solid Gel Colours, Coral Orange, Gel Polish",,,,Coral Orange,,,,,,,,,,,,,,,,,,,,,,https://cdn.shopify.com/s/files/1/0947/5545/5242/files/download_fec5bd64-282f-4a95-bd4d-369f7dae4b78.webp?v=1777739226,2,,,,,,,,,
n014-sugarcane-htf,N014 Sugarcane -HTF,"<p>Tutti i gel polish devono essere polimerizzati per almeno 60 secondi, poiché sono TPO-free.</p>",GEL.IT.UP Italy,,,Gel Polish,TRUE,Title,Default Title,,,,,,,,N014 Sugarcane -HTF,11000,shopify,0,deny,manual,7.41,,TRUE,TRUE,,,,,,https://cdn.shopify.com/s/files/1/0947/5545/5242/files/GIUP-N014.webp?v=1777733627,1,,FALSE,,,,kg,,,active
n014-sugarcane-htf,,,,,,,,,,,,,,,,,,,,,,,,,,,,,,,,https://cdn.shopify.com/s/files/1/0947/5545/5242/files/download_db225048-efd3-4631-a76a-3f9851c243e8.webp?v=1777739225,2,,,,,,,,,
28a-stripper-htf,28A Stripper -HTF,"<p>Tutti i gel polish devono essere polimerizzati per almeno 60 secondi, poiché sono TPO-free.</p>",GEL.IT.UP Italy,,,"Solid Gel Colours, Neon, Gel Polish",TRUE,Title,Default Title,Neon,,,,,,,28A Stripper -HTF,11000,shopify,0,deny,manual,7.41,,TRUE,TRUE,,,,,,https://cdn.shopify.com/s/files/1/0947/5545/5242/files/GIUP-28A.webp?v=1777733621,1,,FALSE,,,,kg,,,active
28a-stripper-htf,,,,,,"Solid Gel Colours, Neon, Gel Polish",,,,Neon,,,,,,,,,,,,,,,,,,,,,,https://cdn.shopify.com/s/files/1/0947/5545/5242/files/download_ef05eb90-2e01-4c2d-9f98-746af7338042.webp?v=1777739218,2,,,,,,,,,
2020-soft-and-sweet-htf,2020 Soft and Sweet -HTF,"<p>Tutti i gel polish devono essere polimerizzati per almeno 60 secondi, poiché sono TPO-free.</p>",GEL.IT.UP Italy,,,"Solid Gel Colours, Coral Orange, Gel Polish",TRUE,Title,Default Title,Coral Orange,,,,,,,2020 Soft and Sweet -HTF,11000,shopify,0,deny,manual,7.41,,TRUE,TRUE,,,,,,https://cdn.shopify.com/s/files/1/0947/5545/5242/files/GIUP-2020.webp?v=1777733619,1,,FALSE,,,,kg,,,active
2020-soft-and-sweet-htf,,,,,,"Solid Gel Colours, Coral Orange, Gel Polish",,,,Coral Orange,,,,,,,,,,,,,,,,,,,,,,https://cdn.shopify.com/s/files/1/0947/5545/5242/files/download_edf1458a-6249-4332-82d8-47a9514796b5.webp?v=1777739217,2,,,,,,,,,
1941-keep-me-guessing-htf,1941 Keep Me Guessing -HTF,"<p>Tutti i gel polish devono essere polimerizzati per almeno 60 secondi, poiché sono TPO-free.</p>",GEL.IT.UP Italy,,,"Solid Gel Colours, Pink, Gel Polish",TRUE,Title,Default Title,Pink,,,,,,,1941 Keep Me Guessing -HTF,11000,shopify,0,deny,manual,7.41,,TRUE,TRUE,,,,,,https://cdn.shopify.com/s/files/1/0947/5545/5242/files/GIUP-1941.webp?v=1777733615,1,,FALSE,,,,kg,,,active
1941-keep-me-guessing-htf,,,,,,"Solid Gel Colours, Pink, Gel Polish",,,,Pink,,,,,,,,,,,,,,,,,,,,,,https://cdn.shopify.com/s/files/1/0947/5545/5242/files/download_4ca4ae8f-afe1-42f6-aff5-142b00391054.webp?v=1777739210,2,,,,,,,,,
71-vanuatu-htf,71 Vanuatu -HTF,"<p>Tutti i gel polish devono essere polimerizzati per almeno 60 secondi, poiché sono TPO-free.</p>",GEL.IT.UP Italy,,,"Solid Gel Colours, Blue, Gel Polish",TRUE,Title,Default Title,Blue,,,,,,,71 Vanuatu -HTF,11000,shopify,0,deny,manual,7.41,,TRUE,TRUE,,,,,,https://cdn.shopify.com/s/files/1/0947/5545/5242/files/GIUP-71.webp?v=1777733613,1,,FALSE,,,,kg,,,active
71-vanuatu-htf,,,,,,"Solid Gel Colours, Blue, Gel Polish",,,,Blue,,,,,,,,,,,,,,,,,,,,,,https://cdn.shopify.com/s/files/1/0947/5545/5242/files/download_0f4d28bc-ab9b-4a13-aed9-feb718c60ee4.webp?v=1777739209,2,,,,,,,,,
2417-she-pearl-htf,2417 She Pearl -HTF,"<p>Tutti i gel polish devono essere polimerizzati per almeno 60 secondi, poiché sono TPO-free.</p>",GEL.IT.UP Italy,,,Gel Polish,TRUE,Title,Default Title,,,,,,,,2417 She Pearl -HTF,11000,shopify,0,deny,manual,7.41,,TRUE,TRUE,,,,,,https://cdn.shopify.com/s/files/1/0947/5545/5242/files/GIUP-2417.webp?v=1777733610,1,,FALSE,,,,kg,,,active
2417-she-pearl-htf,,,,,,,,,,,,,,,,,,,,,,,,,,,,,,,,https://cdn.shopify.com/s/files/1/0947/5545/5242/files/download_50fd277a-d36a-4418-a70a-82dce30ceb56.webp?v=1777739203,2,,,,,,,,,
214-silver-chalice-htf,214 Silver Chalice -HTF,"<p>Tutti i gel polish devono essere polimerizzati per almeno 60 secondi, poiché sono TPO-free.</p>",GEL.IT.UP Italy,,,Gel Polish,TRUE,Title,Default Title,,,,,,,,214 Silver Chalice -HTF,11000,shopify,0,deny,manual,7.41,,TRUE,TRUE,,,,,,https://cdn.shopify.com/s/files/1/0947/5545/5242/files/GIUP-214.webp?v=1777733608,1,,FALSE,,,,kg,,,active
214-silver-chalice-htf,,,,,,,,,,,,,,,,,,,,,,,,,,,,,,,,https://cdn.shopify.com/s/files/1/0947/5545/5242/files/download_95e34dd2-c384-47eb-895f-cbdbc6ca988b.webp?v=1777739201,2,,,,,,,,,
2026-whaat-pistachio-htf,2026 Whaat Pistachio -HTF,"<p>Tutti i gel polish devono essere polimerizzati per almeno 60 secondi, poiché sono TPO-free.</p>",GEL.IT.UP Italy,,,"Solid Gel Colours, Green, Gel Polish",TRUE,Title,Default Title,Green,,,,,,,2026 Whaat Pistachio -HTF,11000,shopify,0,deny,manual,7.41,,TRUE,TRUE,,,,,,https://cdn.shopify.com/s/files/1/0947/5545/5242/files/GIUP-2026.webp?v=1777733602,1,,FALSE,,,,kg,,,active
2026-whaat-pistachio-htf,,,,,,"Solid Gel Colours, Green, Gel Polish",,,,Green,,,,,,,,,,,,,,,,,,,,,,https://cdn.shopify.com/s/files/1/0947/5545/5242/files/download_62e3e368-3425-411e-9229-5b708547d5f3.webp?v=1777739195,2,,,,,,,,,
jelly-neon-flash-jnf03-htf,Jelly Neon Flash #JNF03 -HTF,"<p>Tutti i gel polish devono essere polimerizzati per almeno 60 secondi, poiché sono TPO-free.</p>",GEL.IT.UP Italy,,,Gel Polish,TRUE,Title,Default Title,,,,,,,,Jelly Neon Flash #JNF03 -HTF,11000,shopify,0,deny,manual,7.41,,TRUE,TRUE,,,,,,https://cdn.shopify.com/s/files/1/0947/5545/5242/files/Jelly_Neon_Flash_JNF03_-HTF.webp?v=1777733603,1,,FALSE,,,,kg,,,active
jelly-neon-flash-jnf03-htf,,,,,,,,,,,,,,,,,,,,,,,,,,,,,,,,https://cdn.shopify.com/s/files/1/0947/5545/5242/files/download_d8519a50-73be-4198-9338-487acf6e40de.webp?v=1777739196,2,,,,,,,,,
2061-onyx-htf,2061 Onyx -HTF,"<p>Tutti i gel polish devono essere polimerizzati per almeno 60 secondi, poiché sono TPO-free.</p>",GEL.IT.UP Italy,,,"Solid Gel Colours, Red, Gel Polish",TRUE,Title,Default Title,Red,,,,,,,2061 Onyx -HTF,11000,shopify,0,deny,manual,7.41,,TRUE,TRUE,,,,,,https://cdn.shopify.com/s/files/1/0947/5545/5242/files/GIUP-2061.webp?v=1777733596,1,,FALSE,,,,kg,,,active
2061-onyx-htf,,,,,,"Solid Gel Colours, Red, Gel Polish",,,,Red,,,,,,,,,,,,,,,,,,,,,,https://cdn.shopify.com/s/files/1/0947/5545/5242/files/download_10cadfbe-475d-47c8-9a25-678b94c2259d.webp?v=1777739187,2,,,,,,,,,
giup-2g,GIUP 2G,"<p>Tutti i gel polish devono essere polimerizzati per almeno 60 secondi, poiché sono TPO-free.</p>",GEL.IT.UP Italy,,,Gel Polish,TRUE,Title,Default Title,,,,,,,,GIUP 2G,11000,shopify,0,deny,manual,7.41,,TRUE,TRUE,,,,,,https://cdn.shopify.com/s/files/1/0947/5545/5242/files/GIUP-2G.webp?v=1777733593,1,,FALSE,,,,kg,,,active
02g-riviera-rose-htf,02G Riviera Rose -HTF,"<p>Tutti i gel polish devono essere polimerizzati per almeno 60 secondi, poiché sono TPO-free.</p>",GEL.IT.UP Italy,,,Gel Polish,TRUE,Title,Default Title,,,,,,,,02G Riviera Rose -HTF,11000,shopify,0,deny,manual,7.41,,TRUE,TRUE,,,,,,https://cdn.shopify.com/s/files/1/0947/5545/5242/files/GIUP-2G.webp?v=1777733593,1,,FALSE,,,,kg,,,active
02g-riviera-rose-htf,,,,,,,,,,,,,,,,,,,,,,,,,,,,,,,,https://cdn.shopify.com/s/files/1/0947/5545/5242/files/download_d02a7e5f-77b9-4ea8-82f6-ad506b04a13c.webp?v=1777739183,2,,,,,,,,,
41-dancing-with-attitude-htf,41 Dancing with Attitude -HTF,"<p>Tutti i gel polish devono essere polimerizzati per almeno 60 secondi, poiché sono TPO-free.</p>",GEL.IT.UP Italy,,,"Solid Gel Colours, Coral Orange, Gel Polish",TRUE,Title,Default Title,Coral Orange,,,,,,,41 Dancing with Attitude -HTF,11000,shopify,0,deny,manual,7.41,,TRUE,TRUE,,,,,,https://cdn.shopify.com/s/files/1/0947/5545/5242/files/GIUP-41.webp?v=1777733587,1,,FALSE,,,,kg,,,active
2441-creamy-tomatoes-htf,2441 Creamy Tomatoes -HTF,"<p>Tutti i gel polish devono essere polimerizzati per almeno 60 secondi, poiché sono TPO-free.</p>",GEL.IT.UP Italy,,,"Solid Gel Colours, Coral Orange, Gel Polish",TRUE,Title,Default Title,Coral Orange,,,,,,,2441 Creamy Tomatoes -HTF,11000,shopify,0,deny,manual,7.41,,TRUE,TRUE,,,,,,https://cdn.shopify.com/s/files/1/0947/5545/5242/files/GIUP-41.webp?v=1777733587,1,,FALSE,,,,kg,,,active
2441-creamy-tomatoes-htf,,,,,,"Solid Gel Colours, Coral Orange, Gel Polish",,,,Coral Orange,,,,,,,,,,,,,,,,,,,,,,https://cdn.shopify.com/s/files/1/0947/5545/5242/files/download_33a8e70f-78c1-40bd-91cc-d3395590bad8.webp?v=1777739178,2,,,,,,,,,
92-stay-cool-htf,92 Stay Cool -HTF,"<p>Tutti i gel polish devono essere polimerizzati per almeno 60 secondi, poiché sono TPO-free.</p>",GEL.IT.UP Italy,,,"Solid Gel Colours, Green, Gel Polish",TRUE,Title,Default Title,Green,,,,,,,92 Stay Cool -HTF,11000,shopify,0,deny,manual,7.41,,TRUE,TRUE,,,,,,https://cdn.shopify.com/s/files/1/0947/5545/5242/files/GIUP-92.webp?v=1777733581,1,,FALSE,,,,kg,,,active
1922-htf,1922 -HTF,"<p>Tutti i gel polish devono essere polimerizzati per almeno 60 secondi, poiché sono TPO-free.</p>",GEL.IT.UP Italy,,,"Solid Gel Colours, Green, Gel Polish",TRUE,Title,Default Title,Green,,,,,,,1922 -HTF,11000,shopify,0,deny,manual,7.41,,TRUE,TRUE,,,,,,https://cdn.shopify.com/s/files/1/0947/5545/5242/files/GIUP-92.webp?v=1777733581,1,,FALSE,,,,kg,,,active
1922-htf,,,,,,"Solid Gel Colours, Green, Gel Polish",,,,Green,,,,,,,,,,,,,,,,,,,,,,https://cdn.shopify.com/s/files/1/0947/5545/5242/files/download_3abc212c-b124-4f16-b441-de5be3a51c01.webp?v=1777739170,2,,,,,,,,,
multimix-synthogel-60gr-glitter-white-htf,MultiMix Synthogel 60gr Glitter White -HTF,"<p>Formula di alta qualità che unisce la resistenza dell’acrilico alla facilità del gel. Ideale per rinforzo dell’unghia naturale e ricostruzioni, non cola, è inodore e non brucia in lampada. Applicabile con Dual Form, Nail Forms o tecnica libera. 100% HEMA/TPO-free.</p>",GEL.IT.UP Italy,,,,TRUE,Title,Default Title,,,,,,,,MultiMix Synthogel 60gr Glitter White -HTF,60000,shopify,0,deny,manual,21.29,,TRUE,TRUE,,,,,,https://cdn.shopify.com/s/files/1/0947/5545/5242/files/multimix_glitters_white.webp?v=1777733581,1,,FALSE,,,,kg,,,active
multimix-synthogel-60gr-glitter-white-htf,,,,,,,,,,,,,,,,,,,,,,,,,,,,,,,,https://cdn.shopify.com/s/files/1/0947/5545/5242/files/download_77f16f53-4653-453c-bdad-0f2737602f60.webp?v=1777739170,2,,,,,,,,,
30-manilla-buff-htf,30 Manilla Buff -HTF,"<p>Tutti i gel polish devono essere polimerizzati per almeno 60 secondi, poiché sono TPO-free.</p>",GEL.IT.UP Italy,,,"Solid Gel Colours, Coral Orange, Gel Polish",TRUE,Title,Default Title,Coral Orange,,,,,,,30 Manilla Buff -HTF,11000,shopify,0,deny,manual,7.41,,TRUE,TRUE,,,,,,https://cdn.shopify.com/s/files/1/0947/5545/5242/files/GIUP-30.webp?v=1777733575,1,,FALSE,,,,kg,,,active
30-manilla-buff-htf,,,,,,"Solid Gel Colours, Coral Orange, Gel Polish",,,,Coral Orange,,,,,,,,,,,,,,,,,,,,,,https://cdn.shopify.com/s/files/1/0947/5545/5242/files/download_55a8cde3-b9a4-43f2-9034-3b1b26795472.webp?v=1777739162,2,,,,,,,,,
2232-bahama-blue-htf,2232 Bahama Blue -HTF,"<p>Tutti i gel polish devono essere polimerizzati per almeno 60 secondi, poiché sono TPO-free.</p>",GEL.IT.UP Italy,,,"Solid Gel Colours, Blue, Gel Polish",TRUE,Title,Default Title,Blue,,,,,,,2232 Bahama Blue -HTF,11000,shopify,0,deny,manual,7.41,,TRUE,TRUE,,,,,,https://cdn.shopify.com/s/files/1/0947/5545/5242/files/GIUP-2232.webp?v=1777733574,1,,FALSE,,,,kg,,,active
2232-bahama-blue-htf,,,,,,"Solid Gel Colours, Blue, Gel Polish",,,,Blue,,,,,,,,,,,,,,,,,,,,,,https://cdn.shopify.com/s/files/1/0947/5545/5242/files/download_f0ec6f7e-b49e-4a0b-9df7-7ea9190eeb42.webp?v=1777739161,2,,,,,,,,,
2225-milk-and-water-htf,2225 Milk and Water -HTF,"<p>Tutti i gel polish devono essere polimerizzati per almeno 60 secondi, poiché sono TPO-free.</p>",GEL.IT.UP Italy,,,"Solid Gel Colours, Grey, Gel Polish",TRUE,Title,Default Title,Grey,,,,,,,2225 Milk and Water -HTF,11000,shopify,0,deny,manual,7.41,,TRUE,TRUE,,,,,,https://cdn.shopify.com/s/files/1/0947/5545/5242/files/GIUP-2225.webp?v=1777733569,1,,FALSE,,,,kg,,,active
2225-milk-and-water-htf,,,,,,"Solid Gel Colours, Grey, Gel Polish",,,,Grey,,,,,,,,,,,,,,,,,,,,,,https://cdn.shopify.com/s/files/1/0947/5545/5242/files/download_cd017299-a014-4653-832b-d7e46ed38089.webp?v=1777739154,2,,,,,,,,,
line-it-up-orange-htf,LINE IT UP ORANGE -HTF,"<p>Tutti i gel polish devono essere polimerizzati per almeno 60 secondi, poiché sono TPO-free.</p>",GEL.IT.UP Italy,,,Gel Polish,TRUE,Title,Default Title,,,,,,,,LINE IT UP ORANGE -HTF,11000,shopify,0,deny,manual,5.48,,TRUE,TRUE,,,,,,https://cdn.shopify.com/s/files/1/0947/5545/5242/files/line-it-UP__0010_Orange.webp?v=1777733568,1,,FALSE,,,,kg,,,active
line-it-up-orange-htf,,,,,,,,,,,,,,,,,,,,,,,,,,,,,,,,https://cdn.shopify.com/s/files/1/0947/5545/5242/files/download_23c5f5d4-65e6-4bd5-81c0-70e33a8274ce.webp?v=1777739153,2,,,,,,,,,
premium-builder-gel-cover-40gr-htf,Premium Builder Gel Cover 40gr -HTF,"<p>GEL.IT.UP 3-in-1 Premium è un builder gel monofasico con fibre di vetro, studiato per offrire massima resistenza strutturale e lunga durata. Ideale per il rinforzo dell’unghia naturale e per ricostruzioni. Si applica con precisione, non cola e non ingiallisce nel tempo. Non richiede base coat prima dell’applicazione. Perfetto per nail technician che cercano struttura prevedibile, controllo dell’adesione e performance professionale. Benefici principali: rinforzo con fibre di vetro, sistema monofasico, comfort cool-cure e formula 100% HEMA/TPO-free. Applicazione: applicare direttamente sull’unghia preparata, modellare la struttura desiderata e polimerizzare per almeno 60 secondi.</p>",GEL.IT.UP Italy,Animals & Pet Supplies > Pet Supplies,,,TRUE,Title,Default Title,,,,,,,,Premium Builder Gel Cover 40gr -HTF,40000,shopify,0,deny,manual,24.45,,TRUE,TRUE,,,,,,https://cdn.shopify.com/s/files/1/0947/5545/5242/files/3-in-1_shimmer_cover.webp?v=1777733563,1,,FALSE,,,,kg,,,active
premium-builder-gel-cover-40gr-htf,,,,,,,,,,,,,,,,,,,,,,,,,,,,,,,,https://cdn.shopify.com/s/files/1/0947/5545/5242/files/download_9bec9647-a234-4422-ab72-9b805e56ca0b.webp?v=1777739147,2,,,,,,,,,
multimix-synthogel-30gr-pink-iii-htf,MultiMix Synthogel 30gr Pink III -HTF,"<p>Formula di alta qualità che unisce la resistenza dell’acrilico alla facilità del gel. Ideale per rinforzo dell’unghia naturale e ricostruzioni, non cola, è inodore e non brucia in lampada. Applicabile con Dual Form, Nail Forms o tecnica libera. 100% HEMA/TPO-free.</p>",GEL.IT.UP Italy,,,,TRUE,Title,Default Title,,,,,,,,MultiMix Synthogel 30gr Pink III -HTF,30000,shopify,0,deny,manual,12.19,,TRUE,TRUE,,,,,,https://cdn.shopify.com/s/files/1/0947/5545/5242/files/multimix_pinkIII_color.webp?v=1777733564,1,,FALSE,,,,kg,,,active
multimix-synthogel-30gr-pink-iii-htf,,,,,,,,,,,,,,,,,,,,,,,,,,,,,,,,https://cdn.shopify.com/s/files/1/0947/5545/5242/files/download_b0a412d2-3afa-46f5-b1f8-830e93e80422.webp?v=1777739147,2,,,,,,,,,
2310-pollen-attack-htf,2310 Pollen Attack -HTF,"<p>Tutti i gel polish devono essere polimerizzati per almeno 60 secondi, poiché sono TPO-free.</p>",GEL.IT.UP Italy,,,Gel Polish,TRUE,Title,Default Title,,,,,,,,2310 Pollen Attack -HTF,11000,shopify,0,deny,manual,7.41,,TRUE,TRUE,,,,,,https://cdn.shopify.com/s/files/1/0947/5545/5242/files/GIUP-2310.webp?v=1777733557,1,,FALSE,,,,kg,,,active
2310-pollen-attack-htf,,,,,,,,,,,,,,,,,,,,,,,,,,,,,,,,https://cdn.shopify.com/s/files/1/0947/5545/5242/files/download_f691c46c-612f-4325-ac0f-9be52c3c7f9b.webp?v=1777739139,2,,,,,,,,,
50-reckless-htf,50 Reckless -HTF,"<p>Tutti i gel polish devono essere polimerizzati per almeno 60 secondi, poiché sono TPO-free.</p>",GEL.IT.UP Italy,,,"Solid Gel Colours, Red, Gel Polish",TRUE,Title,Default Title,Red,,,,,,,50 Reckless -HTF,11000,shopify,0,deny,manual,7.41,,TRUE,TRUE,,,,,,https://cdn.shopify.com/s/files/1/0947/5545/5242/files/GIUP-50.webp?v=1777733557,1,,FALSE,,,,kg,,,active
50-reckless-htf,,,,,,"Solid Gel Colours, Red, Gel Polish",,,,Red,,,,,,,,,,,,,,,,,,,,,,https://cdn.shopify.com/s/files/1/0947/5545/5242/files/download_98d558cc-eb08-4c4e-8188-30b65969f766.webp?v=1777739139,2,,,,,,,,,
2111-rainbow-bubbles-htf,2111 Rainbow Bubbles -HTF,"<p>Tutti i gel polish devono essere polimerizzati per almeno 60 secondi, poiché sono TPO-free.</p>",GEL.IT.UP Italy,,,Gel Polish,TRUE,Title,Default Title,,,,,,,,2111 Rainbow Bubbles -HTF,11000,shopify,0,deny,manual,7.41,,TRUE,TRUE,,,,,,https://cdn.shopify.com/s/files/1/0947/5545/5242/files/GIUP-2111.webp?v=1777733551,1,,FALSE,,,,kg,,,active
2111-rainbow-bubbles-htf,,,,,,,,,,,,,,,,,,,,,,,,,,,,,,,,https://cdn.shopify.com/s/files/1/0947/5545/5242/files/download_203f2c04-76ab-4404-9e6a-751305c0203b.webp?v=1777739131,2,,,,,,,,,
2031-down-by-the-sea-htf,2031 Down By The Sea -HTF,"<p>Tutti i gel polish devono essere polimerizzati per almeno 60 secondi, poiché sono TPO-free.</p>",GEL.IT.UP Italy,,,"Solid Gel Colours, Blue, Gel Polish",TRUE,Title,Default Title,Blue,,,,,,,2031 Down By The Sea -HTF,11000,shopify,0,deny,manual,7.41,,TRUE,TRUE,,,,,,https://cdn.shopify.com/s/files/1/0947/5545/5242/files/GIUP-2031.webp?v=1777733545,1,,FALSE,,,,kg,,,active
2031-down-by-the-sea-htf,,,,,,"Solid Gel Colours, Blue, Gel Polish",,,,Blue,,,,,,,,,,,,,,,,,,,,,,https://cdn.shopify.com/s/files/1/0947/5545/5242/files/download_65a49984-4529-4d86-ac9e-a945677c6b96.webp?v=1777739131,2,,,,,,,,,
2113n-pink-my-grey-htf,2113N Pink My Grey -HTF,"<p>Tutti i gel polish devono essere polimerizzati per almeno 60 secondi, poiché sono TPO-free.</p>",GEL.IT.UP Italy,,,Gel Polish,TRUE,Title,Default Title,,,,,,,,2113N Pink My Grey -HTF,11000,shopify,0,deny,manual,7.36,,TRUE,TRUE,,,,,,https://cdn.shopify.com/s/files/1/0947/5545/5242/files/GIUP-2113N.webp?v=1777733540,1,,FALSE,,,,kg,,,active
2113n-pink-my-grey-htf,,,,,,,,,,,,,,,,,,,,,,,,,,,,,,,,https://cdn.shopify.com/s/files/1/0947/5545/5242/files/download_d67add89-bfaa-4a68-8058-6987a475431e.webp?v=1777739124,2,,,,,,,,,
2406-always-a-bridemaid-htf,2406 Always a Bridemaid -HTF,"<p>Tutti i gel polish devono essere polimerizzati per almeno 60 secondi, poiché sono TPO-free.</p>",GEL.IT.UP Italy,,,"Solid Gel Colours, Purple, Gel Polish",TRUE,Title,Default Title,Purple,,,,,,,2406 Always a Bridemaid -HTF,11000,shopify,0,deny,manual,7.41,,TRUE,TRUE,,,,,,https://cdn.shopify.com/s/files/1/0947/5545/5242/files/GIUP-2406.webp?v=1777733548,1,,FALSE,,,,kg,,,active
2406-always-a-bridemaid-htf,,,,,,"Solid Gel Colours, Purple, Gel Polish",,,,Purple,,,,,,,,,,,,,,,,,,,,,,https://cdn.shopify.com/s/files/1/0947/5545/5242/files/download_36185a6b-2cbb-4b23-a253-309134dabcc5.webp?v=1777739123,2,,,,,,,,,
pma-5-comic-strip-crimson-htf,PMA #5 Comic Strip Crimson -HTF,"<p>Tutti i gel polish devono essere polimerizzati per almeno 60 secondi, poiché sono TPO-free.</p>",GEL.IT.UP Italy,,,Gel Polish,TRUE,Title,Default Title,,,,,,,,PMA #5 Comic Strip Crimson -HTF,11000,shopify,0,deny,manual,7.41,,TRUE,TRUE,,,,,,https://cdn.shopify.com/s/files/1/0947/5545/5242/files/PMA_5_Comic_Strip_Crimson_-HTF.webp?v=1777733534,1,,FALSE,,,,kg,,,active
pma-5-comic-strip-crimson-htf,,,,,,,,,,,,,,,,,,,,,,,,,,,,,,,,https://cdn.shopify.com/s/files/1/0947/5545/5242/files/download_5caef9ff-130a-4efd-86b5-f7fcf09a0ea8.webp?v=1777739117,2,,,,,,,,,
1812-giup®-oil-htf,1812 GIUP® Oil -HTF,,GEL.IT.UP Italy,,,,TRUE,Title,Default Title,,,,,,,,1812 GIUP® Oil -HTF,11,shopify,0,deny,manual,7.41,,TRUE,TRUE,,,,,,,,,FALSE,,,,kg,,,active
fan06-htf,FAN06 -HTF,"<p>Tutti i gel polish devono essere polimerizzati per almeno 60 secondi, poiché sono TPO-free.</p>",GEL.IT.UP Italy,Animals & Pet Supplies > Pet Supplies > Bird Supplies > Bird Cage Accessories,,Gel Polish,TRUE,Title,Default Title,,,,,,,,FAN06 -HTF,11000,shopify,0,deny,manual,9.67,,TRUE,TRUE,,,,,,https://cdn.shopify.com/s/files/1/0947/5545/5242/files/FAN06_-HTF.webp?v=1777733527,1,,FALSE,,,,kg,,,active
fan06-htf,,,,,,,,,,,,,,,,,,,,,,,,,,,,,,,,https://cdn.shopify.com/s/files/1/0947/5545/5242/files/download_9ce3c793-7789-4652-9930-04711adcc051.webp?v=1777739109,2,,,,,,,,,
nail-wipes-1000s,Nail wipes 1000s,,GEL.IT.UP Italy,,,,TRUE,Title,Default Title,,,,,,,,Nail wipes 1000s,0,shopify,0,deny,manual,4.96,,TRUE,TRUE,,,,,,https://cdn.shopify.com/s/files/1/0947/5545/5242/files/nail_wipes.webp?v=1777733528,1,,FALSE,,,,kg,,,active
nail-wipes-1000s,,,,,,,,,,,,,,,,,,,,,,,,,,,,,,,,https://cdn.shopify.com/s/files/1/0947/5545/5242/files/download_a42ed6f9-a451-477b-a363-ccc2a124aab9.webp?v=1777739110,2,,,,,,,,,
2420-pink-smarty-htf,2420 Pink Smarty -HTF,"<p>Tutti i gel polish devono essere polimerizzati per almeno 60 secondi, poiché sono TPO-free.</p>",GEL.IT.UP Italy,,,"Solid Gel Colours, Pink, Gel Polish",TRUE,Title,Default Title,Pink,,,,,,,2420 Pink Smarty -HTF,11000,shopify,0,deny,manual,7.41,,TRUE,TRUE,,,,,,https://cdn.shopify.com/s/files/1/0947/5545/5242/files/GIUP-2420.webp?v=1777733521,1,,FALSE,,,,kg,,,active
2420-pink-smarty-htf,,,,,,"Solid Gel Colours, Pink, Gel Polish",,,,Pink,,,,,,,,,,,,,,,,,,,,,,https://cdn.shopify.com/s/files/1/0947/5545/5242/files/download_d00f62f4-0053-4124-86a6-6aa2ebb7b031.webp?v=1777739101,2,,,,,,,,,
nail-extension-dual-forms-russian-almond,NAIL EXTENSION DUAL FORMS RUSSIAN ALMOND,,GEL.IT.UP Italy,,,,TRUE,Title,Default Title,,,,,,,,NAIL EXTENSION DUAL FORMS RUSSIAN ALMOND,0,shopify,0,deny,manual,7.73,,TRUE,TRUE,,,,,,https://cdn.shopify.com/s/files/1/0947/5545/5242/files/Dual_Forms_RUSSIAN_ALMOND.webp?v=1777733516,1,,FALSE,,,,kg,,,active
nail-extension-dual-forms-russian-almond,,,,,,,,,,,,,,,,,,,,,,,,,,,,,,,,https://cdn.shopify.com/s/files/1/0947/5545/5242/files/download_9a12fce3-6b33-4928-95b6-56171a064807.webp?v=1777739096,2,,,,,,,,,
n013-antique-htf,N013 Antique -HTF,"<p>Tutti i gel polish devono essere polimerizzati per almeno 60 secondi, poiché sono TPO-free.</p>",GEL.IT.UP Italy,,,Gel Polish,TRUE,Title,Default Title,,,,,,,,N013 Antique -HTF,11000,shopify,0,deny,manual,7.41,,TRUE,TRUE,,,,,,https://cdn.shopify.com/s/files/1/0947/5545/5242/files/GIUP-N013.webp?v=1777733515,1,,FALSE,,,,kg,,,active
n013-antique-htf,,,,,,,,,,,,,,,,,,,,,,,,,,,,,,,,https://cdn.shopify.com/s/files/1/0947/5545/5242/files/download_711c5df0-befa-435c-8ed2-bbce5c4b3b1e.webp?v=1777739094,2,,,,,,,,,
2215-htf,2215 Glass Frog -HTF,"<p>Tutti i gel polish devono essere polimerizzati per almeno 60 secondi, poiché sono TPO-free.</p>",GEL.IT.UP Italy,Uncategorized,,Gel Polish,TRUE,Title,Default Title,,,,,,,,2215 -HTF,11000,shopify,0,deny,manual,7.41,,TRUE,TRUE,,,,,,https://cdn.shopify.com/s/files/1/0947/5545/5242/files/GIUP-2215.webp?v=1777733509,1,,FALSE,,,,kg,,,active
2215-glass-frog-htf,2215 Glass Frog -HTF,"<p>Tutti i gel polish devono essere polimerizzati per almeno 60 secondi, poiché sono TPO-free.</p>",GEL.IT.UP Italy,,,"Solid Gel Colours, Green, Gel Polish",TRUE,Title,Default Title,Green,,,,,,,2215 Glass Frog -HTF,11000,shopify,0,deny,manual,7.41,,TRUE,TRUE,,,,,,https://cdn.shopify.com/s/files/1/0947/5545/5242/files/GIUP-2215.webp?v=1777733509,1,,FALSE,,,,kg,,,active
2215-glass-frog-htf,,,,,,"Solid Gel Colours, Green, Gel Polish",,,,Green,,,,,,,,,,,,,,,,,,,,,,https://cdn.shopify.com/s/files/1/0947/5545/5242/files/download_d28151d0-3db7-4a6a-aa63-121598e75b1c.webp?v=1777739088,2,,,,,,,,,
dual-forms-ballerina,DUAL FORMS BALLERINA,,GEL.IT.UP Italy,,,,TRUE,Title,Default Title,,,,,,,,DUAL FORMS BALLERINA,120,shopify,0,deny,manual,6.38,,TRUE,TRUE,,,,,,https://cdn.shopify.com/s/files/1/0947/5545/5242/files/Dual_Forms_BALLERINA.webp?v=1777733507,1,,FALSE,,,,kg,,,active
dual-forms-ballerina,,,,,,,,,,,,,,,,,,,,,,,,,,,,,,,,https://cdn.shopify.com/s/files/1/0947/5545/5242/files/download_23760dfb-d391-433e-b63f-fca2a9884166.webp?v=1777739084,2,,,,,,,,,
2433-glitzy-marshmallow-htf,2433 Glitzy Marshmallow -HTF,"<p>Tutti i gel polish devono essere polimerizzati per almeno 60 secondi, poiché sono TPO-free.</p>",GEL.IT.UP Italy,,,Gel Polish,TRUE,Title,Default Title,,,,,,,,2433 Glitzy Marshmallow -HTF,11000,shopify,0,deny,manual,7.41,,TRUE,TRUE,,,,,,https://cdn.shopify.com/s/files/1/0947/5545/5242/files/GIUP-2433.webp?v=1777733504,1,,FALSE,,,,kg,,,active
2433-glitzy-marshmallow-htf,,,,,,,,,,,,,,,,,,,,,,,,,,,,,,,,https://cdn.shopify.com/s/files/1/0947/5545/5242/files/download_07bd677e-21a6-449d-9a8f-e6cc4267c8c0.webp?v=1777739081,2,,,,,,,,,
2121-green-light-htf,2121 Green Light -HTF,"<p>Tutti i gel polish devono essere polimerizzati per almeno 60 secondi, poiché sono TPO-free.</p>",GEL.IT.UP Italy,,,"Solid Gel Colours, Green, Gel Polish",TRUE,Title,Default Title,Green,,,,,,,2121 Green Light -HTF,11000,shopify,0,deny,manual,7.41,,TRUE,TRUE,,,,,,https://cdn.shopify.com/s/files/1/0947/5545/5242/files/GIUP-121.webp?v=1777733499,1,,FALSE,,,,kg,,,active
121-tau-pe-do-htf,121 Tau-Pe-Do -HTF,"<p>Tutti i gel polish devono essere polimerizzati per almeno 60 secondi, poiché sono TPO-free.</p>",GEL.IT.UP Italy,,,"Solid Gel Colours, Purple, Gel Polish",TRUE,Title,Default Title,Purple,,,,,,,121 Tau-Pe-Do -HTF,11000,shopify,0,deny,manual,7.41,,TRUE,TRUE,,,,,,https://cdn.shopify.com/s/files/1/0947/5545/5242/files/GIUP-121.webp?v=1777733499,1,,FALSE,,,,kg,,,active
121-tau-pe-do-htf,,,,,,"Solid Gel Colours, Purple, Gel Polish",,,,Purple,,,,,,,,,,,,,,,,,,,,,,https://cdn.shopify.com/s/files/1/0947/5545/5242/files/download_b534f842-7c15-4042-914e-4c9f98f0322d.webp?v=1777739073,2,,,,,,,,,
premium-plus-fiber-glass-builder-gel-40gr-htf,Premium Plus Fiber Glass Builder Gel 40gr -HTF,"<p>GEL.IT.UP 3-in-1 Premium è un builder gel monofasico con fibre di vetro, studiato per offrire massima resistenza strutturale e lunga durata. Ideale per il rinforzo dell’unghia naturale e per ricostruzioni. Si applica con precisione, non cola e non ingiallisce nel tempo. Non richiede base coat prima dell’applicazione. Perfetto per nail technician che cercano struttura prevedibile, controllo dell’adesione e performance professionale. Benefici principali: rinforzo con fibre di vetro, sistema monofasico, comfort cool-cure e formula 100% HEMA/TPO-free. Applicazione: applicare direttamente sull’unghia preparata, modellare la struttura desiderata e polimerizzare per almeno 60 secondi.</p>",GEL.IT.UP Italy,Animals & Pet Supplies > Pet Supplies,,,TRUE,Title,Default Title,,,,,,,,Premium Plus Fiber Glass Builder Gel 40gr -HTF,40000,shopify,0,deny,manual,24.45,,TRUE,TRUE,,,,,,https://cdn.shopify.com/s/files/1/0947/5545/5242/files/3-in-1.premium.plus.webp?v=1777733498,1,,FALSE,,,,kg,,,active
premium-plus-fiber-glass-builder-gel-40gr-htf,,,,,,,,,,,,,,,,,,,,,,,,,,,,,,,,https://cdn.shopify.com/s/files/1/0947/5545/5242/files/download_20b616ae-516c-484f-83e6-4e10683b53d0.webp?v=1777739073,2,,,,,,,,,
liquid-polygel-lpg8-htf,Liquid Polygel #LPG8 -HTF,,GEL.IT.UP Italy,,,,TRUE,Title,Default Title,,,,,,,,Liquid Polygel #LPG8 -HTF,0,shopify,0,deny,manual,9.61,,TRUE,TRUE,,,,,,https://cdn.shopify.com/s/files/1/0947/5545/5242/files/LPG8.webp?v=1777733493,1,,FALSE,,,,kg,,,active
liquid-polygel-lpg8-htf,,,,,,,,,,,,,,,,,,,,,,,,,,,,,,,,https://cdn.shopify.com/s/files/1/0947/5545/5242/files/download_400110f3-0e18-4999-ad4a-08ae8bf8bd19.webp?v=1777739066,2,,,,,,,,,
1803-dont-pout-htf,1803 Dont Pout -HTF,"<p>Tutti i gel polish devono essere polimerizzati per almeno 60 secondi, poiché sono TPO-free.</p>",GEL.IT.UP Italy,,,"Solid Gel Colours, Purple, Gel Polish",TRUE,Title,Default Title,Purple,,,,,,,1803 Dont Pout -HTF,11000,shopify,0,deny,manual,7.41,,TRUE,TRUE,,,,,,https://cdn.shopify.com/s/files/1/0947/5545/5242/files/GIUP-1803.webp?v=1777733491,1,,FALSE,,,,kg,,,active
1803-dont-pout-htf,,,,,,"Solid Gel Colours, Purple, Gel Polish",,,,Purple,,,,,,,,,,,,,,,,,,,,,,https://cdn.shopify.com/s/files/1/0947/5545/5242/files/download_3b6e86a4-df37-4465-a105-8390ab4b68a4.webp?v=1777739065,2,,,,,,,,,
1939-desert-gold-htf,1939 Desert Gold -HTF,"<p>Tutti i gel polish devono essere polimerizzati per almeno 60 secondi, poiché sono TPO-free.</p>",GEL.IT.UP Italy,,,Gel Polish,TRUE,Title,Default Title,,,,,,,,1939 Desert Gold -HTF,11000,shopify,0,deny,manual,7.41,,TRUE,TRUE,,,,,,https://cdn.shopify.com/s/files/1/0947/5545/5242/files/GIUP-1939.webp?v=1777733487,1,,FALSE,,,,kg,,,active
1939-desert-gold-htf,,,,,,,,,,,,,,,,,,,,,,,,,,,,,,,,https://cdn.shopify.com/s/files/1/0947/5545/5242/files/download_0a2e7dac-d80c-48cf-ae85-22eeed030aec.webp?v=1777739059,2,,,,,,,,,
gel-it-up-1-r27-11ml-htf,GEL.IT.UP 1 R27 11ml -HTF,"<p>Tutti i gel polish devono essere polimerizzati per almeno 60 secondi, poiché sono TPO-free.</p>",GEL.IT.UP Italy,,,Gel Polish,TRUE,Title,Default Title,,,,,,,,GEL.IT.UP 1 R27 11ml -HTF,11000,shopify,0,deny,manual,8.97,,TRUE,TRUE,,,,,,https://cdn.shopify.com/s/files/1/0947/5545/5242/files/GIUP-R027.webp?v=1777733485,1,,FALSE,,,,kg,,,active
gel-it-up-1-r27-11ml-htf,,,,,,,,,,,,,,,,,,,,,,,,,,,,,,,,https://cdn.shopify.com/s/files/1/0947/5545/5242/files/download_bf40d07a-2a40-4705-b197-6d1cb832e647.webp?v=1777739058,2,,,,,,,,,
603-uniglam-htf,603 UniGlam -HTF,"<p>Tutti i gel polish devono essere polimerizzati per almeno 60 secondi, poiché sono TPO-free.</p>",GEL.IT.UP Italy,,,Gel Polish,TRUE,Title,Default Title,,,,,,,,603 UniGlam -HTF,11000,shopify,0,deny,manual,8.27,,TRUE,TRUE,,,,,,https://cdn.shopify.com/s/files/1/0947/5545/5242/files/603_UniGlam_-HTF.webp?v=1777733480,1,,FALSE,,,,kg,,,active
603-uniglam-htf,,,,,,,,,,,,,,,,,,,,,,,,,,,,,,,,https://cdn.shopify.com/s/files/1/0947/5545/5242/files/download_bb76f444-abb8-4ba2-b1ce-2f29dae1767a.webp?v=1777739051,2,,,,,,,,,
brush-on-builder-gel-magenta-glitter-15ml-htf,Brush on Builder Gel Magenta Glitter 15ml -HTF,"<p>Brush On Builder è un BIAB autolivellante in flacone, ideale per rinforzare, modellare e perfezionare l’unghia naturale. Adatto anche per piccoli allungamenti fino a 3 mm.</p>",GEL.IT.UP Italy,,,,TRUE,Title,Default Title,,,,,,,,Brush on Builder Gel Magenta Glitter 15ml -HTF,15000,shopify,0,deny,manual,11.94,,TRUE,TRUE,,,,,,https://cdn.shopify.com/s/files/1/0947/5545/5242/files/GIUP-BOBGLMG.webp?v=1777733480,1,,FALSE,,,,kg,,,active
brush-on-builder-gel-magenta-glitter-15ml-htf,,,,,,,,,,,,,,,,,,,,,,,,,,,,,,,,https://cdn.shopify.com/s/files/1/0947/5545/5242/files/download_0f447261-d3b0-44de-a2b3-2438269d9bab.webp?v=1777739051,2,,,,,,,,,
149-illumi-latte-htf,149 Illumi-Latte -HTF,"<p>Tutti i gel polish devono essere polimerizzati per almeno 60 secondi, poiché sono TPO-free.</p>",GEL.IT.UP Italy,,,"Solid Gel Colours, Brown, Gel Polish",TRUE,Title,Default Title,Brown,,,,,,,149 Illumi-Latte -HTF,11000,shopify,0,deny,manual,7.41,,TRUE,TRUE,,,,,,https://cdn.shopify.com/s/files/1/0947/5545/5242/files/GIUP-149.webp?v=1777733473,1,,FALSE,,,,kg,,,active
149-illumi-latte-htf,,,,,,"Solid Gel Colours, Brown, Gel Polish",,,,Brown,,,,,,,,,,,,,,,,,,,,,,https://cdn.shopify.com/s/files/1/0947/5545/5242/files/download_c8cb6708-1524-40b9-a0a0-7a11a1d48ea7.webp?v=1777739043,2,,,,,,,,,
2113m-lilac-ice-htf,2113M Lilac Ice -HTF,"<p>Tutti i gel polish devono essere polimerizzati per almeno 60 secondi, poiché sono TPO-free.</p>",GEL.IT.UP Italy,,,Gel Polish,TRUE,Title,Default Title,,,,,,,,2113M Lilac Ice -HTF,11000,shopify,0,deny,manual,7.36,,TRUE,TRUE,,,,,,https://cdn.shopify.com/s/files/1/0947/5545/5242/files/GIUP-2113M.webp?v=1777733473,1,,FALSE,,,,kg,,,active
2113m-lilac-ice-htf,,,,,,,,,,,,,,,,,,,,,,,,,,,,,,,,https://cdn.shopify.com/s/files/1/0947/5545/5242/files/download_706b80de-0d99-4bcb-80d0-fc2512fe3ff5.webp?v=1777739043,2,,,,,,,,,
31-just-peachy-htf,31 Just Peachy -HTF,"<p>Tutti i gel polish devono essere polimerizzati per almeno 60 secondi, poiché sono TPO-free.</p>",GEL.IT.UP Italy,,,"Solid Gel Colours, Coral Orange, Gel Polish",TRUE,Title,Default Title,Coral Orange,,,,,,,31 Just Peachy -HTF,11000,shopify,0,deny,manual,7.41,,TRUE,TRUE,,,,,,https://cdn.shopify.com/s/files/1/0947/5545/5242/files/GIUP-31.webp?v=1777733467,1,,FALSE,,,,kg,,,active
31-just-peachy-htf,,,,,,"Solid Gel Colours, Coral Orange, Gel Polish",,,,Coral Orange,,,,,,,,,,,,,,,,,,,,,,https://cdn.shopify.com/s/files/1/0947/5545/5242/files/download_e81ab53a-3833-43e1-94d7-b43b1f5a3300.webp?v=1777739035,2,,,,,,,,,
multimix-synthogel-60gr-nude-htf,MultiMix Synthogel 60gr Nude -HTF,"<p>Formula di alta qualità che unisce la resistenza dell’acrilico alla facilità del gel. Ideale per rinforzo dell’unghia naturale e ricostruzioni, non cola, è inodore e non brucia in lampada. Applicabile con Dual Form, Nail Forms o tecnica libera. 100% HEMA/TPO-free.</p>",GEL.IT.UP Italy,,,,TRUE,Title,Default Title,,,,,,,,MultiMix Synthogel 60gr Nude -HTF,60000,shopify,0,deny,manual,21.29,,TRUE,TRUE,,,,,,https://cdn.shopify.com/s/files/1/0947/5545/5242/files/multimix_nude_color.webp?v=1777733467,1,,FALSE,,,,kg,,,active
multimix-synthogel-60gr-nude-htf,,,,,,,,,,,,,,,,,,,,,,,,,,,,,,,,https://cdn.shopify.com/s/files/1/0947/5545/5242/files/download_a0101cb2-efe9-4951-8a74-c25d218a0816.webp?v=1777739035,2,,,,,,,,,
63-sangria-talking-htf,63 Sangria Talking -HTF,"<p>Tutti i gel polish devono essere polimerizzati per almeno 60 secondi, poiché sono TPO-free.</p>",GEL.IT.UP Italy,,,"Solid Gel Colours, Red, Gel Polish",TRUE,Title,Default Title,Red,,,,,,,63 Sangria Talking -HTF,11000,shopify,0,deny,manual,7.41,,TRUE,TRUE,,,,,,https://cdn.shopify.com/s/files/1/0947/5545/5242/files/GIUP-63.webp?v=1777733461,1,,FALSE,,,,kg,,,active
63-sangria-talking-htf,,,,,,"Solid Gel Colours, Red, Gel Polish",,,,Red,,,,,,,,,,,,,,,,,,,,,,https://cdn.shopify.com/s/files/1/0947/5545/5242/files/download_7aac3f8f-0e0e-44e7-b60a-4d9e163ddfcf.webp?v=1777739027,2,,,,,,,,,
fr08-ice-drop-htf,FR08 Ice Drop -HTF,"<p>Tutti i gel polish devono essere polimerizzati per almeno 60 secondi, poiché sono TPO-free.</p>",GEL.IT.UP Italy,,,Gel Polish,TRUE,Title,Default Title,,,,,,,,FR08 Ice Drop -HTF,11000,shopify,0,deny,manual,7.41,,TRUE,TRUE,,,,,,https://cdn.shopify.com/s/files/1/0947/5545/5242/files/GIUP-FR08.webp?v=1777733461,1,,FALSE,,,,kg,,,active
fr08-ice-drop-htf,,,,,,,,,,,,,,,,,,,,,,,,,,,,,,,,https://cdn.shopify.com/s/files/1/0947/5545/5242/files/download_b989caa6-e6db-4900-8502-a5f3a766d27d.webp?v=1777739027,2,,,,,,,,,
2309-i-do-htf,2309 I Do -HTF,"<p>Tutti i gel polish devono essere polimerizzati per almeno 60 secondi, poiché sono TPO-free.</p>",GEL.IT.UP Italy,,,Gel Polish,TRUE,Title,Default Title,,,,,,,,2309 I Do -HTF,11000,shopify,0,deny,manual,7.41,,TRUE,TRUE,,,,,,https://cdn.shopify.com/s/files/1/0947/5545/5242/files/GIUP-2309.webp?v=1777733455,1,,FALSE,,,,kg,,,active
2309-i-do-htf,,,,,,,,,,,,,,,,,,,,,,,,,,,,,,,,https://cdn.shopify.com/s/files/1/0947/5545/5242/files/download_6d21bdd9-bb08-47c2-ba2e-100ae62cf8d8.webp?v=1777739020,2,,,,,,,,,
gel-it-up-foot-cream-100ml-sassy-sassy-new,GEL IT UP FOOT CREAM 100ml SASSY SASSY NEW,"<p>Con Aloe biologica e un cocktail unico di ingredienti attivi, profuma e idrata la pelle. Si assorbe rapidamente e non lascia residui grassi. Ingredienti: Aloe Vera biologica, Acido Ialuronico, Pantenolo.</p>",GEL.IT.UP Italy,,,,TRUE,Title,Default Title,,,,,,,,GEL IT UP FOOT CREAM 100ml SASSY SASSY NEW,100000,shopify,0,deny,manual,5.16,,TRUE,TRUE,,,,,,https://cdn.shopify.com/s/files/1/0947/5545/5242/files/GEL_IT_UP_FOOT_CREAM_100ml_SASSY_SASSY_NEW.webp?v=1777733456,1,,FALSE,,,,kg,,,active
gel-it-up-foot-cream-100ml-sassy-sassy-new,,,,,,,,,,,,,,,,,,,,,,,,,,,,,,,,https://cdn.shopify.com/s/files/1/0947/5545/5242/files/download_8850aaa8-0d37-4b0c-8ee2-e944b3b82afd.webp?v=1777739021,2,,,,,,,,,
flexi-soak-off-nail-tips-medium-square-2025,FLEXI Soak Off Nail Tips Medium Square -2025,,GEL.IT.UP Italy,,,,TRUE,Title,Default Title,,,,,,,,FLEXI Soak Off Nail Tips Medium Square -2025,0,shopify,0,deny,manual,6,,TRUE,TRUE,,,,,,https://cdn.shopify.com/s/files/1/0947/5545/5242/files/FLEXI_SHORT_SQUARE.webp?v=1777733449,1,,FALSE,,,,kg,,,active
flexi-soak-off-nail-tips-medium-square-2025,,,,,,,,,,,,,,,,,,,,,,,,,,,,,,,,https://cdn.shopify.com/s/files/1/0947/5545/5242/files/download_ba137ccb-d707-4835-b3ca-ebc48dd7180a.webp?v=1777739014,2,,,,,,,,,
gel-it-up-1-r38-11ml-htf,GEL.IT.UP 1 R38 11ml -HTF,"<p>Tutti i gel polish devono essere polimerizzati per almeno 60 secondi, poiché sono TPO-free.</p>",GEL.IT.UP Italy,,,Gel Polish,TRUE,Title,Default Title,,,,,,,,GEL.IT.UP 1 R38 11ml -HTF,11000,shopify,0,deny,manual,8.97,,TRUE,TRUE,,,,,,https://cdn.shopify.com/s/files/1/0947/5545/5242/files/GIUP-R038.webp?v=1777733442,1,,FALSE,,,,kg,,,active
gel-it-up-1-r38-11ml-htf,,,,,,,,,,,,,,,,,,,,,,,,,,,,,,,,https://cdn.shopify.com/s/files/1/0947/5545/5242/files/download_86a6302c-e434-438d-b6d3-12702c64ffab.webp?v=1777739007,2,,,,,,,,,
95-peppermint-crisp-htf,95 Peppermint Crisp -HTF,"<p>Tutti i gel polish devono essere polimerizzati per almeno 60 secondi, poiché sono TPO-free.</p>",GEL.IT.UP Italy,,,"Solid Gel Colours, Green, Gel Polish",TRUE,Title,Default Title,Green,,,,,,,95 Peppermint Crisp -HTF,11000,shopify,0,deny,manual,7.41,,TRUE,TRUE,,,,,,https://cdn.shopify.com/s/files/1/0947/5545/5242/files/GIUP-95.webp?v=1777733442,1,,FALSE,,,,kg,,,active
95-peppermint-crisp-htf,,,,,,"Solid Gel Colours, Green, Gel Polish",,,,Green,,,,,,,,,,,,,,,,,,,,,,https://cdn.shopify.com/s/files/1/0947/5545/5242/files/download_c5190ece-e8e2-460c-b730-42400f287dcc.webp?v=1777739005,2,,,,,,,,,
velvet-cat-eye-vce07-htf,Velvet Cat Eye #VCE07 -HTF,"<p>Tutti i gel polish devono essere polimerizzati per almeno 60 secondi, poiché sono TPO-free.</p>",GEL.IT.UP Italy,,,Gel Polish,TRUE,Title,Default Title,,,,,,,,Velvet Cat Eye #VCE07 -HTF,11000,shopify,0,deny,manual,9.03,,TRUE,TRUE,,,,,,https://cdn.shopify.com/s/files/1/0947/5545/5242/files/Velvet_Cat_Eye_VCE07_-HTF.webp?v=1777733436,1,,FALSE,,,,kg,,,active
07-lavender-dreams-htf,07 Lavender Dreams -HTF,"<p>Tutti i gel polish devono essere polimerizzati per almeno 60 secondi, poiché sono TPO-free.</p>",GEL.IT.UP Italy,Uncategorized,,Gel Polish,TRUE,Title,Default Title,,,,,,,,07 Lavender Dreams -HTF,11000,shopify,0,deny,manual,7.41,,TRUE,TRUE,,,,,,https://cdn.shopify.com/s/files/1/0947/5545/5242/files/GIUP-07.webp?v=1777818580,1,,FALSE,,,,kg,,,active
11-nimbus-htf,11 Nimbus -HTF,"<p>Tutti i gel polish devono essere polimerizzati per almeno 60 secondi, poiché sono TPO-free.</p>",GEL.IT.UP Italy,,,"Solid Gel Colours, Grey, Gel Polish",TRUE,Title,Default Title,Grey,,,,,,,11 Nimbus -HTF,11000,shopify,0,deny,manual,7.41,,TRUE,TRUE,,,,,,https://cdn.shopify.com/s/files/1/0947/5545/5242/files/GIUP-11.webp?v=1777733435,1,,FALSE,,,,kg,,,active
11-nimbus-htf,,,,,,"Solid Gel Colours, Grey, Gel Polish",,,,Grey,,,,,,,,,,,,,,,,,,,,,,https://cdn.shopify.com/s/files/1/0947/5545/5242/files/download_d29ced98-d604-4ae9-a8cf-07288c313833.webp?v=1777738996,2,,,,,,,,,
1903-dancing-firefly-thermo-glow-htf,1903 Dancing Firefly (Thermo / Glow) -HTF,"<p>Tutti i gel polish devono essere polimerizzati per almeno 60 secondi, poiché sono TPO-free.</p>",GEL.IT.UP Italy,,,"Solid Gel Colours, Coral Orange, Gel Polish",TRUE,Title,Default Title,Coral Orange,,,,,,,1903 Dancing Firefly (Thermo / Glow) -HTF,11000,shopify,0,deny,manual,7.41,,TRUE,TRUE,,,,,,https://cdn.shopify.com/s/files/1/0947/5545/5242/files/GIUP-1903.webp?v=1777733429,1,,FALSE,,,,kg,,,active
1903-dancing-firefly-thermo-glow-htf,,,,,,"Solid Gel Colours, Coral Orange, Gel Polish",,,,Coral Orange,,,,,,,,,,,,,,,,,,,,,,https://cdn.shopify.com/s/files/1/0947/5545/5242/files/download_85844ed1-ffff-4dcb-bffd-a6ca3ef5a3d5.webp?v=1777738989,2,,,,,,,,,
n002-cashmere-htf,N002 Cashmere -HTF,"<p>Tutti i gel polish devono essere polimerizzati per almeno 60 secondi, poiché sono TPO-free.</p>",GEL.IT.UP Italy,,,Gel Polish,TRUE,Title,Default Title,,,,,,,,N002 Cashmere -HTF,11000,shopify,0,deny,manual,7.41,,TRUE,TRUE,,,,,,https://cdn.shopify.com/s/files/1/0947/5545/5242/files/GIUP-N002.webp?v=1777733429,1,,FALSE,,,,kg,,,active
n002-cashmere-htf,,,,,,,,,,,,,,,,,,,,,,,,,,,,,,,,https://cdn.shopify.com/s/files/1/0947/5545/5242/files/download_9ab11323-cf53-4545-899d-c43c5fcc41c9.webp?v=1777738989,2,,,,,,,,,
2609-cool-atmosphere-htf,2609 Cool Atmosphere -HTF,"<p>Tutti i gel polish devono essere polimerizzati per almeno 60 secondi, poiché sono TPO-free.</p>",GEL.IT.UP Italy,,,Gel Polish,TRUE,Title,Default Title,,,,,,,,2609 Cool Atmosphere -HTF,11000,shopify,0,deny,manual,7.41,,TRUE,TRUE,,,,,,https://cdn.shopify.com/s/files/1/0947/5545/5242/files/GIUP-2609.webp?v=1777733423,1,,FALSE,,,,kg,,,active
2609-cool-atmosphere-htf,,,,,,,,,,,,,,,,,,,,,,,,,,,,,,,,https://cdn.shopify.com/s/files/1/0947/5545/5242/files/download_135badb9-b243-476d-9da8-73fc9599a868.webp?v=1777738982,2,,,,,,,,,
2503-iris-elegance-htf,2503 Iris Elegance -HTF,"<p>Tutti i gel polish devono essere polimerizzati per almeno 60 secondi, poiché sono TPO-free.</p>",GEL.IT.UP Italy,,,Gel Polish,TRUE,Title,Default Title,,,,,,,,2503 Iris Elegance -HTF,11000,shopify,0,deny,manual,7.41,,TRUE,TRUE,,,,,,https://cdn.shopify.com/s/files/1/0947/5545/5242/files/GIUP-2503.webp?v=1777733419,1,,FALSE,,,,kg,,,active
2503-iris-elegance-htf,,,,,,,,,,,,,,,,,,,,,,,,,,,,,,,,https://cdn.shopify.com/s/files/1/0947/5545/5242/files/download_fd34fb47-12d1-4d15-b2c3-e7309cd8f8cf.webp?v=1777738976,2,,,,,,,,,
brush-on-builder-gel-blush-pink-15ml-htf,Brush on Builder Gel Blush Pink 15ml -HTF,"<p>Brush On Builder è un BIAB autolivellante in flacone, ideale per rinforzare, modellare e perfezionare l’unghia naturale. Adatto anche per piccoli allungamenti fino a 3 mm.</p>",GEL.IT.UP Italy,,,,TRUE,Title,Default Title,,,,,,,,Brush on Builder Gel Blush Pink 15ml -HTF,15000,shopify,0,deny,manual,11.94,,TRUE,TRUE,,,,,,https://cdn.shopify.com/s/files/1/0947/5545/5242/files/GIUP-BOBBLPN.webp?v=1777733418,1,,FALSE,,,,kg,,,active
brush-on-builder-gel-blush-pink-15ml-htf,,,,,,,,,,,,,,,,,,,,,,,,,,,,,,,,https://cdn.shopify.com/s/files/1/0947/5545/5242/files/download_26162da8-3bd7-4c24-89c9-6b4c064dd558.webp?v=1777738974,2,,,,,,,,,
2110-hazy-lazy-dayz-htf,2110 Hazy Lazy Dayz -HTF,"<p>Tutti i gel polish devono essere polimerizzati per almeno 60 secondi, poiché sono TPO-free.</p>",GEL.IT.UP Italy,,,Gel Polish,TRUE,Title,Default Title,,,,,,,,2110 Hazy Lazy Dayz -HTF,11000,shopify,0,deny,manual,7.41,,TRUE,TRUE,,,,,,https://cdn.shopify.com/s/files/1/0947/5545/5242/files/GIUP-110.webp?v=1777733413,1,,FALSE,,,,kg,,,active
110-plush-htf,110 Plush -HTF,"<p>Tutti i gel polish devono essere polimerizzati per almeno 60 secondi, poiché sono TPO-free.</p>",GEL.IT.UP Italy,,,"Solid Gel Colours, Pink, Gel Polish",TRUE,Title,Default Title,Pink,,,,,,,110 Plush -HTF,11000,shopify,0,deny,manual,7.41,,TRUE,TRUE,,,,,,https://cdn.shopify.com/s/files/1/0947/5545/5242/files/GIUP-110.webp?v=1777733413,1,,FALSE,,,,kg,,,active
110-plush-htf,,,,,,"Solid Gel Colours, Pink, Gel Polish",,,,Pink,,,,,,,,,,,,,,,,,,,,,,https://cdn.shopify.com/s/files/1/0947/5545/5242/files/download_f0cc66e7-00a4-4220-b3e3-e67217925cf8.webp?v=1777738969,2,,,,,,,,,
2105-happiness-is-htf,2105 Happiness Is… -HTF,"<p>Tutti i gel polish devono essere polimerizzati per almeno 60 secondi, poiché sono TPO-free.</p>",GEL.IT.UP Italy,,,Gel Polish,TRUE,Title,Default Title,,,,,,,,2105 Happiness Is… -HTF,11000,shopify,0,deny,manual,7.41,,TRUE,TRUE,,,,,,https://cdn.shopify.com/s/files/1/0947/5545/5242/files/GIUP-105.webp?v=1777733408,1,,FALSE,,,,kg,,,active
105-bar-bee-htf,105 Bar-Bee -HTF,"<p>Tutti i gel polish devono essere polimerizzati per almeno 60 secondi, poiché sono TPO-free.</p>",GEL.IT.UP Italy,,,"Solid Gel Colours, Pink, Gel Polish",TRUE,Title,Default Title,Pink,,,,,,,105 Bar-Bee -HTF,11000,shopify,0,deny,manual,7.41,,TRUE,TRUE,,,,,,https://cdn.shopify.com/s/files/1/0947/5545/5242/files/GIUP-105.webp?v=1777733408,1,,FALSE,,,,kg,,,active
105-bar-bee-htf,,,,,,"Solid Gel Colours, Pink, Gel Polish",,,,Pink,,,,,,,,,,,,,,,,,,,,,,https://cdn.shopify.com/s/files/1/0947/5545/5242/files/download_2fe11d85-4b72-437a-9c4c-211c33ab339e.webp?v=1777738961,2,,,,,,,,,
2454-moulin-rouge-htf,2454 Moulin Rouge -HTF,"<p>Tutti i gel polish devono essere polimerizzati per almeno 60 secondi, poiché sono TPO-free.</p>",GEL.IT.UP Italy,,,Gel Polish,TRUE,Title,Default Title,,,,,,,,2454 Moulin Rouge -HTF,11000,shopify,0,deny,manual,7.41,,TRUE,TRUE,,,,,,https://cdn.shopify.com/s/files/1/0947/5545/5242/files/GIUP-2454.webp?v=1777733408,1,,FALSE,,,,kg,,,active
2454-moulin-rouge-htf,,,,,,,,,,,,,,,,,,,,,,,,,,,,,,,,https://cdn.shopify.com/s/files/1/0947/5545/5242/files/download_8bd525bd-1d59-40bd-a258-4d80fd84ba8b.webp?v=1777738962,2,,,,,,,,,
1813-drives-me-wild-htf,1813 Drives Me Wild -HTF,"<p>Tutti i gel polish devono essere polimerizzati per almeno 60 secondi, poiché sono TPO-free.</p>",GEL.IT.UP Italy,,,Gel Polish,TRUE,Title,Default Title,,,,,,,,1813 Drives Me Wild -HTF,11000,shopify,0,deny,manual,7.41,,TRUE,TRUE,,,,,,https://cdn.shopify.com/s/files/1/0947/5545/5242/files/GIUP-1813.webp?v=1777733401,1,,FALSE,,,,kg,,,active
1813-drives-me-wild-htf,,,,,,,,,,,,,,,,,,,,,,,,,,,,,,,,https://cdn.shopify.com/s/files/1/0947/5545/5242/files/download_6a45e70d-9779-4c2c-93d5-d013015899ac.webp?v=1777738953,2,,,,,,,,,
n009-blushing-bride-htf,N009 Blushing Bride -HTF,"<p>Tutti i gel polish devono essere polimerizzati per almeno 60 secondi, poiché sono TPO-free.</p>",GEL.IT.UP Italy,,,Gel Polish,TRUE,Title,Default Title,,,,,,,,N009 Blushing Bride -HTF,11000,shopify,0,deny,manual,7.41,,TRUE,TRUE,,,,,,https://cdn.shopify.com/s/files/1/0947/5545/5242/files/GIUP-N009.webp?v=1777733399,1,,FALSE,,,,kg,,,active
n009-blushing-bride-htf,,,,,,,,,,,,,,,,,,,,,,,,,,,,,,,,https://cdn.shopify.com/s/files/1/0947/5545/5242/files/download_eab02926-45e3-4b22-8bed-ebcc23294bd2.webp?v=1777738953,2,,,,,,,,,
40-juicy-lucy-htf,40 Juicy Lucy -HTF,"<p>Tutti i gel polish devono essere polimerizzati per almeno 60 secondi, poiché sono TPO-free.</p>",GEL.IT.UP Italy,,,"Solid Gel Colours, Neon, Gel Polish",TRUE,Title,Default Title,Neon,,,,,,,40 Juicy Lucy -HTF,11000,shopify,0,deny,manual,7.41,,TRUE,TRUE,,,,,,https://cdn.shopify.com/s/files/1/0947/5545/5242/files/GIUP-40.webp?v=1777733395,1,,FALSE,,,,kg,,,active
40-juicy-lucy-htf,,,,,,"Solid Gel Colours, Neon, Gel Polish",,,,Neon,,,,,,,,,,,,,,,,,,,,,,https://cdn.shopify.com/s/files/1/0947/5545/5242/files/download_98ae75f3-dc36-45b2-8115-992d27b0dbdc.webp?v=1777738946,2,,,,,,,,,
1938-midnight-htf,1938 Midnight -HTF,"<p>Tutti i gel polish devono essere polimerizzati per almeno 60 secondi, poiché sono TPO-free.</p>",GEL.IT.UP Italy,,,"Solid Gel Colours, Blue, Gel Polish",TRUE,Title,Default Title,Blue,,,,,,,1938 Midnight -HTF,11000,shopify,0,deny,manual,7.41,,TRUE,TRUE,,,,,,https://cdn.shopify.com/s/files/1/0947/5545/5242/files/GIUP-1938.webp?v=1777733394,1,,FALSE,,,,kg,,,active
1938-midnight-htf,,,,,,"Solid Gel Colours, Blue, Gel Polish",,,,Blue,,,,,,,,,,,,,,,,,,,,,,https://cdn.shopify.com/s/files/1/0947/5545/5242/files/download_615ecb83-08b9-4c28-8770-5e6540c49fa4.webp?v=1777738946,2,,,,,,,,,
gel-it-up-1-r31-11ml-htf,GEL.IT.UP 1 R31 11ml -HTF,"<p>Tutti i gel polish devono essere polimerizzati per almeno 60 secondi, poiché sono TPO-free.</p>",GEL.IT.UP Italy,,,Gel Polish,TRUE,Title,Default Title,,,,,,,,GEL.IT.UP 1 R31 11ml -HTF,11000,shopify,0,deny,manual,8.97,,TRUE,TRUE,,,,,,https://cdn.shopify.com/s/files/1/0947/5545/5242/files/GIUP-R031.webp?v=1777733389,1,,FALSE,,,,kg,,,active
gel-it-up-1-r31-11ml-htf,,,,,,,,,,,,,,,,,,,,,,,,,,,,,,,,https://cdn.shopify.com/s/files/1/0947/5545/5242/files/download_f9dd0919-75ab-4e74-bc9c-58e88ba50456.webp?v=1777738939,2,,,,,,,,,
brush-on-builder-gel-clear-15ml-htf,Brush on Builder Gel Clear 15ml -HTF,"<p>Brush On Builder è un BIAB autolivellante in flacone, ideale per rinforzare, modellare e perfezionare l’unghia naturale. Adatto anche per piccoli allungamenti fino a 3 mm.</p>",GEL.IT.UP Italy,,,,TRUE,Title,Default Title,,,,,,,,Brush on Builder Gel Clear 15ml -HTF,15000,shopify,0,deny,manual,11.94,,TRUE,TRUE,,,,,,https://cdn.shopify.com/s/files/1/0947/5545/5242/files/GIUP-BOBCLR.webp?v=1777733389,1,,FALSE,,,,kg,,,active
brush-on-builder-gel-clear-15ml-htf,,,,,,,,,,,,,,,,,,,,,,,,,,,,,,,,https://cdn.shopify.com/s/files/1/0947/5545/5242/files/download_6a28e766-033e-4dec-a497-d8cb8c2864d5.webp?v=1777738939,2,,,,,,,,,
2608-daybreak-pink-htf,2608 Daybreak Pink -HTF,"<p>Tutti i gel polish devono essere polimerizzati per almeno 60 secondi, poiché sono TPO-free.</p>",GEL.IT.UP Italy,,,Gel Polish,TRUE,Title,Default Title,,,,,,,,2608 Daybreak Pink -HTF,11000,shopify,0,deny,manual,7.41,,TRUE,TRUE,,,,,,https://cdn.shopify.com/s/files/1/0947/5545/5242/files/GIUP-2608.jpg?v=1777733383,1,,FALSE,,,,kg,,,active
2608-daybreak-pink-htf,,,,,,,,,,,,,,,,,,,,,,,,,,,,,,,,https://cdn.shopify.com/s/files/1/0947/5545/5242/files/download.jpg?v=1777738932,2,,,,,,,,,
2223-chocolate-deprived-htf,2223 Chocolate Deprived -HTF,"<p>Tutti i gel polish devono essere polimerizzati per almeno 60 secondi, poiché sono TPO-free.</p>",GEL.IT.UP Italy,,,"Solid Gel Colours, Brown, Gel Polish",TRUE,Title,Default Title,Brown,,,,,,,2223 Chocolate Deprived -HTF,11000,shopify,0,deny,manual,7.41,,TRUE,TRUE,,,,,,https://cdn.shopify.com/s/files/1/0947/5545/5242/files/GIUP-2223.webp?v=1777733383,1,,FALSE,,,,kg,,,active
2223-chocolate-deprived-htf,,,,,,"Solid Gel Colours, Brown, Gel Polish",,,,Brown,,,,,,,,,,,,,,,,,,,,,,https://cdn.shopify.com/s/files/1/0947/5545/5242/files/download_b9c11bad-3491-40d0-a79d-5a3ec4133e6a.webp?v=1777738931,2,,,,,,,,,
2138-sans-retenue-htf,2138 Sans Retenue -HTF,"<p>Tutti i gel polish devono essere polimerizzati per almeno 60 secondi, poiché sono TPO-free.</p>",GEL.IT.UP Italy,,,"Solid Gel Colours, Brown, Gel Polish",TRUE,Title,Default Title,Brown,,,,,,,2138 Sans Retenue -HTF,11000,shopify,0,deny,manual,7.41,,TRUE,TRUE,,,,,,https://cdn.shopify.com/s/files/1/0947/5545/5242/files/GIUP-2138.webp?v=1777733377,1,,FALSE,,,,kg,,,active
2138-sans-retenue-htf,,,,,,"Solid Gel Colours, Brown, Gel Polish",,,,Brown,,,,,,,,,,,,,,,,,,,,,,https://cdn.shopify.com/s/files/1/0947/5545/5242/files/download_e42428ac-c417-441c-b502-112b5ac42c14.webp?v=1777738923,2,,,,,,,,,
140-nudity-htf,140 Nudity -HTF,"<p>Tutti i gel polish devono essere polimerizzati per almeno 60 secondi, poiché sono TPO-free.</p>",GEL.IT.UP Italy,,,"Solid Gel Colours, Brown, Gel Polish",TRUE,Title,Default Title,Brown,,,,,,,140 Nudity -HTF,11000,shopify,0,deny,manual,7.41,,TRUE,TRUE,,,,,,https://cdn.shopify.com/s/files/1/0947/5545/5242/files/GIUP-140.webp?v=1777733376,1,,FALSE,,,,kg,,,active
140-nudity-htf,,,,,,"Solid Gel Colours, Brown, Gel Polish",,,,Brown,,,,,,,,,,,,,,,,,,,,,,https://cdn.shopify.com/s/files/1/0947/5545/5242/files/download_904db2c1-1b65-4695-8e03-6fff1c716791.webp?v=1777738923,2,,,,,,,,,
5-in-1-superior-base-15ml-candy-pink-htf,5-in-1 Superior Base 15ml Candy Pink -HTF,"<p>La GEL.IT.UP 5-in-1 Base Coat è una base multifunzione che offre cinque utilizzi in un unico flacone: base per gel polish semipermanente, rinforzo per unghie sottili e fragili, gel modellante per piccole correzioni, base adesiva per strass e decorazioni 3D, e gel per piccoli allungamenti e rinforzo dell’unghia naturale.</p>",GEL.IT.UP Italy,,,,TRUE,Title,Default Title,,,,,,,,5-in-1 Superior Base 15ml Candy Pink -HTF,15000,shopify,0,deny,manual,12.84,,TRUE,TRUE,,,,,,https://cdn.shopify.com/s/files/1/0947/5545/5242/files/5-in-1_Superior_Base_15ml_Candy_Pink_-HTF.webp?v=1777733371,1,,FALSE,,,,kg,,,active
5-in-1-superior-base-15ml-candy-pink-htf,,,,,,,,,,,,,,,,,,,,,,,,,,,,,,,,https://cdn.shopify.com/s/files/1/0947/5545/5242/files/download_d08e1e55-e06e-48fe-8d01-96c3b6c2908b.webp?v=1777738916,2,,,,,,,,,
2418-he-pearls-htf,2418 He Pearls -HTF,"<p>Tutti i gel polish devono essere polimerizzati per almeno 60 secondi, poiché sono TPO-free.</p>",GEL.IT.UP Italy,,,Gel Polish,TRUE,Title,Default Title,,,,,,,,2418 He Pearls -HTF,11000,shopify,0,deny,manual,7.41,,TRUE,TRUE,,,,,,https://cdn.shopify.com/s/files/1/0947/5545/5242/files/GIUP-2418.webp?v=1777733369,1,,FALSE,,,,kg,,,active
2418-he-pearls-htf,,,,,,,,,,,,,,,,,,,,,,,,,,,,,,,,https://cdn.shopify.com/s/files/1/0947/5545/5242/files/download_25928b30-d996-40a6-9b14-f3cfb94b4d14.webp?v=1777738916,2,,,,,,,,,
shimmer-collection-sh07-htf,Shimmer Collection #SH07 -HTF,"<p>Tutti i gel polish devono essere polimerizzati per almeno 60 secondi, poiché sono TPO-free.</p>",GEL.IT.UP Italy,,,Gel Polish,TRUE,Title,Default Title,,,,,,,,Shimmer Collection #SH07 -HTF,11000,shopify,0,deny,manual,8.9,,TRUE,TRUE,,,,,,https://cdn.shopify.com/s/files/1/0947/5545/5242/files/SH07.webp?v=1777733364,1,,FALSE,,,,kg,,,active
shimmer-collection-sh07-htf,,,,,,,,,,,,,,,,,,,,,,,,,,,,,,,,https://cdn.shopify.com/s/files/1/0947/5545/5242/files/download_4c21da61-44fc-4469-b76e-02cdd5ac272b.webp?v=1777738909,2,,,,,,,,,
1907-red-acacia-htf,1907 Red Acacia -HTF,"<p>Tutti i gel polish devono essere polimerizzati per almeno 60 secondi, poiché sono TPO-free.</p>",GEL.IT.UP Italy,,,"Solid Gel Colours, Coral Orange, Gel Polish",TRUE,Title,Default Title,Coral Orange,,,,,,,1907 Red Acacia -HTF,11000,shopify,0,deny,manual,7.41,,TRUE,TRUE,,,,,,https://cdn.shopify.com/s/files/1/0947/5545/5242/files/GIUP-1907.webp?v=1777733364,1,,FALSE,,,,kg,,,active
1907-red-acacia-htf,,,,,,"Solid Gel Colours, Coral Orange, Gel Polish",,,,Coral Orange,,,,,,,,,,,,,,,,,,,,,,https://cdn.shopify.com/s/files/1/0947/5545/5242/files/download_67d0c51a-ca21-4bbd-8870-19dfe52d4792.webp?v=1777738908,2,,,,,,,,,
2461-gluhwein-htf,2461 Gluhwein -HTF,"<p>Tutti i gel polish devono essere polimerizzati per almeno 60 secondi, poiché sono TPO-free.</p>",GEL.IT.UP Italy,,,"Solid Gel Colours, Red, Gel Polish",TRUE,Title,Default Title,Red,,,,,,,2461 Gluhwein -HTF,11000,shopify,0,deny,manual,7.41,,TRUE,TRUE,,,,,,https://cdn.shopify.com/s/files/1/0947/5545/5242/files/GIUP-2461.webp?v=1777733357,1,,FALSE,,,,kg,,,active
2461-gluhwein-htf,,,,,,"Solid Gel Colours, Red, Gel Polish",,,,Red,,,,,,,,,,,,,,,,,,,,,,https://cdn.shopify.com/s/files/1/0947/5545/5242/files/download_60205975-a56d-42d9-a8f7-e48ebaaa579e.webp?v=1777738901,2,,,,,,,,,
n019-luxe-linen-htf,N019 Luxe Linen -HTF,"<p>Tutti i gel polish devono essere polimerizzati per almeno 60 secondi, poiché sono TPO-free.</p>",GEL.IT.UP Italy,,,Gel Polish,TRUE,Title,Default Title,,,,,,,,N019 Luxe Linen -HTF,11000,shopify,0,deny,manual,7.41,,TRUE,TRUE,,,,,,https://cdn.shopify.com/s/files/1/0947/5545/5242/files/GIUP-N019.webp?v=1777733357,1,,FALSE,,,,kg,,,active
n019-luxe-linen-htf,,,,,,,,,,,,,,,,,,,,,,,,,,,,,,,,https://cdn.shopify.com/s/files/1/0947/5545/5242/files/download_9690448b-232e-420a-8df8-f819ee240e6f.webp?v=1777738901,2,,,,,,,,,
gel-it-up-1-r14-11ml-htf,GEL.IT.UP 1 R14 11ml -HTF,"<p>Tutti i gel polish devono essere polimerizzati per almeno 60 secondi, poiché sono TPO-free.</p>",GEL.IT.UP Italy,,,Gel Polish,TRUE,Title,Default Title,,,,,,,,GEL.IT.UP 1 R14 11ml -HTF,11000,shopify,0,deny,manual,8.97,,TRUE,TRUE,,,,,,https://cdn.shopify.com/s/files/1/0947/5545/5242/files/GIUP-R014.webp?v=1777733351,1,,FALSE,,,,kg,,,active
gel-it-up-1-r14-11ml-htf,,,,,,,,,,,,,,,,,,,,,,,,,,,,,,,,https://cdn.shopify.com/s/files/1/0947/5545/5242/files/download_ad13102e-0f85-4f0b-994a-462fe6bb2631.webp?v=1777738893,2,,,,,,,,,
gel-it-up-1-r40-11ml-htf,GEL.IT.UP 1 R40 11ml -HTF,"<p>Tutti i gel polish devono essere polimerizzati per almeno 60 secondi, poiché sono TPO-free.</p>",GEL.IT.UP Italy,,,Gel Polish,TRUE,Title,Default Title,,,,,,,,GEL.IT.UP 1 R40 11ml -HTF,11000,shopify,0,deny,manual,8.97,,TRUE,TRUE,,,,,,https://cdn.shopify.com/s/files/1/0947/5545/5242/files/GIUP-R04.webp?v=1777733345,1,,FALSE,,,,kg,,,active
gel-it-up-1-r04-11ml-htf,GEL.IT.UP 1 R04 11ml -HTF,"<p>Tutti i gel polish devono essere polimerizzati per almeno 60 secondi, poiché sono TPO-free.</p>",GEL.IT.UP Italy,,,Gel Polish,TRUE,Title,Default Title,,,,,,,,GEL.IT.UP 1 R04 11ml -HTF,11000,shopify,0,deny,manual,8.97,,TRUE,TRUE,,,,,,https://cdn.shopify.com/s/files/1/0947/5545/5242/files/GIUP-R04.webp?v=1777733345,1,,FALSE,,,,kg,,,active
gel-it-up-1-r04-11ml-htf,,,,,,,,,,,,,,,,,,,,,,,,,,,,,,,,https://cdn.shopify.com/s/files/1/0947/5545/5242/files/download_692a5b0d-56e3-4173-9e5b-17567699cadf.webp?v=1777738885,2,,,,,,,,,
tuttie-fruity-glass-tfg03-htf,Tuttie Fruity Glass #TFG03 -HTF,"<p>Tutti i gel polish devono essere polimerizzati per almeno 60 secondi, poiché sono TPO-free.</p>",GEL.IT.UP Italy,,,Gel Polish,TRUE,Title,Default Title,,,,,,,,Tuttie Fruity Glass #TFG03 -HTF,11000,shopify,0,deny,manual,7.41,,TRUE,TRUE,,,,,,https://cdn.shopify.com/s/files/1/0947/5545/5242/files/TFG03.webp?v=1777733345,1,,FALSE,,,,kg,,,active
tuttie-fruity-glass-tfg03-htf,,,,,,,,,,,,,,,,,,,,,,,,,,,,,,,,https://cdn.shopify.com/s/files/1/0947/5545/5242/files/download_5d8feee8-f390-41f2-911a-3c5f57d055db.webp?v=1777738885,2,,,,,,,,,
1906-the-new-black-htf,1906 The New Black -HTF,"<p>Tutti i gel polish devono essere polimerizzati per almeno 60 secondi, poiché sono TPO-free.</p>",GEL.IT.UP Italy,,,"Solid Gel Colours, Coral Orange, Gel Polish",TRUE,Title,Default Title,Coral Orange,,,,,,,1906 The New Black -HTF,11000,shopify,0,deny,manual,7.41,,TRUE,TRUE,,,,,,https://cdn.shopify.com/s/files/1/0947/5545/5242/files/GIUP-1906.webp?v=1777733339,1,,FALSE,,,,kg,,,active
1906-the-new-black-htf,,,,,,"Solid Gel Colours, Coral Orange, Gel Polish",,,,Coral Orange,,,,,,,,,,,,,,,,,,,,,,https://cdn.shopify.com/s/files/1/0947/5545/5242/files/download_577c3b8b-0296-4745-bd09-9d52cf8ac2b9.webp?v=1777738878,2,,,,,,,,,
2305-genderless-barney-htf,2305 Genderless Barney -HTF,"<p>Tutti i gel polish devono essere polimerizzati per almeno 60 secondi, poiché sono TPO-free.</p>",GEL.IT.UP Italy,,,"Solid Gel Colours, Purple, Gel Polish",TRUE,Title,Default Title,Purple,,,,,,,2305 Genderless Barney -HTF,11000,shopify,0,deny,manual,7.41,,TRUE,TRUE,,,,,,https://cdn.shopify.com/s/files/1/0947/5545/5242/files/GIUP-2305.webp?v=1777733339,1,,FALSE,,,,kg,,,active
2305-genderless-barney-htf,,,,,,"Solid Gel Colours, Purple, Gel Polish",,,,Purple,,,,,,,,,,,,,,,,,,,,,,https://cdn.shopify.com/s/files/1/0947/5545/5242/files/download_823f16b7-4338-4271-8a92-159f87305717.webp?v=1777738878,2,,,,,,,,,
probes-stainless-steel-rounded-1222-new,Probes Stainless Steel Rounded 1222 New,,GEL.IT.UP Italy,,,,TRUE,Title,Default Title,,,,,,,,Probes Stainless Steel Rounded 1222 New,0,shopify,0,deny,manual,5.74,,TRUE,TRUE,,,,,,https://cdn.shopify.com/s/files/1/0947/5545/5242/files/PROBES.webp?v=1777733333,1,,FALSE,,,,kg,,,active
probes-stainless-steel-rounded-1222-new,,,,,,,,,,,,,,,,,,,,,,,,,,,,,,,,https://cdn.shopify.com/s/files/1/0947/5545/5242/files/download_62f18a16-2267-4fbf-bfcb-873c1d90897a.webp?v=1777738870,2,,,,,,,,,
89-tank-her-up-htf,89 Tank-Her-Up -HTF,"<p>Tutti i gel polish devono essere polimerizzati per almeno 60 secondi, poiché sono TPO-free.</p>",GEL.IT.UP Italy,,,"Solid Gel Colours, Green, Gel Polish",TRUE,Title,Default Title,Green,,,,,,,89 Tank-Her-Up -HTF,11000,shopify,0,deny,manual,7.41,,TRUE,TRUE,,,,,,https://cdn.shopify.com/s/files/1/0947/5545/5242/files/GIUP-89.webp?v=1777733334,1,,FALSE,,,,kg,,,active
89-tank-her-up-htf,,,,,,"Solid Gel Colours, Green, Gel Polish",,,,Green,,,,,,,,,,,,,,,,,,,,,,https://cdn.shopify.com/s/files/1/0947/5545/5242/files/download_aaf2c15d-7238-4da1-a6b1-3ea35735d158.webp?v=1777738870,2,,,,,,,,,
1924-purified-htf,1924 Purified -HTF,"<p>Tutti i gel polish devono essere polimerizzati per almeno 60 secondi, poiché sono TPO-free.</p>",GEL.IT.UP Italy,,,"Solid Gel Colours, Grey, Gel Polish",TRUE,Title,Default Title,Grey,,,,,,,1924 Purified -HTF,11000,shopify,0,deny,manual,7.41,,TRUE,TRUE,,,,,,https://cdn.shopify.com/s/files/1/0947/5545/5242/files/GIUP-1924.webp?v=1777733328,1,,FALSE,,,,kg,,,active
1924-purified-htf,,,,,,"Solid Gel Colours, Grey, Gel Polish",,,,Grey,,,,,,,,,,,,,,,,,,,,,,https://cdn.shopify.com/s/files/1/0947/5545/5242/files/download_04de8164-2f85-442b-ad7e-132dcb9d6a0a.webp?v=1777738863,2,,,,,,,,,
2457-chilli-peppers-htf,2457 Chilli Peppers -HTF,"<p>Tutti i gel polish devono essere polimerizzati per almeno 60 secondi, poiché sono TPO-free.</p>",GEL.IT.UP Italy,,,"Solid Gel Colours, Red, Gel Polish",TRUE,Title,Default Title,Red,,,,,,,2457 Chilli Peppers -HTF,11000,shopify,0,deny,manual,7.41,,TRUE,TRUE,,,,,,https://cdn.shopify.com/s/files/1/0947/5545/5242/files/GIUP-2457.webp?v=1777733325,1,,FALSE,,,,kg,,,active
2457-chilli-peppers-htf,,,,,,"Solid Gel Colours, Red, Gel Polish",,,,Red,,,,,,,,,,,,,,,,,,,,,,https://cdn.shopify.com/s/files/1/0947/5545/5242/files/download_0be64edd-fb34-41c8-8ae6-e74171262110.webp?v=1777738862,2,,,,,,,,,
sapphire-cat-eye-sce04-htf,Sapphire Cat Eye #SCE04 -HTF,"<p>Tutti i gel polish devono essere polimerizzati per almeno 60 secondi, poiché sono TPO-free.</p>",GEL.IT.UP Italy,,,Gel Polish,TRUE,Title,Default Title,,,,,,,,Sapphire Cat Eye #SCE04 -HTF,11000,shopify,0,deny,manual,10.8,,TRUE,TRUE,,,,,,https://cdn.shopify.com/s/files/1/0947/5545/5242/files/SCE04.webp?v=1777733322,1,,FALSE,,,,kg,,,active
sapphire-cat-eye-sce04-htf,,,,,,,,,,,,,,,,,,,,,,,,,,,,,,,,https://cdn.shopify.com/s/files/1/0947/5545/5242/files/download_b50df552-9b15-4c28-bc4e-2555515a233e.webp?v=1777738856,2,,,,,,,,,
2401-sister-of-the-bride-htf,2401 Sister of the Bride -HTF,"<p>Tutti i gel polish devono essere polimerizzati per almeno 60 secondi, poiché sono TPO-free.</p>",GEL.IT.UP Italy,,,Gel Polish,TRUE,Title,Default Title,,,,,,,,2401 Sister of the Bride -HTF,11000,shopify,0,deny,manual,7.41,,TRUE,TRUE,,,,,,https://cdn.shopify.com/s/files/1/0947/5545/5242/files/GIUP-401.webp?v=1777733319,1,,FALSE,,,,kg,,,active
2401-sister-of-the-bride-htf,,,,,,,,,,,,,,,,,,,,,,,,,,,,,,,,https://cdn.shopify.com/s/files/1/0947/5545/5242/files/download_3930ad88-aaf8-4f1c-81c1-6a490a23229d.webp?v=1777738855,2,,,,,,,,,
5-in-1-superior-base-15ml-blue-serenity-htf,5-in-1 Superior Base 15ml Blue Serenity -HTF,"<p>La GEL.IT.UP 5-in-1 Base Coat è una base multifunzione che offre cinque utilizzi in un unico flacone: base per gel polish semipermanente, rinforzo per unghie sottili e fragili, gel modellante per piccole correzioni, base adesiva per strass e decorazioni 3D, e gel per piccoli allungamenti e rinforzo dell’unghia naturale.</p>",GEL.IT.UP Italy,,,,TRUE,Title,Default Title,,,,,,,,5-in-1 Superior Base 15ml Blue Serenity -HTF,15000,shopify,0,deny,manual,12.84,,TRUE,TRUE,,,,,,https://cdn.shopify.com/s/files/1/0947/5545/5242/files/5-in-1_Superior_Base_15ml_Blue_Serenity-HTF.webp?v=1777733315,1,,FALSE,,,,kg,,,active
5-in-1-superior-base-15ml-blue-serenity-htf,,,,,,,,,,,,,,,,,,,,,,,,,,,,,,,,https://cdn.shopify.com/s/files/1/0947/5545/5242/files/download_b055bb24-0e33-4c8a-9078-41898d4f9e6f.webp?v=1777738848,2,,,,,,,,,
gel-it-up-1-r20-11ml-htf,GEL.IT.UP 1 R20 11ml -HTF,"<p>Tutti i gel polish devono essere polimerizzati per almeno 60 secondi, poiché sono TPO-free.</p>",GEL.IT.UP Italy,,,Gel Polish,TRUE,Title,Default Title,,,,,,,,GEL.IT.UP 1 R20 11ml -HTF,11000,shopify,0,deny,manual,8.97,,TRUE,TRUE,,,,,,https://cdn.shopify.com/s/files/1/0947/5545/5242/files/GIUP-R020.webp?v=1777733313,1,,FALSE,,,,kg,,,active
gel-it-up-1-r20-11ml-htf,,,,,,,,,,,,,,,,,,,,,,,,,,,,,,,,https://cdn.shopify.com/s/files/1/0947/5545/5242/files/download_36450896-1fcd-4364-af27-700a22ced143.webp?v=1777738847,2,,,,,,,,,
1933-hump-back-htf,1933 Hump Back -HTF,"<p>Tutti i gel polish devono essere polimerizzati per almeno 60 secondi, poiché sono TPO-free.</p>",GEL.IT.UP Italy,,,"Solid Gel Colours, Blue, Gel Polish",TRUE,Title,Default Title,Blue,,,,,,,1933 Hump Back -HTF,11000,shopify,0,deny,manual,7.41,,TRUE,TRUE,,,,,,https://cdn.shopify.com/s/files/1/0947/5545/5242/files/GIUP-1933.webp?v=1777733308,1,,FALSE,,,,kg,,,active
1933-hump-back-htf,,,,,,"Solid Gel Colours, Blue, Gel Polish",,,,Blue,,,,,,,,,,,,,,,,,,,,,,https://cdn.shopify.com/s/files/1/0947/5545/5242/files/download_afcf77e9-02f0-493e-9a3b-261b1c35fd87.webp?v=1777738840,2,,,,,,,,,
gel-it-up-1-r25-11ml-htf,GEL.IT.UP 1 R25 11ml -HTF,"<p>Tutti i gel polish devono essere polimerizzati per almeno 60 secondi, poiché sono TPO-free.</p>",GEL.IT.UP Italy,,,Gel Polish,TRUE,Title,Default Title,,,,,,,,GEL.IT.UP 1 R25 11ml -HTF,11000,shopify,0,deny,manual,8.97,,TRUE,TRUE,,,,,,https://cdn.shopify.com/s/files/1/0947/5545/5242/files/GIUP-R025.webp?v=1777733308,1,,FALSE,,,,kg,,,active
gel-it-up-1-r25-11ml-htf,,,,,,,,,,,,,,,,,,,,,,,,,,,,,,,,https://cdn.shopify.com/s/files/1/0947/5545/5242/files/download_e968d846-3fbe-4732-9a57-b57d54c6a1e0.webp?v=1777738839,2,,,,,,,,,
brush-on-builder-gel-sky-sprinkle-15ml-htf,Brush on Builder Gel Sky Sprinkle 15ml -HTF,"<p>Brush On Builder è un BIAB autolivellante in flacone, ideale per rinforzare, modellare e perfezionare l’unghia naturale. Adatto anche per piccoli allungamenti fino a 3 mm.</p>",GEL.IT.UP Italy,,,,TRUE,Title,Default Title,,,,,,,,Brush on Builder Gel Sky Sprinkle 15ml -HTF,15000,shopify,0,deny,manual,11.94,,TRUE,TRUE,,,,,,https://cdn.shopify.com/s/files/1/0947/5545/5242/files/GIUP-BOB-sky-sprinkle_1.webp?v=1777733303,1,,FALSE,,,,kg,,,active
brush-on-builder-gel-sky-sprinkle-15ml-htf,,,,,,,,,,,,,,,,,,,,,,,,,,,,,,,,https://cdn.shopify.com/s/files/1/0947/5545/5242/files/download_cb6728fe-8b06-4932-851f-4a142e2586a9.webp?v=1777738833,2,,,,,,,,,
2124-blow-your-mind-htf,2124 Blow Your Mind -HTF,"<p>Tutti i gel polish devono essere polimerizzati per almeno 60 secondi, poiché sono TPO-free.</p>",GEL.IT.UP Italy,,,"Solid Gel Colours, Green, Gel Polish",TRUE,Title,Default Title,Green,,,,,,,2124 Blow Your Mind -HTF,11000,shopify,0,deny,manual,7.41,,TRUE,TRUE,,,,,,https://cdn.shopify.com/s/files/1/0947/5545/5242/files/GIUP-124.webp?v=1777733297,1,,FALSE,,,,kg,,,active
124-ma-di-gra-htf,124 Ma-Di-Gra -HTF,"<p>Tutti i gel polish devono essere polimerizzati per almeno 60 secondi, poiché sono TPO-free.</p>",GEL.IT.UP Italy,,,"Solid Gel Colours, Purple, Gel Polish",TRUE,Title,Default Title,Purple,,,,,,,124 Ma-Di-Gra -HTF,11000,shopify,0,deny,manual,7.41,,TRUE,TRUE,,,,,,https://cdn.shopify.com/s/files/1/0947/5545/5242/files/GIUP-124.webp?v=1777733297,1,,FALSE,,,,kg,,,active
124-ma-di-gra-htf,,,,,,"Solid Gel Colours, Purple, Gel Polish",,,,Purple,,,,,,,,,,,,,,,,,,,,,,https://cdn.shopify.com/s/files/1/0947/5545/5242/files/download_b417c67b-e9cc-4287-8a48-07846c4d10f8.webp?v=1777738825,2,,,,,,,,,
gel-it-up-1-r30-11ml-htf,GEL.IT.UP 1 R30 11ml -HTF,"<p>Tutti i gel polish devono essere polimerizzati per almeno 60 secondi, poiché sono TPO-free.</p>",GEL.IT.UP Italy,,,Gel Polish,TRUE,Title,Default Title,,,,,,,,GEL.IT.UP 1 R30 11ml -HTF,11000,shopify,0,deny,manual,8.97,,TRUE,TRUE,,,,,,https://cdn.shopify.com/s/files/1/0947/5545/5242/files/GIUP-R030.webp?v=1777733295,1,,FALSE,,,,kg,,,active
gel-it-up-1-r30-11ml-htf,,,,,,,,,,,,,,,,,,,,,,,,,,,,,,,,https://cdn.shopify.com/s/files/1/0947/5545/5242/files/download_eaf05e07-34af-48e9-b972-2feb92430fdf.webp?v=1777738821,2,,,,,,,,,
2443-oti-nane-blue-htf,2443 Oti Nane Blue -HTF,"<p>Tutti i gel polish devono essere polimerizzati per almeno 60 secondi, poiché sono TPO-free.</p>",GEL.IT.UP Italy,,,"Solid Gel Colours, Blue, Gel Polish",TRUE,Title,Default Title,Blue,,,,,,,2443 Oti Nane Blue -HTF,11000,shopify,0,deny,manual,7.41,,TRUE,TRUE,,,,,,https://cdn.shopify.com/s/files/1/0947/5545/5242/files/GIUP-2443.webp?v=1777733291,1,,FALSE,,,,kg,,,active
2443-oti-nane-blue-htf,,,,,,"Solid Gel Colours, Blue, Gel Polish",,,,Blue,,,,,,,,,,,,,,,,,,,,,,https://cdn.shopify.com/s/files/1/0947/5545/5242/files/download_66dc4388-b2b6-4ff0-98de-a9695a3da3f6.webp?v=1777738818,2,,,,,,,,,
by-the-ocean-bto07-htf,By The Ocean BTO07 -HTF,"<p>Tutti i gel polish devono essere polimerizzati per almeno 60 secondi, poiché sono TPO-free.</p>",GEL.IT.UP Italy,,,Gel Polish,TRUE,Title,Default Title,,,,,,,,By The Ocean BTO07 -HTF,11000,shopify,0,deny,manual,8.32,,TRUE,TRUE,,,,,,https://cdn.shopify.com/s/files/1/0947/5545/5242/files/GIUP-BTO07.webp?v=1777733290,1,,FALSE,,,,kg,,,active
by-the-ocean-bto07-htf,,,,,,,,,,,,,,,,,,,,,,,,,,,,,,,,https://cdn.shopify.com/s/files/1/0947/5545/5242/files/download_5529eff4-c6ab-4ae6-a1a9-0e55072a6ac7.webp?v=1777738814,2,,,,,,,,,
58-cherri-o-baby-htf,58 Cherri-O-Baby -HTF,"<p>Tutti i gel polish devono essere polimerizzati per almeno 60 secondi, poiché sono TPO-free.</p>",GEL.IT.UP Italy,,,"Solid Gel Colours, Red, Gel Polish",TRUE,Title,Default Title,Red,,,,,,,58 Cherri-O-Baby -HTF,11000,shopify,0,deny,manual,7.41,,TRUE,TRUE,,,,,,https://cdn.shopify.com/s/files/1/0947/5545/5242/files/GIUP-58.webp?v=1777733285,1,,FALSE,,,,kg,,,active
58-cherri-o-baby-htf,,,,,,"Solid Gel Colours, Red, Gel Polish",,,,Red,,,,,,,,,,,,,,,,,,,,,,https://cdn.shopify.com/s/files/1/0947/5545/5242/files/download_4e1f73f6-ab6d-401b-baab-d680eaa3bd48.webp?v=1777738810,2,,,,,,,,,
258-purple-passion-htf,258 Purple Passion -HTF,"<p>Tutti i gel polish devono essere polimerizzati per almeno 60 secondi, poiché sono TPO-free.</p>",GEL.IT.UP Italy,,,Gel Polish,TRUE,Title,Default Title,,,,,,,,258 Purple Passion -HTF,11000,shopify,0,deny,manual,9.67,,TRUE,TRUE,,,,,,https://cdn.shopify.com/s/files/1/0947/5545/5242/files/GIUP-58.webp?v=1777733285,1,,FALSE,,,,kg,,,active
n015-celestial-htf,N015 Celestial -HTF,"<p>Tutti i gel polish devono essere polimerizzati per almeno 60 secondi, poiché sono TPO-free.</p>",GEL.IT.UP Italy,,,Gel Polish,TRUE,Title,Default Title,,,,,,,,N015 Celestial -HTF,11000,shopify,0,deny,manual,7.41,,TRUE,TRUE,,,,,,https://cdn.shopify.com/s/files/1/0947/5545/5242/files/GIUP-N015.webp?v=1777733279,1,,FALSE,,,,kg,,,active
n015-celestial-htf,,,,,,,,,,,,,,,,,,,,,,,,,,,,,,,,https://cdn.shopify.com/s/files/1/0947/5545/5242/files/download_43112a45-32b2-4778-8a68-28565a05a052.webp?v=1777738802,2,,,,,,,,,
brush-on-builder-gel-milky-15ml-htf,Brush on Builder Gel Milky 15ml -HTF,"<p>Brush On Builder è un BIAB autolivellante in flacone, ideale per rinforzare, modellare e perfezionare l’unghia naturale. Adatto anche per piccoli allungamenti fino a 3 mm.</p>",GEL.IT.UP Italy,,,,TRUE,Title,Default Title,,,,,,,,Brush on Builder Gel Milky 15ml -HTF,15000,shopify,0,deny,manual,11.94,,TRUE,TRUE,,,,,,https://cdn.shopify.com/s/files/1/0947/5545/5242/files/GIUP-BOBMILK.webp?v=1777733279,1,,FALSE,,,,kg,,,active
brush-on-builder-gel-milky-15ml-htf,,,,,,,,,,,,,,,,,,,,,,,,,,,,,,,,https://cdn.shopify.com/s/files/1/0947/5545/5242/files/download_02e78eee-0254-4e39-840f-13b790389434.webp?v=1777738798,2,,,,,,,,,
2438-midnight-allnight-htf,2438 Midnight Allnight -HTF,"<p>Tutti i gel polish devono essere polimerizzati per almeno 60 secondi, poiché sono TPO-free.</p>",GEL.IT.UP Italy,,,"Solid Gel Colours, Blue, Gel Polish",TRUE,Title,Default Title,Blue,,,,,,,2438 Midnight Allnight -HTF,11000,shopify,0,deny,manual,7.41,,TRUE,TRUE,,,,,,https://cdn.shopify.com/s/files/1/0947/5545/5242/files/GIUP-2438.webp?v=1777733273,1,,FALSE,,,,kg,,,active
2438-midnight-allnight-htf,,,,,,"Solid Gel Colours, Blue, Gel Polish",,,,Blue,,,,,,,,,,,,,,,,,,,,,,https://cdn.shopify.com/s/files/1/0947/5545/5242/files/download_7476aca8-aa38-4c7a-b47d-1e657a62e216.webp?v=1777738794,2,,,,,,,,,
polygel-2-brush-and-spatula-rose-gold,Polygel 2 Brush and Spatula Rose Gold,"<p>Pennelli professionali in setole sintetiche di alta qualità, progettati per offrire massima precisione, controllo e comfort in ogni applicazione.</p>",GEL.IT.UP Italy,,,,TRUE,Title,Default Title,,,,,,,,Polygel 2 Brush and Spatula Rose Gold,0,shopify,0,deny,manual,10.9,,TRUE,TRUE,,,,,,https://cdn.shopify.com/s/files/1/0947/5545/5242/files/polygel_2.webp?v=1777733273,1,,FALSE,,,,kg,,,active
polygel-2-brush-and-spatula-rose-gold,,,,,,,,,,,,,,,,,,,,,,,,,,,,,,,,https://cdn.shopify.com/s/files/1/0947/5545/5242/files/download_b7711d55-b39b-4154-bed2-d1abc8da8eb5.webp?v=1777738792,2,,,,,,,,,
85-luck-o-irish-htf,85 Luck o Irish -HTF,"<p>Tutti i gel polish devono essere polimerizzati per almeno 60 secondi, poiché sono TPO-free.</p>",GEL.IT.UP Italy,,,"Solid Gel Colours, Green, Gel Polish",TRUE,Title,Default Title,Green,,,,,,,85 Luck o Irish -HTF,11000,shopify,0,deny,manual,7.41,,TRUE,TRUE,,,,,,https://cdn.shopify.com/s/files/1/0947/5545/5242/files/GIUP-85.webp?v=1777733267,1,,FALSE,,,,kg,,,active
85-luck-o-irish-htf,,,,,,"Solid Gel Colours, Green, Gel Polish",,,,Green,,,,,,,,,,,,,,,,,,,,,,https://cdn.shopify.com/s/files/1/0947/5545/5242/files/download_0503e679-589a-42d1-bf49-088ef3171a9a.webp?v=1777738787,2,,,,,,,,,
metallic-collection-mc6-htf,Metallic Collection #MC6 -HTF,"<p>Tutti i gel polish devono essere polimerizzati per almeno 60 secondi, poiché sono TPO-free.</p>",GEL.IT.UP Italy,,,Gel Polish,TRUE,Title,Default Title,,,,,,,,Metallic Collection #MC6 -HTF,11000,shopify,0,deny,manual,8.32,,TRUE,TRUE,,,,,,https://cdn.shopify.com/s/files/1/0947/5545/5242/files/MC6.webp?v=1777733265,1,,FALSE,,,,kg,,,active
metallic-collection-mc6-htf,,,,,,,,,,,,,,,,,,,,,,,,,,,,,,,,https://cdn.shopify.com/s/files/1/0947/5545/5242/files/download_76f12ce2-44a1-4276-9c42-b7d199627c87.webp?v=1777738784,2,,,,,,,,,
2056-beeehave-htf,2056 BeeeHave -HTF,"<p>Tutti i gel polish devono essere polimerizzati per almeno 60 secondi, poiché sono TPO-free.</p>",GEL.IT.UP Italy,,,"Solid Gel Colours, Yellow, Gel Polish",TRUE,Title,Default Title,Yellow,,,,,,,2056 BeeeHave -HTF,11000,shopify,0,deny,manual,7.41,,TRUE,TRUE,,,,,,https://cdn.shopify.com/s/files/1/0947/5545/5242/files/GIUP-2056.webp?v=1777733262,1,,FALSE,,,,kg,,,active
2056-beeehave-htf,,,,,,"Solid Gel Colours, Yellow, Gel Polish",,,,Yellow,,,,,,,,,,,,,,,,,,,,,,https://cdn.shopify.com/s/files/1/0947/5545/5242/files/download_cf800d4c-9952-45f0-94c0-675fbe449ac6.webp?v=1777738780,2,,,,,,,,,
giup-7c,GIUP 7C,"<p>Tutti i gel polish devono essere polimerizzati per almeno 60 secondi, poiché sono TPO-free.</p>",GEL.IT.UP Italy,,,Gel Polish,TRUE,Title,Default Title,,,,,,,,GIUP 7C,11000,shopify,0,deny,manual,7.41,,TRUE,TRUE,,,,,,https://cdn.shopify.com/s/files/1/0947/5545/5242/files/GIUP-7C.webp?v=1777733256,1,,FALSE,,,,kg,,,active
07c-allons-danton-htf,07C Allons Danton -HTF,"<p>Tutti i gel polish devono essere polimerizzati per almeno 60 secondi, poiché sono TPO-free.</p>",GEL.IT.UP Italy,,,Gel Polish,TRUE,Title,Default Title,,,,,,,,07C Allons Danton -HTF,11000,shopify,0,deny,manual,7.41,,TRUE,TRUE,,,,,,https://cdn.shopify.com/s/files/1/0947/5545/5242/files/GIUP-7C.webp?v=1777733256,1,,FALSE,,,,kg,,,active
07c-allons-danton-htf,,,,,,,,,,,,,,,,,,,,,,,,,,,,,,,,https://cdn.shopify.com/s/files/1/0947/5545/5242/files/download_1c284b37-73f6-4bdf-8356-41307d5fc972.webp?v=1777738772,2,,,,,,,,,
2055-liquid-tar-htf,2055 Liquid Tar -HTF,"<p>Tutti i gel polish devono essere polimerizzati per almeno 60 secondi, poiché sono TPO-free.</p>",GEL.IT.UP Italy,,,"Solid Gel Colours, Black, Gel Polish",TRUE,Title,Default Title,Black,,,,,,,2055 Liquid Tar -HTF,11000,shopify,0,deny,manual,7.41,,TRUE,TRUE,,,,,,https://cdn.shopify.com/s/files/1/0947/5545/5242/files/GIUP-2055.webp?v=1777733251,1,,FALSE,,,,kg,,,active
2055-liquid-tar-htf,,,,,,"Solid Gel Colours, Black, Gel Polish",,,,Black,,,,,,,,,,,,,,,,,,,,,,https://cdn.shopify.com/s/files/1/0947/5545/5242/files/download_9b272f8a-d2ad-4d6d-a37e-8d2161e7a5d4.webp?v=1777738767,2,,,,,,,,,
2306-my-favourite-sweater-htf,2306 My Favourite Sweater -HTF,"<p>Tutti i gel polish devono essere polimerizzati per almeno 60 secondi, poiché sono TPO-free.</p>",GEL.IT.UP Italy,,,"Solid Gel Colours, Purple, Gel Polish",TRUE,Title,Default Title,Purple,,,,,,,2306 My Favourite Sweater -HTF,11000,shopify,0,deny,manual,7.41,,TRUE,TRUE,,,,,,https://cdn.shopify.com/s/files/1/0947/5545/5242/files/GIUP-2306.webp?v=1777733251,1,,FALSE,,,,kg,,,active
2306-my-favourite-sweater-htf,,,,,,"Solid Gel Colours, Purple, Gel Polish",,,,Purple,,,,,,,,,,,,,,,,,,,,,,https://cdn.shopify.com/s/files/1/0947/5545/5242/files/download_d3382895-e42a-425c-9427-4c3f6d817ad6.webp?v=1777738765,2,,,,,,,,,
professional-cuticle-pusher-double-action-2044-new,Professional Cuticle Pusher- Double Action 2044 New,,GEL.IT.UP Italy,,,,TRUE,Title,Default Title,,,,,,,,Professional Cuticle Pusher- Double Action 2044 New,0,shopify,0,deny,manual,5.74,,TRUE,TRUE,,,,,,https://cdn.shopify.com/s/files/1/0947/5545/5242/files/GIUP-2044.webp?v=1777733244,1,,FALSE,,,,kg,,,active
2044-htf,2044 -HTF,"<p>Tutti i gel polish devono essere polimerizzati per almeno 60 secondi, poiché sono TPO-free.</p>",GEL.IT.UP Italy,,,"Solid Gel Colours, Purple, Gel Polish",TRUE,Title,Default Title,Purple,,,,,,,2044 -HTF,11000,shopify,0,deny,manual,7.41,,TRUE,TRUE,,,,,,https://cdn.shopify.com/s/files/1/0947/5545/5242/files/GIUP-2044.webp?v=1777733244,1,,FALSE,,,,kg,,,active
2044-htf,,,,,,"Solid Gel Colours, Purple, Gel Polish",,,,Purple,,,,,,,,,,,,,,,,,,,,,,https://cdn.shopify.com/s/files/1/0947/5545/5242/files/download_e68b9266-f488-4074-a760-501b1537b283.webp?v=1777738756,2,,,,,,,,,
dreamy-cat-eye-dce2-htf,Dreamy Cat Eye #DCE2 -HTF,"<p>Tutti i gel polish devono essere polimerizzati per almeno 60 secondi, poiché sono TPO-free.</p>",GEL.IT.UP Italy,,,Gel Polish,TRUE,Title,Default Title,,,,,,,,Dreamy Cat Eye #DCE2 -HTF,11000,shopify,0,deny,manual,8.97,,TRUE,TRUE,,,,,,https://cdn.shopify.com/s/files/1/0947/5545/5242/files/Dreamy_Cat_Eye_DCE2_-HTF.webp?v=1777733245,1,,FALSE,,,,kg,,,active
dreamy-cat-eye-dce2-htf,,,,,,,,,,,,,,,,,,,,,,,,,,,,,,,,https://cdn.shopify.com/s/files/1/0947/5545/5242/files/download_f41f2e63-1eb4-4bc3-aa7d-a9fad30ef335.webp?v=1777738757,2,,,,,,,,,
velvet-cat-eye-vce10-htf,Velvet Cat Eye #VCE10 -HTF,"<p>Tutti i gel polish devono essere polimerizzati per almeno 60 secondi, poiché sono TPO-free.</p>",GEL.IT.UP Italy,,,Gel Polish,TRUE,Title,Default Title,,,,,,,,Velvet Cat Eye #VCE10 -HTF,11000,shopify,0,deny,manual,9.03,,TRUE,TRUE,,,,,,https://cdn.shopify.com/s/files/1/0947/5545/5242/files/Velvet_Cat_Eye_VCE10_-HTF.webp?v=1777733236,1,,FALSE,,,,kg,,,active
10-bridal-bliss-htf,10 Bridal Bliss -HTF,"<p>Tutti i gel polish devono essere polimerizzati per almeno 60 secondi, poiché sono TPO-free.</p>",GEL.IT.UP Italy,Uncategorized,,Gel Polish,TRUE,Title,Default Title,,,,,,,,10 Bridal Bliss -HTF,11000,shopify,0,deny,manual,7.41,,TRUE,TRUE,,,,,,https://cdn.shopify.com/s/files/1/0947/5545/5242/files/GIUP-10.webp?v=1777818868,1,,FALSE,,,,kg,,,active
10-acrylic-application-brush-rose-gold,#10 Acrylic Application Brush Rose Gold,"<p>Pennelli professionali in setole sintetiche di alta qualità, progettati per offrire massima precisione, controllo e comfort in ogni applicazione.</p>",GEL.IT.UP Italy,,,,TRUE,Title,Default Title,,,,,,,,#10 Acrylic Application Brush Rose Gold,0,shopify,0,deny,manual,16.06,,TRUE,TRUE,,,,,,https://cdn.shopify.com/s/files/1/0947/5545/5242/files/Velvet_Cat_Eye_VCE10_-HTF.webp?v=1777733236,1,,FALSE,,,,kg,,,active
10-acrylic-application-brush-rose-gold,,,,,,,,,,,,,,,,,,,,,,,,,,,,,,,,https://cdn.shopify.com/s/files/1/0947/5545/5242/files/download_a3e23f05-77c3-4755-80fe-9af66e441758.webp?v=1777738747,2,,,,,,,,,
2331-electric-magenta-htf,2331 Electric Magenta -HTF,"<p>Tutti i gel polish devono essere polimerizzati per almeno 60 secondi, poiché sono TPO-free.</p>",GEL.IT.UP Italy,,,Gel Polish,TRUE,Title,Default Title,,,,,,,,2331 Electric Magenta -HTF,11000,shopify,0,deny,manual,7.41,,TRUE,TRUE,,,,,,https://cdn.shopify.com/s/files/1/0947/5545/5242/files/GIUP-2331.webp?v=1777733234,1,,FALSE,,,,kg,,,active
2331-electric-magenta-htf,,,,,,,,,,,,,,,,,,,,,,,,,,,,,,,,https://cdn.shopify.com/s/files/1/0947/5545/5242/files/download_d705c09f-6a6c-43ab-bfbb-00a8db3f6b2e.webp?v=1777738745,2,,,,,,,,,
2145-golden-vibes-htf,2145 Golden Vibes -HTF,"<p>Tutti i gel polish devono essere polimerizzati per almeno 60 secondi, poiché sono TPO-free.</p>",GEL.IT.UP Italy,,,Gel Polish,TRUE,Title,Default Title,,,,,,,,2145 Golden Vibes -HTF,11000,shopify,0,deny,manual,7.41,,TRUE,TRUE,,,,,,https://cdn.shopify.com/s/files/1/0947/5545/5242/files/GIUP-2145.webp?v=1777733230,1,,FALSE,,,,kg,,,active
2145-golden-vibes-htf,,,,,,,,,,,,,,,,,,,,,,,,,,,,,,,,https://cdn.shopify.com/s/files/1/0947/5545/5242/files/download_3816c3d1-72c6-4d06-926f-67dcb1e0d455.webp?v=1777738739,2,,,,,,,,,
2426-tinky-winky-htf,2426 Tinky Winky -HTF,"<p>Tutti i gel polish devono essere polimerizzati per almeno 60 secondi, poiché sono TPO-free.</p>",GEL.IT.UP Italy,,,"Solid Gel Colours, Purple, Gel Polish",TRUE,Title,Default Title,Purple,,,,,,,2426 Tinky Winky -HTF,11000,shopify,0,deny,manual,7.41,,TRUE,TRUE,,,,,,https://cdn.shopify.com/s/files/1/0947/5545/5242/files/GIUP-2426.webp?v=1777733228,1,,FALSE,,,,kg,,,active
2426-tinky-winky-htf,,,,,,"Solid Gel Colours, Purple, Gel Polish",,,,Purple,,,,,,,,,,,,,,,,,,,,,,https://cdn.shopify.com/s/files/1/0947/5545/5242/files/download_42b6a1e5-13ee-4d40-bbe9-e5bad321cc07.webp?v=1777738738,2,,,,,,,,,
gel-it-up-1-r12-11ml-htf,GEL.IT.UP 1 R12 11ml -HTF,"<p>Tutti i gel polish devono essere polimerizzati per almeno 60 secondi, poiché sono TPO-free.</p>",GEL.IT.UP Italy,,,Gel Polish,TRUE,Title,Default Title,,,,,,,,GEL.IT.UP 1 R12 11ml -HTF,11000,shopify,0,deny,manual,8.97,,TRUE,TRUE,,,,,,https://cdn.shopify.com/s/files/1/0947/5545/5242/files/GIUP-R012.webp?v=1777733223,1,,FALSE,,,,kg,,,active
gel-it-up-1-r12-11ml-htf,,,,,,,,,,,,,,,,,,,,,,,,,,,,,,,,https://cdn.shopify.com/s/files/1/0947/5545/5242/files/download_0469df42-25d3-4d16-a49f-cdc3162b7c94.webp?v=1777738731,2,,,,,,,,,
5-in-1-superior-base-15ml-glittery-peach-htf,5-in-1 Superior Base 15ml Glittery Peach -HTF,"<p>La GEL.IT.UP 5-in-1 Base Coat è una base multifunzione che offre cinque utilizzi in un unico flacone: base per gel polish semipermanente, rinforzo per unghie sottili e fragili, gel modellante per piccole correzioni, base adesiva per strass e decorazioni 3D, e gel per piccoli allungamenti e rinforzo dell’unghia naturale.</p>",GEL.IT.UP Italy,,,,TRUE,Title,Default Title,,,,,,,,5-in-1 Superior Base 15ml Glittery Peach -HTF,15000,shopify,0,deny,manual,12.84,,TRUE,TRUE,,,,,,https://cdn.shopify.com/s/files/1/0947/5545/5242/files/5-in-1_Superior_Base_15ml_Glittery_Peach_-HTF.webp?v=1777733223,1,,FALSE,,,,kg,,,active
5-in-1-superior-base-15ml-glittery-peach-htf,,,,,,,,,,,,,,,,,,,,,,,,,,,,,,,,https://cdn.shopify.com/s/files/1/0947/5545/5242/files/download_fc1e3ddb-0a99-4e3c-a24f-244c7fd5321c.webp?v=1777738731,2,,,,,,,,,
5-in-1-superior-base-15ml-peach-serenity-htf,5-in-1 Superior Base 15ml Peach Serenity -HTF,"<p>La GEL.IT.UP 5-in-1 Base Coat è una base multifunzione che offre cinque utilizzi in un unico flacone: base per gel polish semipermanente, rinforzo per unghie sottili e fragili, gel modellante per piccole correzioni, base adesiva per strass e decorazioni 3D, e gel per piccoli allungamenti e rinforzo dell’unghia naturale.</p>",GEL.IT.UP Italy,,,,TRUE,Title,Default Title,,,,,,,,5-in-1 Superior Base 15ml Peach Serenity -HTF,15000,shopify,0,deny,manual,12.84,,TRUE,TRUE,,,,,,https://cdn.shopify.com/s/files/1/0947/5545/5242/files/5-in-1_Superior_Base_15ml_Peach_Serenity_-HTF.webp?v=1777733217,1,,FALSE,,,,kg,,,active
5-in-1-superior-base-15ml-peach-serenity-htf,,,,,,,,,,,,,,,,,,,,,,,,,,,,,,,,https://cdn.shopify.com/s/files/1/0947/5545/5242/files/download_2180c348-b213-4ca0-9e63-38b544b6b293.webp?v=1777738723,2,,,,,,,,,
premium-builder-gel-pearly-pink-40gr-htf,Premium Builder Gel Pearly Pink 40gr -HTF,"<p>GEL.IT.UP 3-in-1 Premium è un builder gel monofasico con fibre di vetro, studiato per offrire massima resistenza strutturale e lunga durata. Ideale per il rinforzo dell’unghia naturale e per ricostruzioni. Si applica con precisione, non cola e non ingiallisce nel tempo. Non richiede base coat prima dell’applicazione. Perfetto per nail technician che cercano struttura prevedibile, controllo dell’adesione e performance professionale. Benefici principali: rinforzo con fibre di vetro, sistema monofasico, comfort cool-cure e formula 100% HEMA/TPO-free. Applicazione: applicare direttamente sull’unghia preparata, modellare la struttura desiderata e polimerizzare per almeno 60 secondi.</p>",GEL.IT.UP Italy,Animals & Pet Supplies > Pet Supplies,,,TRUE,Title,Default Title,,,,,,,,Premium Builder Gel Pearly Pink 40gr -HTF,40000,shopify,0,deny,manual,24.45,,TRUE,TRUE,,,,,,https://cdn.shopify.com/s/files/1/0947/5545/5242/files/3_in_1_premium_builder_gel_pearly_pink.webp?v=1777733217,1,,FALSE,,,,kg,,,active
premium-builder-gel-pearly-pink-40gr-htf,,,,,,,,,,,,,,,,,,,,,,,,,,,,,,,,https://cdn.shopify.com/s/files/1/0947/5545/5242/files/download_446e86b2-f9f3-4604-8102-997d9405e316.webp?v=1777738723,2,,,,,,,,,
n006-chanterel-htf,N006 Chanterel -HTF,"<p>Tutti i gel polish devono essere polimerizzati per almeno 60 secondi, poiché sono TPO-free.</p>",GEL.IT.UP Italy,,,Gel Polish,TRUE,Title,Default Title,,,,,,,,N006 Chanterel -HTF,11000,shopify,0,deny,manual,7.41,,TRUE,TRUE,,,,,,https://cdn.shopify.com/s/files/1/0947/5545/5242/files/GIUP-N006.webp?v=1777733210,1,,FALSE,,,,kg,,,active
n006-chanterel-htf,,,,,,,,,,,,,,,,,,,,,,,,,,,,,,,,https://cdn.shopify.com/s/files/1/0947/5545/5242/files/download_ab9340a6-5b13-4424-8908-8372907bb26a.webp?v=1777738715,2,,,,,,,,,
new-york-party-nyp04-htf,New York Party #NYP04 -HTF,"<p>Tutti i gel polish devono essere polimerizzati per almeno 60 secondi, poiché sono TPO-free.</p>",GEL.IT.UP Italy,,,Gel Polish,TRUE,Title,Default Title,,,,,,,,New York Party #NYP04 -HTF,11000,shopify,0,deny,manual,7.41,,TRUE,TRUE,,,,,,https://cdn.shopify.com/s/files/1/0947/5545/5242/files/New_York_Party_NYP04_-HTF.webp?v=1777733211,1,,FALSE,,,,kg,,,active
new-york-party-nyp04-htf,,,,,,,,,,,,,,,,,,,,,,,,,,,,,,,,https://cdn.shopify.com/s/files/1/0947/5545/5242/files/download_c3d58097-8981-42aa-b58c-2560d3ebed85.webp?v=1777738715,2,,,,,,,,,
pma-7-blasted-blue-htf,PMA #7 Blasted Blue -HTF,"<p>Tutti i gel polish devono essere polimerizzati per almeno 60 secondi, poiché sono TPO-free.</p>",GEL.IT.UP Italy,,,Gel Polish,TRUE,Title,Default Title,,,,,,,,PMA #7 Blasted Blue -HTF,11000,shopify,0,deny,manual,7.41,,TRUE,TRUE,,,,,,https://cdn.shopify.com/s/files/1/0947/5545/5242/files/PMA_7_Blasted_Blue_-HTF.webp?v=1777733205,1,,FALSE,,,,kg,,,active
pma-7-blasted-blue-htf,,,,,,,,,,,,,,,,,,,,,,,,,,,,,,,,https://cdn.shopify.com/s/files/1/0947/5545/5242/files/download_ce9194e1-ec06-448e-927a-7e35aec5cb7a.webp?v=1777738708,2,,,,,,,,,
by-the-ocean-bto05-htf,By The Ocean BTO05 -HTF,"<p>Tutti i gel polish devono essere polimerizzati per almeno 60 secondi, poiché sono TPO-free.</p>",GEL.IT.UP Italy,,,Gel Polish,TRUE,Title,Default Title,,,,,,,,By The Ocean BTO05 -HTF,11000,shopify,0,deny,manual,8.32,,TRUE,TRUE,,,,,,https://cdn.shopify.com/s/files/1/0947/5545/5242/files/GIUP-BTO05.webp?v=1777733204,1,,FALSE,,,,kg,,,active
by-the-ocean-bto05-htf,,,,,,,,,,,,,,,,,,,,,,,,,,,,,,,,https://cdn.shopify.com/s/files/1/0947/5545/5242/files/download_a9870062-9f7d-4d0e-994a-51cf56aedb2e.webp?v=1777738707,2,,,,,,,,,
1925-serengeti-htf,1925 Serengeti -HTF,"<p>Tutti i gel polish devono essere polimerizzati per almeno 60 secondi, poiché sono TPO-free.</p>",GEL.IT.UP Italy,,,"Solid Gel Colours, Brown, Gel Polish",TRUE,Title,Default Title,Brown,,,,,,,1925 Serengeti -HTF,11000,shopify,0,deny,manual,7.41,,TRUE,TRUE,,,,,,https://cdn.shopify.com/s/files/1/0947/5545/5242/files/GIUP-1925.webp?v=1777733198,1,,FALSE,,,,kg,,,active
1925-serengeti-htf,,,,,,"Solid Gel Colours, Brown, Gel Polish",,,,Brown,,,,,,,,,,,,,,,,,,,,,,https://cdn.shopify.com/s/files/1/0947/5545/5242/files/download_428c6904-4600-466f-ae38-04f5060e1682.webp?v=1777738699,2,,,,,,,,,
premium-builder-gel-nude-40gr-htf,Premium Builder Gel Nude 40gr -HTF,"<p>GEL.IT.UP 3-in-1 Premium è un builder gel monofasico con fibre di vetro, studiato per offrire massima resistenza strutturale e lunga durata. Ideale per il rinforzo dell’unghia naturale e per ricostruzioni. Si applica con precisione, non cola e non ingiallisce nel tempo. Non richiede base coat prima dell’applicazione. Perfetto per nail technician che cercano struttura prevedibile, controllo dell’adesione e performance professionale. Benefici principali: rinforzo con fibre di vetro, sistema monofasico, comfort cool-cure e formula 100% HEMA/TPO-free. Applicazione: applicare direttamente sull’unghia preparata, modellare la struttura desiderata e polimerizzare per almeno 60 secondi.</p>",GEL.IT.UP Italy,Animals & Pet Supplies > Pet Supplies,,,TRUE,Title,Default Title,,,,,,,,Premium Builder Gel Nude 40gr -HTF,40000,shopify,0,deny,manual,24.45,,TRUE,TRUE,,,,,,https://cdn.shopify.com/s/files/1/0947/5545/5242/files/3_in_1_premium_builder_gel_nude.webp?v=1777733197,1,,FALSE,,,,kg,,,active
premium-builder-gel-nude-40gr-htf,,,,,,,,,,,,,,,,,,,,,,,,,,,,,,,,https://cdn.shopify.com/s/files/1/0947/5545/5242/files/download_c5739d06-8bf7-48bd-9b96-1a7db6a1e248.webp?v=1777738700,2,,,,,,,,,
multimix-synthogel-30g-light-nude-htf,Multimix Synthogel 30g Light Nude -HTF,"<p>Formula di alta qualità che unisce la resistenza dell’acrilico alla facilità del gel. Ideale per rinforzo dell’unghia naturale e ricostruzioni, non cola, è inodore e non brucia in lampada. Applicabile con Dual Form, Nail Forms o tecnica libera. 100% HEMA/TPO-free.</p>",GEL.IT.UP Italy,,,,TRUE,Title,Default Title,,,,,,,,Multimix Synthogel 30g Light Nude -HTF,30000,shopify,0,deny,manual,12.19,,TRUE,TRUE,,,,,,https://cdn.shopify.com/s/files/1/0947/5545/5242/files/multimix_light_nude_color.webp?v=1777733193,1,,FALSE,,,,kg,,,active
multimix-synthogel-30g-light-nude-htf,,,,,,,,,,,,,,,,,,,,,,,,,,,,,,,,https://cdn.shopify.com/s/files/1/0947/5545/5242/files/download_3352844b-659a-482e-903a-ef2ee110b0c7.webp?v=1777738693,2,,,,,,,,,
76-dusty-sky-htf,76 Dusty Sky -HTF,"<p>Tutti i gel polish devono essere polimerizzati per almeno 60 secondi, poiché sono TPO-free.</p>",GEL.IT.UP Italy,,,"Solid Gel Colours, Blue, Gel Polish",TRUE,Title,Default Title,Blue,,,,,,,76 Dusty Sky -HTF,11000,shopify,0,deny,manual,7.41,,TRUE,TRUE,,,,,,https://cdn.shopify.com/s/files/1/0947/5545/5242/files/GIUP-76.webp?v=1777733192,1,,FALSE,,,,kg,,,active
76-dusty-sky-htf,,,,,,"Solid Gel Colours, Blue, Gel Polish",,,,Blue,,,,,,,,,,,,,,,,,,,,,,https://cdn.shopify.com/s/files/1/0947/5545/5242/files/download_d0339bcb-762c-433c-8958-a1ea7736b7f9.webp?v=1777738692,2,,,,,,,,,
330-vermilion-htf,330 Vermilion -HTF,"<p>Tutti i gel polish devono essere polimerizzati per almeno 60 secondi, poiché sono TPO-free.</p>",GEL.IT.UP Italy,,,Gel Polish,TRUE,Title,Default Title,,,,,,,,330 Vermilion -HTF,11000,shopify,0,deny,manual,7.41,,TRUE,TRUE,,,,,,https://cdn.shopify.com/s/files/1/0947/5545/5242/files/GIUP-330.webp?v=1777733186,1,,FALSE,,,,kg,,,active
330-vermilion-htf,,,,,,,,,,,,,,,,,,,,,,,,,,,,,,,,https://cdn.shopify.com/s/files/1/0947/5545/5242/files/download_5b4870bc-96d3-4f36-8083-ffa409ccd0a2.webp?v=1777738684,2,,,,,,,,,
1816-tempted-htf,1816 Tempted -HTF,"<p>Tutti i gel polish devono essere polimerizzati per almeno 60 secondi, poiché sono TPO-free.</p>",GEL.IT.UP Italy,,,"Solid Gel Colours, Blue, Gel Polish",TRUE,Title,Default Title,Blue,,,,,,,1816 Tempted -HTF,11000,shopify,0,deny,manual,7.41,,TRUE,TRUE,,,,,,https://cdn.shopify.com/s/files/1/0947/5545/5242/files/GIUP-1816.webp?v=1777733186,1,,FALSE,,,,kg,,,active
1816-tempted-htf,,,,,,"Solid Gel Colours, Blue, Gel Polish",,,,Blue,,,,,,,,,,,,,,,,,,,,,,https://cdn.shopify.com/s/files/1/0947/5545/5242/files/download_29f9df6b-465f-4abd-b297-987d49f73e21.webp?v=1777738683,2,,,,,,,,,
2436-lava-stone-htf,2436 Lava Stone -HTF,"<p>Tutti i gel polish devono essere polimerizzati per almeno 60 secondi, poiché sono TPO-free.</p>",GEL.IT.UP Italy,,,"Solid Gel Colours, Grey, Gel Polish",TRUE,Title,Default Title,Grey,,,,,,,2436 Lava Stone -HTF,11000,shopify,0,deny,manual,7.41,,TRUE,TRUE,,,,,,https://cdn.shopify.com/s/files/1/0947/5545/5242/files/GIUP-2436.webp?v=1777733181,1,,FALSE,,,,kg,,,active
2436-lava-stone-htf,,,,,,"Solid Gel Colours, Grey, Gel Polish",,,,Grey,,,,,,,,,,,,,,,,,,,,,,https://cdn.shopify.com/s/files/1/0947/5545/5242/files/download_f90328fb-17be-4688-a907-bc3b20b44ff3.webp?v=1777738677,2,,,,,,,,,
2049-bad-apple-htf,2049 Bad Apple -HTF,"<p>Tutti i gel polish devono essere polimerizzati per almeno 60 secondi, poiché sono TPO-free.</p>",GEL.IT.UP Italy,,,"Solid Gel Colours, Brown, Gel Polish",TRUE,Title,Default Title,Brown,,,,,,,2049 Bad Apple -HTF,11000,shopify,0,deny,manual,7.41,,TRUE,TRUE,,,,,,https://cdn.shopify.com/s/files/1/0947/5545/5242/files/GIUP-2049.webp?v=1777733181,1,,FALSE,,,,kg,,,active
2049-bad-apple-htf,,,,,,"Solid Gel Colours, Brown, Gel Polish",,,,Brown,,,,,,,,,,,,,,,,,,,,,,https://cdn.shopify.com/s/files/1/0947/5545/5242/files/download_fc1747a1-8683-4049-90e3-3f46c5cc9168.webp?v=1777738676,2,,,,,,,,,
by-the-ocean-bto02-htf,By The Ocean BTO02 -HTF,"<p>Tutti i gel polish devono essere polimerizzati per almeno 60 secondi, poiché sono TPO-free.</p>",GEL.IT.UP Italy,,,Gel Polish,TRUE,Title,Default Title,,,,,,,,By The Ocean BTO02 -HTF,11000,shopify,0,deny,manual,8.32,,TRUE,TRUE,,,,,,https://cdn.shopify.com/s/files/1/0947/5545/5242/files/GIUP-BTO02.webp?v=1777733176,1,,FALSE,,,,kg,,,active
by-the-ocean-bto02-htf,,,,,,,,,,,,,,,,,,,,,,,,,,,,,,,,https://cdn.shopify.com/s/files/1/0947/5545/5242/files/download_1cdd982e-d025-4fea-8dbd-5f57effd6581.webp?v=1777738669,2,,,,,,,,,
flexi-base-clear-htf,Flexi Base Clear -HTF,"<p>Flexi Base è una base coat ideale per unghie sensibili, danneggiate e soggette a rottura. La sua flessibilità rinforza l’unghia naturale e offre maggiore protezione.</p>",GEL.IT.UP Italy,,,,TRUE,Title,Default Title,,,,,,,,Flexi Base Clear -HTF,15000,shopify,0,deny,manual,11.94,,TRUE,TRUE,,,,,,https://cdn.shopify.com/s/files/1/0947/5545/5242/files/clear.webp?v=1777733175,1,,FALSE,,,,kg,,,active
flexi-base-clear-htf,,,,,,,,,,,,,,,,,,,,,,,,,,,,,,,,https://cdn.shopify.com/s/files/1/0947/5545/5242/files/download_75f53fff-1f94-46d2-84cf-ae035f92e8d4.webp?v=1777738669,2,,,,,,,,,
1802-bite-your-lip-htf,1802 Bite Your Lip -HTF,"<p>Tutti i gel polish devono essere polimerizzati per almeno 60 secondi, poiché sono TPO-free.</p>",GEL.IT.UP Italy,,,"Solid Gel Colours, Red, Gel Polish",TRUE,Title,Default Title,Red,,,,,,,1802 Bite Your Lip -HTF,11000,shopify,0,deny,manual,7.41,,TRUE,TRUE,,,,,,https://cdn.shopify.com/s/files/1/0947/5545/5242/files/GIUP-1802.webp?v=1777733169,1,,FALSE,,,,kg,,,active
1802-bite-your-lip-htf,,,,,,"Solid Gel Colours, Red, Gel Polish",,,,Red,,,,,,,,,,,,,,,,,,,,,,https://cdn.shopify.com/s/files/1/0947/5545/5242/files/download_be6aaf76-7d98-4be7-b6a9-def9469437a6.webp?v=1777738661,2,,,,,,,,,
2029-show-me-the-moneee-htf,2029 Show Me The Moneee -HTF,"<p>Tutti i gel polish devono essere polimerizzati per almeno 60 secondi, poiché sono TPO-free.</p>",GEL.IT.UP Italy,,,"Solid Gel Colours, Green, Gel Polish",TRUE,Title,Default Title,Green,,,,,,,2029 Show Me The Moneee -HTF,11000,shopify,0,deny,manual,7.41,,TRUE,TRUE,,,,,,https://cdn.shopify.com/s/files/1/0947/5545/5242/files/GIUP-2029.webp?v=1777733169,1,,FALSE,,,,kg,,,active
2029-show-me-the-moneee-htf,,,,,,"Solid Gel Colours, Green, Gel Polish",,,,Green,,,,,,,,,,,,,,,,,,,,,,https://cdn.shopify.com/s/files/1/0947/5545/5242/files/download_7e175f6a-e459-4388-83ca-e52762792d75.webp?v=1777738661,2,,,,,,,,,
20a-chiffon-htf,20A Chiffon -HTF,"<p>Tutti i gel polish devono essere polimerizzati per almeno 60 secondi, poiché sono TPO-free.</p>",GEL.IT.UP Italy,,,"Solid Gel Colours, Yellow, Gel Polish",TRUE,Title,Default Title,Yellow,,,,,,,20A Chiffon -HTF,11000,shopify,0,deny,manual,7.41,,TRUE,TRUE,,,,,,https://cdn.shopify.com/s/files/1/0947/5545/5242/files/GIUP-20A.webp?v=1777733163,1,,FALSE,,,,kg,,,active
20a-chiffon-htf,,,,,,"Solid Gel Colours, Yellow, Gel Polish",,,,Yellow,,,,,,,,,,,,,,,,,,,,,,https://cdn.shopify.com/s/files/1/0947/5545/5242/files/download_b9a6b1d4-5c32-40bd-8d90-6e8365880e49.webp?v=1777738653,2,,,,,,,,,
2412-vanilla-bean-htf,2412 Vanilla Bean -HTF,"<p>Tutti i gel polish devono essere polimerizzati per almeno 60 secondi, poiché sono TPO-free.</p>",GEL.IT.UP Italy,,,Gel Polish,TRUE,Title,Default Title,,,,,,,,2412 Vanilla Bean -HTF,11000,shopify,0,deny,manual,7.41,,TRUE,TRUE,,,,,,https://cdn.shopify.com/s/files/1/0947/5545/5242/files/GIUP-2412.webp?v=1777733160,1,,FALSE,,,,kg,,,active
2412-vanilla-bean-htf,,,,,,,,,,,,,,,,,,,,,,,,,,,,,,,,https://cdn.shopify.com/s/files/1/0947/5545/5242/files/download_52b2af5a-f737-45e9-8641-40340b433467.webp?v=1777738648,2,,,,,,,,,
fan05-htf,FAN05 -HTF,"<p>Tutti i gel polish devono essere polimerizzati per almeno 60 secondi, poiché sono TPO-free.</p>",GEL.IT.UP Italy,Animals & Pet Supplies > Pet Supplies > Bird Supplies > Bird Cage Accessories,,Gel Polish,TRUE,Title,Default Title,,,,,,,,FAN05 -HTF,11000,shopify,0,deny,manual,9.67,,TRUE,TRUE,,,,,,https://cdn.shopify.com/s/files/1/0947/5545/5242/files/FAN05_-HTF.webp?v=1777733158,1,,FALSE,,,,kg,,,active
fan05-htf,,,,,,,,,,,,,,,,,,,,,,,,,,,,,,,,https://cdn.shopify.com/s/files/1/0947/5545/5242/files/download_8849cb58-7a57-4e1a-a989-43d1f568592d.webp?v=1777738646,2,,,,,,,,,
2204-ouch-htf,2204 Ouch -HTF,"<p>Tutti i gel polish devono essere polimerizzati per almeno 60 secondi, poiché sono TPO-free.</p>",GEL.IT.UP Italy,,,"Solid Gel Colours, Coral Orange, Gel Polish",TRUE,Title,Default Title,Coral Orange,,,,,,,2204 Ouch -HTF,11000,shopify,0,deny,manual,7.41,,TRUE,TRUE,,,,,,https://cdn.shopify.com/s/files/1/0947/5545/5242/files/GIUP-2204.webp?v=1777733154,1,,FALSE,,,,kg,,,active
2204-ouch-htf,,,,,,"Solid Gel Colours, Coral Orange, Gel Polish",,,,Coral Orange,,,,,,,,,,,,,,,,,,,,,,https://cdn.shopify.com/s/files/1/0947/5545/5242/files/download_12b23177-5ee8-461f-8ae1-0f73980c4f2b.webp?v=1777738641,2,,,,,,,,,
2516-berry-obsession-htf,2516 Berry Obsession -HTF,"<p>Tutti i gel polish devono essere polimerizzati per almeno 60 secondi, poiché sono TPO-free.</p>",GEL.IT.UP Italy,,,"Solid Gel Colours, Pink, Gel Polish",TRUE,Title,Default Title,Pink,,,,,,,2516 Berry Obsession -HTF,11000,shopify,0,deny,manual,7.41,,TRUE,TRUE,,,,,,https://cdn.shopify.com/s/files/1/0947/5545/5242/files/GIUP-2516.webp?v=1777733152,1,,FALSE,,,,kg,,,active
2516-berry-obsession-htf,,,,,,"Solid Gel Colours, Pink, Gel Polish",,,,Pink,,,,,,,,,,,,,,,,,,,,,,https://cdn.shopify.com/s/files/1/0947/5545/5242/files/download_2ffb1e65-751c-44c6-a842-7c4ee6b67d2c.webp?v=1777738638,2,,,,,,,,,
velvet-cat-eye-vce03-htf,Velvet Cat Eye #VCE03 -HTF,"<p>Tutti i gel polish devono essere polimerizzati per almeno 60 secondi, poiché sono TPO-free.</p>",GEL.IT.UP Italy,,,Gel Polish,TRUE,Title,Default Title,,,,,,,,Velvet Cat Eye #VCE03 -HTF,11000,shopify,0,deny,manual,9.03,,TRUE,TRUE,,,,,,https://cdn.shopify.com/s/files/1/0947/5545/5242/files/Velvet_Cat_Eye_VCE03_-HTF.webp?v=1777733147,1,,FALSE,,,,kg,,,active
03-in-the-flesh-htf,03 In the Flesh -HTF,"<p>Tutti i gel polish devono essere polimerizzati per almeno 60 secondi, poiché sono TPO-free.</p>",GEL.IT.UP Italy,Uncategorized,,Gel Polish,TRUE,Title,Default Title,,,,,,,,03 In the Flesh -HTF,11000,shopify,0,deny,manual,7.41,,TRUE,TRUE,,,,,,https://cdn.shopify.com/s/files/1/0947/5545/5242/files/GIUP-03.webp?v=1777818026,1,,FALSE,,,,kg,,,active
professional-premium-cuticle-nipper-oval-fine-cut-7mm-2119-new,"Professional Premium Cuticle Nipper, Oval Fine Cut – 7mm 2119 New",,GEL.IT.UP Italy,,,,TRUE,Title,Default Title,,,,,,,,"Professional Premium Cuticle Nipper, Oval Fine Cut – 7mm 2119 New",0,shopify,0,deny,manual,12.83,,TRUE,TRUE,,,,,,https://cdn.shopify.com/s/files/1/0947/5545/5242/files/04._CUTICLE_NIPPER_OVAL_FINE_CUT.webp?v=1777733146,1,,FALSE,,,,kg,,,active
professional-premium-cuticle-nipper-oval-fine-cut-7mm-2119-new,,,,,,,,,,,,,,,,,,,,,,,,,,,,,,,,https://cdn.shopify.com/s/files/1/0947/5545/5242/files/download_eef722a0-13d6-4a2f-89f4-5531ece8d35a.webp?v=1777738631,2,,,,,,,,,
1806-linger-on-htf,1806 Linger On -HTF,"<p>Tutti i gel polish devono essere polimerizzati per almeno 60 secondi, poiché sono TPO-free.</p>",GEL.IT.UP Italy,,,"Solid Gel Colours, Purple, Gel Polish",TRUE,Title,Default Title,Purple,,,,,,,1806 Linger On -HTF,11000,shopify,0,deny,manual,7.41,,TRUE,TRUE,,,,,,https://cdn.shopify.com/s/files/1/0947/5545/5242/files/GIUP-1806.webp?v=1777733141,1,,FALSE,,,,kg,,,active
1806-linger-on-htf,,,,,,"Solid Gel Colours, Purple, Gel Polish",,,,Purple,,,,,,,,,,,,,,,,,,,,,,https://cdn.shopify.com/s/files/1/0947/5545/5242/files/download_6ff4320c-9f83-4e83-90b1-73224ae4b052.webp?v=1777738623,2,,,,,,,,,
2046-twilight-mist-htf,2046 Twilight Mist -HTF,"<p>Tutti i gel polish devono essere polimerizzati per almeno 60 secondi, poiché sono TPO-free.</p>",GEL.IT.UP Italy,,,"Solid Gel Colours, Grey, Gel Polish",TRUE,Title,Default Title,Grey,,,,,,,2046 Twilight Mist -HTF,11000,shopify,0,deny,manual,7.41,,TRUE,TRUE,,,,,,https://cdn.shopify.com/s/files/1/0947/5545/5242/files/GIUP-2046.webp?v=1777733139,1,,FALSE,,,,kg,,,active
2046-twilight-mist-htf,,,,,,"Solid Gel Colours, Grey, Gel Polish",,,,Grey,,,,,,,,,,,,,,,,,,,,,,https://cdn.shopify.com/s/files/1/0947/5545/5242/files/download_1568d328-b611-4e9c-a948-423e2ee2f22d.webp?v=1777738621,2,,,,,,,,,
132-jamaikin-me-purple-htf,132 Jamaikin Me Purple -HTF,"<p>Tutti i gel polish devono essere polimerizzati per almeno 60 secondi, poiché sono TPO-free.</p>",GEL.IT.UP Italy,,,"Solid Gel Colours, Purple, Gel Polish",TRUE,Title,Default Title,Purple,,,,,,,132 Jamaikin Me Purple -HTF,11000,shopify,0,deny,manual,7.41,,TRUE,TRUE,,,,,,https://cdn.shopify.com/s/files/1/0947/5545/5242/files/GIUP-132.webp?v=1777733135,1,,FALSE,,,,kg,,,active
132-jamaikin-me-purple-htf,,,,,,"Solid Gel Colours, Purple, Gel Polish",,,,Purple,,,,,,,,,,,,,,,,,,,,,,https://cdn.shopify.com/s/files/1/0947/5545/5242/files/download_24c2df2d-b5d3-49c3-8f75-268e84a51187.webp?v=1777738615,2,,,,,,,,,
2323-maraschino-maven-htf,2323 Maraschino Maven -HTF,"<p>Tutti i gel polish devono essere polimerizzati per almeno 60 secondi, poiché sono TPO-free.</p>",GEL.IT.UP Italy,,,"Solid Gel Colours, Red, Gel Polish",TRUE,Title,Default Title,Red,,,,,,,2323 Maraschino Maven -HTF,11000,shopify,0,deny,manual,7.41,,TRUE,TRUE,,,,,,https://cdn.shopify.com/s/files/1/0947/5545/5242/files/GIUP-2323.webp?v=1777733133,1,,FALSE,,,,kg,,,active
2323-maraschino-maven-htf,,,,,,"Solid Gel Colours, Red, Gel Polish",,,,Red,,,,,,,,,,,,,,,,,,,,,,https://cdn.shopify.com/s/files/1/0947/5545/5242/files/download_1d526bf4-d238-408b-a8f0-07fcba7d6f4f.webp?v=1777738613,2,,,,,,,,,
rose-quartz-cat-eye-rqce1-htf,Rose Quartz Cat Eye #RQCE1 -HTF,"<p>Tutti i gel polish devono essere polimerizzati per almeno 60 secondi, poiché sono TPO-free.</p>",GEL.IT.UP Italy,,,Gel Polish,TRUE,Title,Default Title,,,,,,,,Rose Quartz Cat Eye #RQCE1 -HTF,11000,shopify,0,deny,manual,9.67,,TRUE,TRUE,,,,,,https://cdn.shopify.com/s/files/1/0947/5545/5242/files/Rose_Quartz_Cat_Eye_RQCE1_-HTF.webp?v=1777733129,1,,FALSE,,,,kg,,,active
rose-quartz-cat-eye-rqce1-htf,,,,,,,,,,,,,,,,,,,,,,,,,,,,,,,,https://cdn.shopify.com/s/files/1/0947/5545/5242/files/download_2bcfd362-b091-488a-9c43-fa105458e026.webp?v=1777738608,2,,,,,,,,,
1910-pink-lady-lemonade-htf,1910 Pink Lady Lemonade -HTF,"<p>Tutti i gel polish devono essere polimerizzati per almeno 60 secondi, poiché sono TPO-free.</p>",GEL.IT.UP Italy,,,"Solid Gel Colours, Pink, Gel Polish",TRUE,Title,Default Title,Pink,,,,,,,1910 Pink Lady Lemonade -HTF,11000,shopify,0,deny,manual,7.41,,TRUE,TRUE,,,,,,https://cdn.shopify.com/s/files/1/0947/5545/5242/files/GIUP-1910.webp?v=1777733127,1,,FALSE,,,,kg,,,active
1910-pink-lady-lemonade-htf,,,,,,"Solid Gel Colours, Pink, Gel Polish",,,,Pink,,,,,,,,,,,,,,,,,,,,,,https://cdn.shopify.com/s/files/1/0947/5545/5242/files/download_5bc9c118-a555-47c7-ae31-b9d040658fd0.webp?v=1777738606,2,,,,,,,,,
brush-on-builder-gel-blush-sorbet-15ml-htf,Brush on Builder Gel Blush Sorbet 15ml -HTF,"<p>Brush On Builder è un BIAB autolivellante in flacone, ideale per rinforzare, modellare e perfezionare l’unghia naturale. Adatto anche per piccoli allungamenti fino a 3 mm.</p>",GEL.IT.UP Italy,,,,TRUE,Title,Default Title,,,,,,,,Brush on Builder Gel Blush Sorbet 15ml -HTF,15000,shopify,0,deny,manual,11.94,,TRUE,TRUE,,,,,,https://cdn.shopify.com/s/files/1/0947/5545/5242/files/GIUP-BOB-blush-sorbet.webp?v=1777733122,1,,FALSE,,,,kg,,,active
brush-on-builder-gel-blush-sorbet-15ml-htf,,,,,,,,,,,,,,,,,,,,,,,,,,,,,,,,https://cdn.shopify.com/s/files/1/0947/5545/5242/files/download_6d14c55f-f819-464c-b4d6-5f880e5f6a25.webp?v=1777738599,2,,,,,,,,,
soak-off-gel-tips-medium-square,SOAK OFF GEL TIPS MEDIUM SQUARE,,GEL.IT.UP Italy,,,,TRUE,Title,Default Title,,,,,,,,SOAK OFF GEL TIPS MEDIUM SQUARE,0,shopify,0,deny,manual,8.97,,TRUE,TRUE,,,,,,https://cdn.shopify.com/s/files/1/0947/5545/5242/files/SOAK_OFF_GEL_TIPS_MEDIUM_SQUARE.webp?v=1777733122,1,,FALSE,,,,kg,,,active
soak-off-gel-tips-medium-square,,,,,,,,,,,,,,,,,,,,,,,,,,,,,,,,https://cdn.shopify.com/s/files/1/0947/5545/5242/files/download_a0de7a46-c785-438e-ba9e-0673e13e5e50.webp?v=1777738598,2,,,,,,,,,
line-it-up-yellow-htf,LINE IT UP YELLOW -HTF,"<p>Tutti i gel polish devono essere polimerizzati per almeno 60 secondi, poiché sono TPO-free.</p>",GEL.IT.UP Italy,,,Gel Polish,TRUE,Title,Default Title,,,,,,,,LINE IT UP YELLOW -HTF,11000,shopify,0,deny,manual,5.48,,TRUE,TRUE,,,,,,https://cdn.shopify.com/s/files/1/0947/5545/5242/files/line-it-UP__0001_yellow.webp?v=1777733116,1,,FALSE,,,,kg,,,active
line-it-up-yellow-htf,,,,,,,,,,,,,,,,,,,,,,,,,,,,,,,,https://cdn.shopify.com/s/files/1/0947/5545/5242/files/download_1d75def9-7ede-4983-a9bf-0dba0566d034.webp?v=1777738590,2,,,,,,,,,
2102-barefoot-in-blue-jeans-htf,2102 Barefoot in Blue Jeans -HTF,"<p>Tutti i gel polish devono essere polimerizzati per almeno 60 secondi, poiché sono TPO-free.</p>",GEL.IT.UP Italy,,,Gel Polish,TRUE,Title,Default Title,,,,,,,,2102 Barefoot in Blue Jeans -HTF,11000,shopify,0,deny,manual,7.41,,TRUE,TRUE,,,,,,https://cdn.shopify.com/s/files/1/0947/5545/5242/files/GIUP-102.webp?v=1777733112,1,,FALSE,,,,kg,,,active
102-marshmallow-htf,102 Marshmallow -HTF,"<p>Tutti i gel polish devono essere polimerizzati per almeno 60 secondi, poiché sono TPO-free.</p>",GEL.IT.UP Italy,,,"Solid Gel Colours, Pink, Gel Polish",TRUE,Title,Default Title,Pink,,,,,,,102 Marshmallow -HTF,11000,shopify,0,deny,manual,7.41,,TRUE,TRUE,,,,,,https://cdn.shopify.com/s/files/1/0947/5545/5242/files/GIUP-102.webp?v=1777733112,1,,FALSE,,,,kg,,,active
102-marshmallow-htf,,,,,,"Solid Gel Colours, Pink, Gel Polish",,,,Pink,,,,,,,,,,,,,,,,,,,,,,https://cdn.shopify.com/s/files/1/0947/5545/5242/files/download_aee42d52-bfb1-4be6-b2a1-d5b95f714457.webp?v=1777738585,2,,,,,,,,,
34b-stop-using-me-htf,34B Stop using Me -HTF,"<p>Tutti i gel polish devono essere polimerizzati per almeno 60 secondi, poiché sono TPO-free.</p>",GEL.IT.UP Italy,,,"Solid Gel Colours, Coral Orange, Gel Polish",TRUE,Title,Default Title,Coral Orange,,,,,,,34B Stop using Me -HTF,11000,shopify,0,deny,manual,7.41,,TRUE,TRUE,,,,,,https://cdn.shopify.com/s/files/1/0947/5545/5242/files/GIUP-34B.webp?v=1777733109,1,,FALSE,,,,kg,,,active
34b-stop-using-me-htf,,,,,,"Solid Gel Colours, Coral Orange, Gel Polish",,,,Coral Orange,,,,,,,,,,,,,,,,,,,,,,https://cdn.shopify.com/s/files/1/0947/5545/5242/files/download_616d50c6-b750-444e-9f8e-3a6350e2bedf.webp?v=1777738581,2,,,,,,,,,
116-fandango-htf,116 Fandango -HTF,"<p>Tutti i gel polish devono essere polimerizzati per almeno 60 secondi, poiché sono TPO-free.</p>",GEL.IT.UP Italy,,,"Solid Gel Colours, Pink, Gel Polish",TRUE,Title,Default Title,Pink,,,,,,,116 Fandango -HTF,11000,shopify,0,deny,manual,7.41,,TRUE,TRUE,,,,,,https://cdn.shopify.com/s/files/1/0947/5545/5242/files/GIUP-116.webp?v=1777733106,1,,FALSE,,,,kg,,,active
116-fandango-htf,,,,,,"Solid Gel Colours, Pink, Gel Polish",,,,Pink,,,,,,,,,,,,,,,,,,,,,,https://cdn.shopify.com/s/files/1/0947/5545/5242/files/download_efce693b-ff4d-4078-942b-1287be525806.webp?v=1777738578,2,,,,,,,,,
147-bitter-sweet-htf,147 Bitter Sweet -HTF,"<p>Tutti i gel polish devono essere polimerizzati per almeno 60 secondi, poiché sono TPO-free.</p>",GEL.IT.UP Italy,,,"Solid Gel Colours, Brown, Gel Polish",TRUE,Title,Default Title,Brown,,,,,,,147 Bitter Sweet -HTF,11000,shopify,0,deny,manual,7.41,,TRUE,TRUE,,,,,,https://cdn.shopify.com/s/files/1/0947/5545/5242/files/GIUP-147.webp?v=1777733102,1,,FALSE,,,,kg,,,active
147-bitter-sweet-htf,,,,,,"Solid Gel Colours, Brown, Gel Polish",,,,Brown,,,,,,,,,,,,,,,,,,,,,,https://cdn.shopify.com/s/files/1/0947/5545/5242/files/download_3dcd7a2c-bcdb-49d6-8fbc-33901ff541d0.webp?v=1777738573,2,,,,,,,,,
2509-floral-fiesta-htf,2509 Floral Fiesta -HTF,"<p>Tutti i gel polish devono essere polimerizzati per almeno 60 secondi, poiché sono TPO-free.</p>",GEL.IT.UP Italy,,,"Solid Gel Colours, Pink, Gel Polish",TRUE,Title,Default Title,Pink,,,,,,,2509 Floral Fiesta -HTF,11000,shopify,0,deny,manual,7.41,,TRUE,TRUE,,,,,,https://cdn.shopify.com/s/files/1/0947/5545/5242/files/GIUP-2509.webp?v=1777733100,1,,FALSE,,,,kg,,,active
2509-floral-fiesta-htf,,,,,,"Solid Gel Colours, Pink, Gel Polish",,,,Pink,,,,,,,,,,,,,,,,,,,,,,https://cdn.shopify.com/s/files/1/0947/5545/5242/files/download_722b6682-b320-401a-88e7-384539fce941.webp?v=1777738571,2,,,,,,,,,
giup-2e,GIUP 2E,"<p>Tutti i gel polish devono essere polimerizzati per almeno 60 secondi, poiché sono TPO-free.</p>",GEL.IT.UP Italy,,,Gel Polish,TRUE,Title,Default Title,,,,,,,,GIUP 2E,11000,shopify,0,deny,manual,7.41,,TRUE,TRUE,,,,,,https://cdn.shopify.com/s/files/1/0947/5545/5242/files/GIUP-2E.webp?v=1777733094,1,,FALSE,,,,kg,,,active
02e-co-co-co-carde-htf,02E Co Co Co Carde -HTF,"<p>Tutti i gel polish devono essere polimerizzati per almeno 60 secondi, poiché sono TPO-free.</p>",GEL.IT.UP Italy,,,Gel Polish,TRUE,Title,Default Title,,,,,,,,02E Co Co Co Carde -HTF,11000,shopify,0,deny,manual,7.41,,TRUE,TRUE,,,,,,https://cdn.shopify.com/s/files/1/0947/5545/5242/files/GIUP-2E.webp?v=1777733094,1,,FALSE,,,,kg,,,active
02e-co-co-co-carde-htf,,,,,,,,,,,,,,,,,,,,,,,,,,,,,,,,https://cdn.shopify.com/s/files/1/0947/5545/5242/files/download_244a7c48-c3c4-4c6f-8a88-bbc100b8c4e8.webp?v=1777738562,2,,,,,,,,,
fr02-fraternite-htf,FR02 Fraternité -HTF,"<p>Tutti i gel polish devono essere polimerizzati per almeno 60 secondi, poiché sono TPO-free.</p>",GEL.IT.UP Italy,,,Gel Polish,TRUE,Title,Default Title,,,,,,,,FR02 Fraternité -HTF,11000,shopify,0,deny,manual,7.41,,TRUE,TRUE,,,,,,https://cdn.shopify.com/s/files/1/0947/5545/5242/files/GIUP-FR02.webp?v=1777733093,1,,FALSE,,,,kg,,,active
fr02-fraternite-htf,,,,,,,,,,,,,,,,,,,,,,,,,,,,,,,,https://cdn.shopify.com/s/files/1/0947/5545/5242/files/download_7446a398-5a79-4ff0-8fe0-3da52c0f9029.webp?v=1777738561,2,,,,,,,,,
28-working-girl-htf,28 Working Girl -HTF,"<p>Tutti i gel polish devono essere polimerizzati per almeno 60 secondi, poiché sono TPO-free.</p>",GEL.IT.UP Italy,,,"Solid Gel Colours, Neon, Gel Polish",TRUE,Title,Default Title,Neon,,,,,,,28 Working Girl -HTF,11000,shopify,0,deny,manual,7.41,,TRUE,TRUE,,,,,,https://cdn.shopify.com/s/files/1/0947/5545/5242/files/GIUP-28.webp?v=1777733088,1,,FALSE,,,,kg,,,active
28-working-girl-htf,,,,,,"Solid Gel Colours, Neon, Gel Polish",,,,Neon,,,,,,,,,,,,,,,,,,,,,,https://cdn.shopify.com/s/files/1/0947/5545/5242/files/download_dfc84e8f-8457-4744-ac19-e757c8bd378c.webp?v=1777738555,2,,,,,,,,,
1908-desert-scorpion-htf,1908 Desert Scorpion -HTF,"<p>Tutti i gel polish devono essere polimerizzati per almeno 60 secondi, poiché sono TPO-free.</p>",GEL.IT.UP Italy,,,"Solid Gel Colours, Pink, Gel Polish",TRUE,Title,Default Title,Pink,,,,,,,1908 Desert Scorpion -HTF,11000,shopify,0,deny,manual,7.41,,TRUE,TRUE,,,,,,https://cdn.shopify.com/s/files/1/0947/5545/5242/files/GIUP-1908.webp?v=1777733088,1,,FALSE,,,,kg,,,active
1908-desert-scorpion-htf,,,,,,"Solid Gel Colours, Pink, Gel Polish",,,,Pink,,,,,,,,,,,,,,,,,,,,,,https://cdn.shopify.com/s/files/1/0947/5545/5242/files/download_91ccdb0c-d042-4cda-932b-75960a191b94.webp?v=1777738553,2,,,,,,,,,
line-it-up-lavender-htf,LINE IT UP LAVENDER -HTF,"<p>Tutti i gel polish devono essere polimerizzati per almeno 60 secondi, poiché sono TPO-free.</p>",GEL.IT.UP Italy,,,Gel Polish,TRUE,Title,Default Title,,,,,,,,LINE IT UP LAVENDER -HTF,11000,shopify,0,deny,manual,5.48,,TRUE,TRUE,,,,,,https://cdn.shopify.com/s/files/1/0947/5545/5242/files/line-it-UP__0014_lavender.webp?v=1777733082,1,,FALSE,,,,kg,,,active
line-it-up-lavender-htf,,,,,,,,,,,,,,,,,,,,,,,,,,,,,,,,https://cdn.shopify.com/s/files/1/0947/5545/5242/files/download_be026980-1d08-4ab3-bba5-dbdee6ec598f.webp?v=1777738546,2,,,,,,,,,
2302-htf,2302 Amethyst Awakening -HTF,"<p>Tutti i gel polish devono essere polimerizzati per almeno 60 secondi, poiché sono TPO-free.</p>",GEL.IT.UP Italy,Uncategorized,,"Solid Gel Colours, Green, Gel Polish",TRUE,Title,Default Title,Green,,,,,,,2302 -HTF,11000,shopify,0,deny,manual,7.41,,TRUE,TRUE,,,,,,https://cdn.shopify.com/s/files/1/0947/5545/5242/files/GIUP-2302.webp?v=1777733081,1,,FALSE,,,,kg,,,active
1807-truth-be-told-htf,1807 Truth Be Told -HTF,"<p>Tutti i gel polish devono essere polimerizzati per almeno 60 secondi, poiché sono TPO-free.</p>",GEL.IT.UP Italy,,,"Solid Gel Colours, Purple, Gel Polish",TRUE,Title,Default Title,Purple,,,,,,,1807 Truth Be Told -HTF,11000,shopify,0,deny,manual,7.41,,TRUE,TRUE,,,,,,https://cdn.shopify.com/s/files/1/0947/5545/5242/files/GIUP-1807.webp?v=1777733076,1,,FALSE,,,,kg,,,active
1807-truth-be-told-htf,,,,,,"Solid Gel Colours, Purple, Gel Polish",,,,Purple,,,,,,,,,,,,,,,,,,,,,,https://cdn.shopify.com/s/files/1/0947/5545/5242/files/download_4c3dd2dd-b4de-48b8-bb7d-6fa8a3cd2db8.webp?v=1777738538,2,,,,,,,,,
88-girls-enlisted-htf,88 Girls Enlisted -HTF,"<p>Tutti i gel polish devono essere polimerizzati per almeno 60 secondi, poiché sono TPO-free.</p>",GEL.IT.UP Italy,,,"Solid Gel Colours, Green, Gel Polish",TRUE,Title,Default Title,Green,,,,,,,88 Girls Enlisted -HTF,11000,shopify,0,deny,manual,7.41,,TRUE,TRUE,,,,,,https://cdn.shopify.com/s/files/1/0947/5545/5242/files/GIUP-88.webp?v=1777733075,1,,FALSE,,,,kg,,,active
88-girls-enlisted-htf,,,,,,"Solid Gel Colours, Green, Gel Polish",,,,Green,,,,,,,,,,,,,,,,,,,,,,https://cdn.shopify.com/s/files/1/0947/5545/5242/files/download_eefd76a4-6ff1-41e3-9943-765a9f7b3dd2.webp?v=1777738538,2,,,,,,,,,
2063-trick-or-treat-htf,2063 Trick or Treat -HTF,"<p>Tutti i gel polish devono essere polimerizzati per almeno 60 secondi, poiché sono TPO-free.</p>",GEL.IT.UP Italy,,,"Solid Gel Colours, Coral Orange, Gel Polish",TRUE,Title,Default Title,Coral Orange,,,,,,,2063 Trick or Treat -HTF,11000,shopify,0,deny,manual,7.41,,TRUE,TRUE,,,,,,https://cdn.shopify.com/s/files/1/0947/5545/5242/files/GIUP-2063.webp?v=1777733070,1,,FALSE,,,,kg,,,active
2063-trick-or-treat-htf,,,,,,"Solid Gel Colours, Coral Orange, Gel Polish",,,,Coral Orange,,,,,,,,,,,,,,,,,,,,,,https://cdn.shopify.com/s/files/1/0947/5545/5242/files/download_6ab667c2-ba22-4e30-bb55-548ee504f901.webp?v=1777738530,2,,,,,,,,,
2404-daddys-girl-htf,2404 Daddys Girl -HTF,"<p>Tutti i gel polish devono essere polimerizzati per almeno 60 secondi, poiché sono TPO-free.</p>",GEL.IT.UP Italy,Uncategorized,,Gel Polish,TRUE,Title,Default Title,,,,,,,,2404 Daddys Girl -HTF,11000,shopify,0,deny,manual,7.41,,TRUE,TRUE,,,,,,https://cdn.shopify.com/s/files/1/0947/5545/5242/files/GIUP-2404.webp?v=1777821087,1,,FALSE,,,,kg,,,active
soak-off-gel-tips-long-almond,SOAK OFF GEL TIPS LONG ALMOND,,GEL.IT.UP Italy,,,,TRUE,Title,Default Title,,,,,,,,SOAK OFF GEL TIPS LONG ALMOND,0,shopify,0,deny,manual,8.97,,TRUE,TRUE,,,,,,https://cdn.shopify.com/s/files/1/0947/5545/5242/files/Soak_off_Gel_tips_LONG_ALMOND.webp?v=1777733064,1,,FALSE,,,,kg,,,active
soak-off-gel-tips-long-almond,,,,,,,,,,,,,,,,,,,,,,,,,,,,,,,,https://cdn.shopify.com/s/files/1/0947/5545/5242/files/download_27b60a67-0f4f-4b38-b03e-d73feab1230f.webp?v=1777738523,2,,,,,,,,,
2604-peach-whisper-htf,2604 Peach Whisper -HTF,"<p>Tutti i gel polish devono essere polimerizzati per almeno 60 secondi, poiché sono TPO-free.</p>",GEL.IT.UP Italy,,,Gel Polish,TRUE,Title,Default Title,,,,,,,,2604 Peach Whisper -HTF,11000,shopify,0,deny,manual,7.41,,TRUE,TRUE,,,,,,https://cdn.shopify.com/s/files/1/0947/5545/5242/files/GIUP-2604.webp?v=1777733062,1,,FALSE,,,,kg,,,active
2604-peach-whisper-htf,,,,,,,,,,,,,,,,,,,,,,,,,,,,,,,,https://cdn.shopify.com/s/files/1/0947/5545/5242/files/download_6f874e65-6a24-4fbb-9af9-cc41ae9d1398.webp?v=1777738523,2,,,,,,,,,
2605-apricot-sunrise-htf,2605 Apricot Sunrise -HTF,"<p>Tutti i gel polish devono essere polimerizzati per almeno 60 secondi, poiché sono TPO-free.</p>",GEL.IT.UP Italy,,,Gel Polish,TRUE,Title,Default Title,,,,,,,,2605 Apricot Sunrise -HTF,11000,shopify,0,deny,manual,7.41,,TRUE,TRUE,,,,,,https://cdn.shopify.com/s/files/1/0947/5545/5242/files/GIUP-2605.webp?v=1777733058,1,,FALSE,,,,kg,,,active
2605-apricot-sunrise-htf,,,,,,,,,,,,,,,,,,,,,,,,,,,,,,,,https://cdn.shopify.com/s/files/1/0947/5545/5242/files/download_78857eae-c786-4539-9041-272d35ae774d.webp?v=1777738515,2,,,,,,,,,
premium-builder-gel-white-40gr-htf,Premium Builder Gel White 40gr -HTF,"<p>GEL.IT.UP 3-in-1 Premium è un builder gel monofasico con fibre di vetro, studiato per offrire massima resistenza strutturale e lunga durata. Ideale per il rinforzo dell’unghia naturale e per ricostruzioni. Si applica con precisione, non cola e non ingiallisce nel tempo. Non richiede base coat prima dell’applicazione. Perfetto per nail technician che cercano struttura prevedibile, controllo dell’adesione e performance professionale. Benefici principali: rinforzo con fibre di vetro, sistema monofasico, comfort cool-cure e formula 100% HEMA/TPO-free. Applicazione: applicare direttamente sull’unghia preparata, modellare la struttura desiderata e polimerizzare per almeno 60 secondi.</p>",GEL.IT.UP Italy,Animals & Pet Supplies > Pet Supplies,,,TRUE,Title,Default Title,,,,,,,,Premium Builder Gel White 40gr -HTF,40000,shopify,0,deny,manual,24.45,,TRUE,TRUE,,,,,,https://cdn.shopify.com/s/files/1/0947/5545/5242/files/3-in-1-premium-builder_gels_white.webp?v=1777733057,1,,FALSE,,,,kg,,,active
premium-builder-gel-white-40gr-htf,,,,,,,,,,,,,,,,,,,,,,,,,,,,,,,,https://cdn.shopify.com/s/files/1/0947/5545/5242/files/download_37b06a74-bcda-422c-a177-7b7dbf238104.webp?v=1777738516,2,,,,,,,,,
1923-hug-a-bear-htf,1923 Hug-A-Bear -HTF,"<p>Tutti i gel polish devono essere polimerizzati per almeno 60 secondi, poiché sono TPO-free.</p>",GEL.IT.UP Italy,,,"Solid Gel Colours, Brown, Gel Polish",TRUE,Title,Default Title,Brown,,,,,,,1923 Hug-A-Bear -HTF,11000,shopify,0,deny,manual,7.41,,TRUE,TRUE,,,,,,https://cdn.shopify.com/s/files/1/0947/5545/5242/files/GIUP-1923.webp?v=1777733051,1,,FALSE,,,,kg,,,active
1923-hug-a-bear-htf,,,,,,"Solid Gel Colours, Brown, Gel Polish",,,,Brown,,,,,,,,,,,,,,,,,,,,,,https://cdn.shopify.com/s/files/1/0947/5545/5242/files/download_90139517-802d-4034-aaa8-cccbb874ecb1.webp?v=1777738507,2,,,,,,,,,
2113b-pretty-little-lies-htf,2113B Pretty Little Lies -HTF,"<p>Tutti i gel polish devono essere polimerizzati per almeno 60 secondi, poiché sono TPO-free.</p>",GEL.IT.UP Italy,,,Gel Polish,TRUE,Title,Default Title,,,,,,,,2113B Pretty Little Lies -HTF,11000,shopify,0,deny,manual,7.36,,TRUE,TRUE,,,,,,https://cdn.shopify.com/s/files/1/0947/5545/5242/files/GIUP-2113B.webp?v=1777733052,1,,FALSE,,,,kg,,,active
2113b-pretty-little-lies-htf,,,,,,,,,,,,,,,,,,,,,,,,,,,,,,,,https://cdn.shopify.com/s/files/1/0947/5545/5242/files/download_c49f0ff5-fde6-4143-9104-bd686ed9f496.webp?v=1777738509,2,,,,,,,,,
mt06-spot-my-top-htf,MT06 Spot my top -HTF,,GEL.IT.UP Italy,,,,TRUE,Title,Default Title,,,,,,,,MT06 Spot my top -HTF,11000,shopify,0,deny,manual,8.97,,TRUE,TRUE,,,,,,https://cdn.shopify.com/s/files/1/0947/5545/5242/files/MT06_Spot_my_top_-HTF.webp?v=1777733045,1,,FALSE,,,,kg,,,active
mt06-spot-my-top-htf,,,,,,,,,,,,,,,,,,,,,,,,,,,,,,,,https://cdn.shopify.com/s/files/1/0947/5545/5242/files/download_c49fcbb5-715e-4a44-bbe4-941421136a6b.webp?v=1777738500,2,,,,,,,,,
707-hang-11-htf,707 Hang 11 -HTF,"<p>Tutti i gel polish devono essere polimerizzati per almeno 60 secondi, poiché sono TPO-free.</p>",GEL.IT.UP Italy,,,"Solid Gel Colours, Blue, Gel Polish",TRUE,Title,Default Title,Blue,,,,,,,707 Hang 11 -HTF,11000,shopify,0,deny,manual,7.41,,TRUE,TRUE,,,,,,https://cdn.shopify.com/s/files/1/0947/5545/5242/files/GIUP-707.webp?v=1777733044,1,,FALSE,,,,kg,,,active
707-hang-11-htf,,,,,,"Solid Gel Colours, Blue, Gel Polish",,,,Blue,,,,,,,,,,,,,,,,,,,,,,https://cdn.shopify.com/s/files/1/0947/5545/5242/files/download_90735e03-e630-4515-a051-79ee4d1c76ca.webp?v=1777738500,2,,,,,,,,,
dt03-sugar-socks-diamond-top-11ml-htf,DT03 Sugar Socks Diamond Top 11ml -HTF,<p>La linea Diamond Top Coat è il trend del momento: unisce la brillantezza intensa di un top coat all’effetto sparkling unico dei flakes. Si applica sopra qualsiasi colore e non lascia strato di dispersione.</p>,GEL.IT.UP Italy,,,,TRUE,Title,Default Title,,,,,,,,DT03 Sugar Socks Diamond Top 11ml -HTF,11000,shopify,0,deny,manual,9.48,,TRUE,TRUE,,,,,,https://cdn.shopify.com/s/files/1/0947/5545/5242/files/DT03_Sugar_Socks_Diamond_Top_11ml_-HTF.webp?v=1777733040,1,,FALSE,,,,kg,,,active
dt03-sugar-socks-diamond-top-11ml-htf,,,,,,,,,,,,,,,,,,,,,,,,,,,,,,,,https://cdn.shopify.com/s/files/1/0947/5545/5242/files/download_5b2882f1-5d2f-4204-9193-83a9aaf305fa.webp?v=1777738493,2,,,,,,,,,
325-tritanium-htf,325 Tritanium -HTF,"<p>Tutti i gel polish devono essere polimerizzati per almeno 60 secondi, poiché sono TPO-free.</p>",GEL.IT.UP Italy,,,Gel Polish,TRUE,Title,Default Title,,,,,,,,325 Tritanium -HTF,11000,shopify,0,deny,manual,7.41,,TRUE,TRUE,,,,,,https://cdn.shopify.com/s/files/1/0947/5545/5242/files/GIUP-325.webp?v=1777733039,1,,FALSE,,,,kg,,,active
325-tritanium-htf,,,,,,,,,,,,,,,,,,,,,,,,,,,,,,,,https://cdn.shopify.com/s/files/1/0947/5545/5242/files/download_5ccdb5aa-5187-410f-b523-4b09df8ab1bf.webp?v=1777738494,2,,,,,,,,,
36-carmine-htf,36 Carmine -HTF,"<p>Tutti i gel polish devono essere polimerizzati per almeno 60 secondi, poiché sono TPO-free.</p>",GEL.IT.UP Italy,,,"Solid Gel Colours, Coral Orange, Gel Polish",TRUE,Title,Default Title,Coral Orange,,,,,,,36 Carmine -HTF,11000,shopify,0,deny,manual,7.41,,TRUE,TRUE,,,,,,https://cdn.shopify.com/s/files/1/0947/5545/5242/files/GIUP-36.webp?v=1777733033,1,,FALSE,,,,kg,,,active
2136-htf,2136 -HTF,"<p>Tutti i gel polish devono essere polimerizzati per almeno 60 secondi, poiché sono TPO-free.</p>",GEL.IT.UP Italy,,,"Solid Gel Colours, Brown, Gel Polish",TRUE,Title,Default Title,Brown,,,,,,,2136 -HTF,11000,shopify,0,deny,manual,7.41,,TRUE,TRUE,,,,,,https://cdn.shopify.com/s/files/1/0947/5545/5242/files/GIUP-36.webp?v=1777733033,1,,FALSE,,,,kg,,,active
2136-htf,,,,,,"Solid Gel Colours, Brown, Gel Polish",,,,Brown,,,,,,,,,,,,,,,,,,,,,,https://cdn.shopify.com/s/files/1/0947/5545/5242/files/download_1ff1c6e8-88d9-4202-9c55-85c789472c02.webp?v=1777738485,2,,,,,,,,,
1804-cuddle-me-htf,1804 Cuddle Me -HTF,"<p>Tutti i gel polish devono essere polimerizzati per almeno 60 secondi, poiché sono TPO-free.</p>",GEL.IT.UP Italy,,,"Solid Gel Colours, Purple, Gel Polish",TRUE,Title,Default Title,Purple,,,,,,,1804 Cuddle Me -HTF,11000,shopify,0,deny,manual,7.41,,TRUE,TRUE,,,,,,https://cdn.shopify.com/s/files/1/0947/5545/5242/files/GIUP-1804.webp?v=1777733031,1,,FALSE,,,,kg,,,active
1804-cuddle-me-htf,,,,,,"Solid Gel Colours, Purple, Gel Polish",,,,Purple,,,,,,,,,,,,,,,,,,,,,,https://cdn.shopify.com/s/files/1/0947/5545/5242/files/download_92e9149e-0677-405c-9ce0-571f07c60a0b.webp?v=1777738482,2,,,,,,,,,
giup-2i,GIUP 2I,"<p>Tutti i gel polish devono essere polimerizzati per almeno 60 secondi, poiché sono TPO-free.</p>",GEL.IT.UP Italy,,,Gel Polish,TRUE,Title,Default Title,,,,,,,,GIUP 2I,11000,shopify,0,deny,manual,7.41,,TRUE,TRUE,,,,,,https://cdn.shopify.com/s/files/1/0947/5545/5242/files/GIUP-2I.webp?v=1777733025,1,,FALSE,,,,kg,,,active
02i-ok-baby-htf,02I Ok Baby -HTF,"<p>Tutti i gel polish devono essere polimerizzati per almeno 60 secondi, poiché sono TPO-free.</p>",GEL.IT.UP Italy,,,Gel Polish,TRUE,Title,Default Title,,,,,,,,02I Ok Baby -HTF,11000,shopify,0,deny,manual,7.41,,TRUE,TRUE,,,,,,https://cdn.shopify.com/s/files/1/0947/5545/5242/files/GIUP-2I.webp?v=1777733025,1,,FALSE,,,,kg,,,active
02i-ok-baby-htf,,,,,,,,,,,,,,,,,,,,,,,,,,,,,,,,https://cdn.shopify.com/s/files/1/0947/5545/5242/files/download_91267e0f-2415-4fc5-b2e1-a90dfdff70ca.webp?v=1777738475,2,,,,,,,,,
2113j-blue-flashing-star-htf,2113J Blue Flashing Star -HTF,"<p>Tutti i gel polish devono essere polimerizzati per almeno 60 secondi, poiché sono TPO-free.</p>",GEL.IT.UP Italy,,,Gel Polish,TRUE,Title,Default Title,,,,,,,,2113J Blue Flashing Star -HTF,11000,shopify,0,deny,manual,7.36,,TRUE,TRUE,,,,,,https://cdn.shopify.com/s/files/1/0947/5545/5242/files/GIUP-2113J.webp?v=1777733025,1,,FALSE,,,,kg,,,active
2113j-blue-flashing-star-htf,,,,,,,,,,,,,,,,,,,,,,,,,,,,,,,,https://cdn.shopify.com/s/files/1/0947/5545/5242/files/download_fadceca4-e1da-40d7-ad7f-fde140d39951.webp?v=1777738471,2,,,,,,,,,
329-tellurium-htf,329 Tellurium -HTF,"<p>Tutti i gel polish devono essere polimerizzati per almeno 60 secondi, poiché sono TPO-free.</p>",GEL.IT.UP Italy,,,Gel Polish,TRUE,Title,Default Title,,,,,,,,329 Tellurium -HTF,11000,shopify,0,deny,manual,7.41,,TRUE,TRUE,,,,,,https://cdn.shopify.com/s/files/1/0947/5545/5242/files/GIUP-32.webp?v=1777733019,1,,FALSE,,,,kg,,,active
32-oranya-htf,32 Oranya -HTF,"<p>Tutti i gel polish devono essere polimerizzati per almeno 60 secondi, poiché sono TPO-free.</p>",GEL.IT.UP Italy,,,"Solid Gel Colours, Coral Orange, Gel Polish",TRUE,Title,Default Title,Coral Orange,,,,,,,32 Oranya -HTF,11000,shopify,0,deny,manual,7.41,,TRUE,TRUE,,,,,,https://cdn.shopify.com/s/files/1/0947/5545/5242/files/GIUP-32.webp?v=1777733019,1,,FALSE,,,,kg,,,active
32-oranya-htf,,,,,,"Solid Gel Colours, Coral Orange, Gel Polish",,,,Coral Orange,,,,,,,,,,,,,,,,,,,,,,https://cdn.shopify.com/s/files/1/0947/5545/5242/files/download_307840c1-3dca-4ffa-99ca-eea717388289.webp?v=1777738467,2,,,,,,,,,
2304-coral-me-red-htf,2304 Coral Me Red -HTF,"<p>Tutti i gel polish devono essere polimerizzati per almeno 60 secondi, poiché sono TPO-free.</p>",GEL.IT.UP Italy,,,"Solid Gel Colours, Red, Gel Polish",TRUE,Title,Default Title,Red,,,,,,,2304 Coral Me Red -HTF,11000,shopify,0,deny,manual,7.41,,TRUE,TRUE,,,,,,https://cdn.shopify.com/s/files/1/0947/5545/5242/files/GIUP-2304.webp?v=1777733014,1,,FALSE,,,,kg,,,active
2304-coral-me-red-htf,,,,,,"Solid Gel Colours, Red, Gel Polish",,,,Red,,,,,,,,,,,,,,,,,,,,,,https://cdn.shopify.com/s/files/1/0947/5545/5242/files/download_4a80ede2-8827-4077-9696-66580b814997.webp?v=1777738460,2,,,,,,,,,
tuttie-fruity-glass-tfg01-htf,Tuttie Fruity Glass #TFG01 -HTF,"<p>Tutti i gel polish devono essere polimerizzati per almeno 60 secondi, poiché sono TPO-free.</p>",GEL.IT.UP Italy,,,Gel Polish,TRUE,Title,Default Title,,,,,,,,Tuttie Fruity Glass #TFG01 -HTF,11000,shopify,0,deny,manual,7.41,,TRUE,TRUE,,,,,,https://cdn.shopify.com/s/files/1/0947/5545/5242/files/TFG01.webp?v=1777733014,1,,FALSE,,,,kg,,,active
tuttie-fruity-glass-tfg01-htf,,,,,,,,,,,,,,,,,,,,,,,,,,,,,,,,https://cdn.shopify.com/s/files/1/0947/5545/5242/files/download_c45cae77-69b2-4c83-ba35-42fd07aabf75.webp?v=1777738460,2,,,,,,,,,
2602-porcelain-sky-htf,2602 Porcelain Sky -HTF,"<p>Tutti i gel polish devono essere polimerizzati per almeno 60 secondi, poiché sono TPO-free.</p>",GEL.IT.UP Italy,,,Gel Polish,TRUE,Title,Default Title,,,,,,,,2602 Porcelain Sky -HTF,11000,shopify,0,deny,manual,7.41,,TRUE,TRUE,,,,,,https://cdn.shopify.com/s/files/1/0947/5545/5242/files/GIUP-2602.webp?v=1777733008,1,,FALSE,,,,kg,,,active
2602-porcelain-sky-htf,,,,,,,,,,,,,,,,,,,,,,,,,,,,,,,,https://cdn.shopify.com/s/files/1/0947/5545/5242/files/download_018bb038-c48a-415c-88e6-19c0edc2cdda.webp?v=1777738452,2,,,,,,,,,
n008-if-the-shoe-fits-htf,N008 If The Shoe Fits -HTF,"<p>Tutti i gel polish devono essere polimerizzati per almeno 60 secondi, poiché sono TPO-free.</p>",GEL.IT.UP Italy,,,Gel Polish,TRUE,Title,Default Title,,,,,,,,N008 If The Shoe Fits -HTF,11000,shopify,0,deny,manual,7.41,,TRUE,TRUE,,,,,,https://cdn.shopify.com/s/files/1/0947/5545/5242/files/GIUP-N008.webp?v=1777733008,1,,FALSE,,,,kg,,,active
n008-if-the-shoe-fits-htf,,,,,,,,,,,,,,,,,,,,,,,,,,,,,,,,https://cdn.shopify.com/s/files/1/0947/5545/5242/files/download_4a98a4cb-e500-495a-a2a0-1f225c6dc349.webp?v=1777738452,2,,,,,,,,,
1900-moon-mist-htf,1900 Moon Mist -HTF,"<p>Tutti i gel polish devono essere polimerizzati per almeno 60 secondi, poiché sono TPO-free.</p>",GEL.IT.UP Italy,,,"Solid Gel Colours, Yellow, Gel Polish",TRUE,Title,Default Title,Yellow,,,,,,,1900 Moon Mist -HTF,11000,shopify,0,deny,manual,7.41,,TRUE,TRUE,,,,,,https://cdn.shopify.com/s/files/1/0947/5545/5242/files/GIUP-1900.webp?v=1777733003,1,,FALSE,,,,kg,,,active
1900-moon-mist-htf,,,,,,"Solid Gel Colours, Yellow, Gel Polish",,,,Yellow,,,,,,,,,,,,,,,,,,,,,,https://cdn.shopify.com/s/files/1/0947/5545/5242/files/download_f516ad4f-b2ed-4fa4-b263-d1640e58c3ff.webp?v=1777738444,2,,,,,,,,,
59-try-everything-once-htf,59 Try Everything Once -HTF,"<p>Tutti i gel polish devono essere polimerizzati per almeno 60 secondi, poiché sono TPO-free.</p>",GEL.IT.UP Italy,,,"Solid Gel Colours, Red, Gel Polish",TRUE,Title,Default Title,Red,,,,,,,59 Try Everything Once -HTF,11000,shopify,0,deny,manual,7.41,,TRUE,TRUE,,,,,,https://cdn.shopify.com/s/files/1/0947/5545/5242/files/GIUP-59.webp?v=1777732998,1,,FALSE,,,,kg,,,active
2459-lipstick-htf,2459 Lipstick -HTF,"<p>Tutti i gel polish devono essere polimerizzati per almeno 60 secondi, poiché sono TPO-free.</p>",GEL.IT.UP Italy,,,"Solid Gel Colours, Red, Gel Polish",TRUE,Title,Default Title,Red,,,,,,,2459 Lipstick -HTF,11000,shopify,0,deny,manual,7.41,,TRUE,TRUE,,,,,,https://cdn.shopify.com/s/files/1/0947/5545/5242/files/GIUP-59.webp?v=1777732998,1,,FALSE,,,,kg,,,active
2459-lipstick-htf,,,,,,"Solid Gel Colours, Red, Gel Polish",,,,Red,,,,,,,,,,,,,,,,,,,,,,https://cdn.shopify.com/s/files/1/0947/5545/5242/files/download_e59b3b6e-b8ec-4dc6-9289-1448bca3fa87.webp?v=1777738437,2,,,,,,,,,
2427-chop-hop-htf,2427 Chop Hop -HTF,"<p>Tutti i gel polish devono essere polimerizzati per almeno 60 secondi, poiché sono TPO-free.</p>",GEL.IT.UP Italy,,,"Solid Gel Colours, Green, Gel Polish",TRUE,Title,Default Title,Green,,,,,,,2427 Chop Hop -HTF,11000,shopify,0,deny,manual,7.41,,TRUE,TRUE,,,,,,https://cdn.shopify.com/s/files/1/0947/5545/5242/files/GIUP-2427.webp?v=1777732996,1,,FALSE,,,,kg,,,active
2427-chop-hop-htf,,,,,,"Solid Gel Colours, Green, Gel Polish",,,,Green,,,,,,,,,,,,,,,,,,,,,,https://cdn.shopify.com/s/files/1/0947/5545/5242/files/download_a91a817a-5203-4b2e-a5cd-f07fb93fa9de.webp?v=1777738437,2,,,,,,,,,
shimmer-collection-sh09-htf,Shimmer Collection #SH09 -HTF,"<p>Tutti i gel polish devono essere polimerizzati per almeno 60 secondi, poiché sono TPO-free.</p>",GEL.IT.UP Italy,,,Gel Polish,TRUE,Title,Default Title,,,,,,,,Shimmer Collection #SH09 -HTF,11000,shopify,0,deny,manual,8.9,,TRUE,TRUE,,,,,,https://cdn.shopify.com/s/files/1/0947/5545/5242/files/SH09.webp?v=1777732991,1,,FALSE,,,,kg,,,active
shimmer-collection-sh09-htf,,,,,,,,,,,,,,,,,,,,,,,,,,,,,,,,https://cdn.shopify.com/s/files/1/0947/5545/5242/files/download_59cfa50f-f20a-4cdf-92f4-98769c046458.webp?v=1777738430,2,,,,,,,,,
multimix-synthogel-60gr-glitter-nude-htf,MultiMix Synthogel 60gr Glitter Nude -HTF,"<p>Formula di alta qualità che unisce la resistenza dell’acrilico alla facilità del gel. Ideale per rinforzo dell’unghia naturale e ricostruzioni, non cola, è inodore e non brucia in lampada. Applicabile con Dual Form, Nail Forms o tecnica libera. 100% HEMA/TPO-free.</p>",GEL.IT.UP Italy,,,,TRUE,Title,Default Title,,,,,,,,MultiMix Synthogel 60gr Glitter Nude -HTF,60000,shopify,0,deny,manual,21.29,,TRUE,TRUE,,,,,,https://cdn.shopify.com/s/files/1/0947/5545/5242/files/multimix_glitters_nude.webp?v=1777732990,1,,FALSE,,,,kg,,,active
multimix-synthogel-60gr-glitter-nude-htf,,,,,,,,,,,,,,,,,,,,,,,,,,,,,,,,https://cdn.shopify.com/s/files/1/0947/5545/5242/files/download_318a14b5-ebf9-4aaa-acd3-7ec1db6ad000.webp?v=1777738430,2,,,,,,,,,
aurora-flakes-non-wipe-top-coat-15ml-htf,Aurora Flakes Non Wipe Top Coat 15ml -HTF,<p>Bellissimi glitter top coat per un finish finale luminoso e impeccabile.</p>,GEL.IT.UP Italy,,,,TRUE,Title,Default Title,,,,,,,,Aurora Flakes Non Wipe Top Coat 15ml -HTF,15000,shopify,0,deny,manual,11.54,,TRUE,TRUE,,,,,,https://cdn.shopify.com/s/files/1/0947/5545/5242/files/Aurora_Flakes_Non_Wipe_Top_Coat_15ml_-HTF.webp?v=1777732985,1,,FALSE,,,,kg,,,active
aurora-flakes-non-wipe-top-coat-15ml-htf,,,,,,,,,,,,,,,,,,,,,,,,,,,,,,,,https://cdn.shopify.com/s/files/1/0947/5545/5242/files/download_ebc0dbef-0640-44b9-ba17-0e3ddd89d2e5.webp?v=1777738423,2,,,,,,,,,
2303-blou-berg-strand-htf,2303 Blou Berg Strand -HTF,"<p>Tutti i gel polish devono essere polimerizzati per almeno 60 secondi, poiché sono TPO-free.</p>",GEL.IT.UP Italy,,,"Solid Gel Colours, Blue, Gel Polish",TRUE,Title,Default Title,Blue,,,,,,,2303 Blou Berg Strand -HTF,11000,shopify,0,deny,manual,7.41,,TRUE,TRUE,,,,,,https://cdn.shopify.com/s/files/1/0947/5545/5242/files/GIUP-2303.webp?v=1777732984,1,,FALSE,,,,kg,,,active
2303-blou-berg-strand-htf,,,,,,"Solid Gel Colours, Blue, Gel Polish",,,,Blue,,,,,,,,,,,,,,,,,,,,,,https://cdn.shopify.com/s/files/1/0947/5545/5242/files/download_8b6b67ec-1756-4b98-8ecc-1ac906394940.webp?v=1777738422,2,,,,,,,,,
2407-iceberg-htf,2407 Iceberg -HTF,"<p>Tutti i gel polish devono essere polimerizzati per almeno 60 secondi, poiché sono TPO-free.</p>",GEL.IT.UP Italy,Uncategorized,,Gel Polish,TRUE,Title,Default Title,,,,,,,,2407 Iceberg -HTF,11000,shopify,0,deny,manual,7.41,,TRUE,TRUE,,,,,,https://cdn.shopify.com/s/files/1/0947/5545/5242/files/GIUP-2407.webp?v=1777821150,1,,FALSE,,,,kg,,,active
2023-picknickers-htf,2023 PickNickers -HTF,"<p>Tutti i gel polish devono essere polimerizzati per almeno 60 secondi, poiché sono TPO-free.</p>",GEL.IT.UP Italy,,,"Solid Gel Colours, Yellow, Gel Polish",TRUE,Title,Default Title,Yellow,,,,,,,2023 PickNickers -HTF,11000,shopify,0,deny,manual,7.41,,TRUE,TRUE,,,,,,https://cdn.shopify.com/s/files/1/0947/5545/5242/files/GIUP-2023.webp?v=1777732978,1,,FALSE,,,,kg,,,active
2023-picknickers-htf,,,,,,"Solid Gel Colours, Yellow, Gel Polish",,,,Yellow,,,,,,,,,,,,,,,,,,,,,,https://cdn.shopify.com/s/files/1/0947/5545/5242/files/download_a85bdc8a-4ed6-4860-8039-128d5e716ba0.webp?v=1777738414,2,,,,,,,,,
premium-builder-gel-blush-40gr-htf,Premium Builder Gel Blush 40gr -HTF,"<p>GEL.IT.UP 3-in-1 Premium è un builder gel monofasico con fibre di vetro, studiato per offrire massima resistenza strutturale e lunga durata. Ideale per il rinforzo dell’unghia naturale e per ricostruzioni. Si applica con precisione, non cola e non ingiallisce nel tempo. Non richiede base coat prima dell’applicazione. Perfetto per nail technician che cercano struttura prevedibile, controllo dell’adesione e performance professionale. Benefici principali: rinforzo con fibre di vetro, sistema monofasico, comfort cool-cure e formula 100% HEMA/TPO-free. Applicazione: applicare direttamente sull’unghia preparata, modellare la struttura desiderata e polimerizzare per almeno 60 secondi.</p>",GEL.IT.UP Italy,Animals & Pet Supplies > Pet Supplies,,,TRUE,Title,Default Title,,,,,,,,Premium Builder Gel Blush 40gr -HTF,40000,shopify,0,deny,manual,24.45,,TRUE,TRUE,,,,,,https://cdn.shopify.com/s/files/1/0947/5545/5242/files/3-in-1-premium-builder_gel_blush.webp?v=1777732973,1,,FALSE,,,,kg,,,active
premium-builder-gel-blush-40gr-htf,,,,,,,,,,,,,,,,,,,,,,,,,,,,,,,,https://cdn.shopify.com/s/files/1/0947/5545/5242/files/download_ec99632b-dae1-4c83-b9e9-9f373d9e0336.webp?v=1777738406,2,,,,,,,,,
gel-it-up-1-r33-11ml-htf,GEL.IT.UP 1 R33 11ml -HTF,"<p>Tutti i gel polish devono essere polimerizzati per almeno 60 secondi, poiché sono TPO-free.</p>",GEL.IT.UP Italy,,,Gel Polish,TRUE,Title,Default Title,,,,,,,,GEL.IT.UP 1 R33 11ml -HTF,11000,shopify,0,deny,manual,8.97,,TRUE,TRUE,,,,,,https://cdn.shopify.com/s/files/1/0947/5545/5242/files/GIUP-R033.webp?v=1777732973,1,,FALSE,,,,kg,,,active
gel-it-up-1-r33-11ml-htf,,,,,,,,,,,,,,,,,,,,,,,,,,,,,,,,https://cdn.shopify.com/s/files/1/0947/5545/5242/files/download_b9e0187a-705b-4572-9411-e680dbad6820.webp?v=1777738406,2,,,,,,,,,
gel-it-up-foot-cream-100ml-calm-frost-new,GEL IT UP FOOT CREAM 100ml CALM FROST NEW,"<p>Con Aloe biologica e un cocktail unico di ingredienti attivi, profuma e idrata la pelle. Si assorbe rapidamente e non lascia residui grassi. Ingredienti: Aloe Vera biologica, Acido Ialuronico, Pantenolo.</p>",GEL.IT.UP Italy,,,,TRUE,Title,Default Title,,,,,,,,GEL IT UP FOOT CREAM 100ml CALM FROST NEW,100000,shopify,0,deny,manual,5.16,,TRUE,TRUE,,,,,,https://cdn.shopify.com/s/files/1/0947/5545/5242/files/GEL_IT_UP_FOOT_CREAM_100ml_CALM_FROST_NEW.webp?v=1777732967,1,,FALSE,,,,kg,,,active
gel-it-up-foot-cream-100ml-calm-frost-new,,,,,,,,,,,,,,,,,,,,,,,,,,,,,,,,https://cdn.shopify.com/s/files/1/0947/5545/5242/files/download_ce9b8a42-58f5-4412-a49d-b5a5cadd3393.webp?v=1777738400,2,,,,,,,,,
2113p-flash-berry-htf,2113P Flash-Berry -HTF,"<p>Tutti i gel polish devono essere polimerizzati per almeno 60 secondi, poiché sono TPO-free.</p>",GEL.IT.UP Italy,,,Gel Polish,TRUE,Title,Default Title,,,,,,,,2113P Flash-Berry -HTF,11000,shopify,0,deny,manual,7.36,,TRUE,TRUE,,,,,,https://cdn.shopify.com/s/files/1/0947/5545/5242/files/GIUP-2113P.webp?v=1777732967,1,,FALSE,,,,kg,,,active
2113p-flash-berry-htf,,,,,,,,,,,,,,,,,,,,,,,,,,,,,,,,https://cdn.shopify.com/s/files/1/0947/5545/5242/files/download_539b74b7-8dd3-4202-b0e6-5c90b1994d3e.webp?v=1777738400,2,,,,,,,,,
2403-flowergirl-htf,2403 Flowergirl -HTF,"<p>Tutti i gel polish devono essere polimerizzati per almeno 60 secondi, poiché sono TPO-free.</p>",GEL.IT.UP Italy,Uncategorized,,Gel Polish,TRUE,Title,Default Title,,,,,,,,2403 Flowergirl -HTF,11000,shopify,0,deny,manual,7.41,,TRUE,TRUE,,,,,,https://cdn.shopify.com/s/files/1/0947/5545/5242/files/GIUP-2403.webp?v=1777821050,1,,FALSE,,,,kg,,,active
2047-delphi-grove-htf,2047 Delphi Grove -HTF,"<p>Tutti i gel polish devono essere polimerizzati per almeno 60 secondi, poiché sono TPO-free.</p>",GEL.IT.UP Italy,,,"Solid Gel Colours, Green, Gel Polish",TRUE,Title,Default Title,Green,,,,,,,2047 Delphi Grove -HTF,11000,shopify,0,deny,manual,7.41,,TRUE,TRUE,,,,,,https://cdn.shopify.com/s/files/1/0947/5545/5242/files/GIUP-2047.webp?v=1777732960,1,,FALSE,,,,kg,,,active
2113a-sparkled-wishes-htf,2113A Sparkled Wishes -HTF,"<p>Tutti i gel polish devono essere polimerizzati per almeno 60 secondi, poiché sono TPO-free.</p>",GEL.IT.UP Italy,,,Gel Polish,TRUE,Title,Default Title,,,,,,,,2113A Sparkled Wishes -HTF,11000,shopify,0,deny,manual,7.36,,TRUE,TRUE,,,,,,https://cdn.shopify.com/s/files/1/0947/5545/5242/files/GIUP-2113A.webp?v=1777732955,1,,FALSE,,,,kg,,,active
2512-ember-rose-htf,2512 Ember Rose -HTF,"<p>Tutti i gel polish devono essere polimerizzati per almeno 60 secondi, poiché sono TPO-free.</p>",GEL.IT.UP Italy,,,"Solid Gel Colours, Pink, Gel Polish",TRUE,Title,Default Title,Pink,,,,,,,2512 Ember Rose -HTF,11000,shopify,0,deny,manual,7.41,,TRUE,TRUE,,,,,,https://cdn.shopify.com/s/files/1/0947/5545/5242/files/GIUP-2512.webp?v=1777732953,1,,FALSE,,,,kg,,,active
mt01-spot-my-top-htf,MT01 Spot my top -HTF,,GEL.IT.UP Italy,,,,TRUE,Title,Default Title,,,,,,,,MT01 Spot my top -HTF,11000,shopify,0,deny,manual,8.97,,TRUE,TRUE,,,,,,https://cdn.shopify.com/s/files/1/0947/5545/5242/files/MT01_Spot_my_top_-HTF.webp?v=1777732949,1,,FALSE,,,,kg,,,active
line-it-up-pink-htf,LINE IT UP PINK -HTF,"<p>Tutti i gel polish devono essere polimerizzati per almeno 60 secondi, poiché sono TPO-free.</p>",GEL.IT.UP Italy,,,Gel Polish,TRUE,Title,Default Title,,,,,,,,LINE IT UP PINK -HTF,11000,shopify,0,deny,manual,5.48,,TRUE,TRUE,,,,,,https://cdn.shopify.com/s/files/1/0947/5545/5242/files/line-it-UP__0009_Pink.webp?v=1777732947,1,,FALSE,,,,kg,,,active
702-sea-breeze-htf,702 Sea Breeze -HTF,"<p>Tutti i gel polish devono essere polimerizzati per almeno 60 secondi, poiché sono TPO-free.</p>",GEL.IT.UP Italy,,,"Solid Gel Colours, Blue, Gel Polish",TRUE,Title,Default Title,Blue,,,,,,,702 Sea Breeze -HTF,11000,shopify,0,deny,manual,7.41,,TRUE,TRUE,,,,,,https://cdn.shopify.com/s/files/1/0947/5545/5242/files/GIUP-702.webp?v=1777732943,1,,FALSE,,,,kg,,,active
701-portside-htf,701 Portside -HTF,"<p>Tutti i gel polish devono essere polimerizzati per almeno 60 secondi, poiché sono TPO-free.</p>",GEL.IT.UP Italy,,,"Solid Gel Colours, Blue, Gel Polish",TRUE,Title,Default Title,Blue,,,,,,,701 Portside -HTF,11000,shopify,0,deny,manual,7.41,,TRUE,TRUE,,,,,,https://cdn.shopify.com/s/files/1/0947/5545/5242/files/GIUP-701.webp?v=1777732941,1,,FALSE,,,,kg,,,active
multimix-synthogel-60gr-white-htf,MultiMix Synthogel 60gr White -HTF,"<p>Formula di alta qualità che unisce la resistenza dell’acrilico alla facilità del gel. Ideale per rinforzo dell’unghia naturale e ricostruzioni, non cola, è inodore e non brucia in lampada. Applicabile con Dual Form, Nail Forms o tecnica libera. 100% HEMA/TPO-free.</p>",GEL.IT.UP Italy,,,,TRUE,Title,Default Title,,,,,,,,MultiMix Synthogel 60gr White -HTF,60000,shopify,0,deny,manual,21.29,,TRUE,TRUE,,,,,,https://cdn.shopify.com/s/files/1/0947/5545/5242/files/multimix_white_color.webp?v=1777732936,1,,FALSE,,,,kg,,,active
line-it-up-gold-htf,LINE IT UP GOLD -HTF,"<p>Tutti i gel polish devono essere polimerizzati per almeno 60 secondi, poiché sono TPO-free.</p>",GEL.IT.UP Italy,,,Gel Polish,TRUE,Title,Default Title,,,,,,,,LINE IT UP GOLD -HTF,11000,shopify,0,deny,manual,5.48,,TRUE,TRUE,,,,,,https://cdn.shopify.com/s/files/1/0947/5545/5242/files/line-it-UP__0016_gold.webp?v=1777732937,1,,FALSE,,,,kg,,,active
143-cinna-bum-htf,143 Cinna-Bum -HTF,"<p>Tutti i gel polish devono essere polimerizzati per almeno 60 secondi, poiché sono TPO-free.</p>",GEL.IT.UP Italy,,,"Solid Gel Colours, Brown, Gel Polish",TRUE,Title,Default Title,Brown,,,,,,,143 Cinna-Bum -HTF,11000,shopify,0,deny,manual,7.41,,TRUE,TRUE,,,,,,https://cdn.shopify.com/s/files/1/0947/5545/5242/files/GIUP-143.webp?v=1777732930,1,,FALSE,,,,kg,,,active
2523-ruby-noir-htf,2523 Ruby Noir -HTF,"<p>Tutti i gel polish devono essere polimerizzati per almeno 60 secondi, poiché sono TPO-free.</p>",GEL.IT.UP Italy,,,"Solid Gel Colours, Red, Gel Polish",TRUE,Title,Default Title,Red,,,,,,,2523 Ruby Noir -HTF,11000,shopify,0,deny,manual,7.41,,TRUE,TRUE,,,,,,https://cdn.shopify.com/s/files/1/0947/5545/5242/files/GIUP-2523.webp?v=1777732930,1,,FALSE,,,,kg,,,active
gel-it-up-1-r11-11ml-htf,GEL.IT.UP 1 R11 11ml -HTF,"<p>Tutti i gel polish devono essere polimerizzati per almeno 60 secondi, poiché sono TPO-free.</p>",GEL.IT.UP Italy,,,Gel Polish,TRUE,Title,Default Title,,,,,,,,GEL.IT.UP 1 R11 11ml -HTF,11000,shopify,0,deny,manual,8.97,,TRUE,TRUE,,,,,,https://cdn.shopify.com/s/files/1/0947/5545/5242/files/GIUP-R011.webp?v=1777732924,1,,FALSE,,,,kg,,,active
2113r-midnight-hera-htf,2113R Midnight Hera -HTF,"<p>Tutti i gel polish devono essere polimerizzati per almeno 60 secondi, poiché sono TPO-free.</p>",GEL.IT.UP Italy,,,Gel Polish,TRUE,Title,Default Title,,,,,,,,2113R Midnight Hera -HTF,11000,shopify,0,deny,manual,7.36,,TRUE,TRUE,,,,,,https://cdn.shopify.com/s/files/1/0947/5545/5242/files/GIUP-2113R.webp?v=1777732924,1,,FALSE,,,,kg,,,active
2030-under-the-boardwalk-htf,2030 Under The Boardwalk -HTF,"<p>Tutti i gel polish devono essere polimerizzati per almeno 60 secondi, poiché sono TPO-free.</p>",GEL.IT.UP Italy,,,Gel Polish,TRUE,Title,Default Title,,,,,,,,2030 Under The Boardwalk -HTF,11000,shopify,0,deny,manual,7.41,,TRUE,TRUE,,,,,,https://cdn.shopify.com/s/files/1/0947/5545/5242/files/GIUP-2030.webp?v=1777732917,1,,FALSE,,,,kg,,,active
2603-butter-air-htf,2603 Butter Air -HTF,"<p>Tutti i gel polish devono essere polimerizzati per almeno 60 secondi, poiché sono TPO-free.</p>",GEL.IT.UP Italy,,,Gel Polish,TRUE,Title,Default Title,,,,,,,,2603 Butter Air -HTF,11000,shopify,0,deny,manual,7.41,,TRUE,TRUE,,,,,,https://cdn.shopify.com/s/files/1/0947/5545/5242/files/GIUP-2603.webp?v=1777732917,1,,FALSE,,,,kg,,,active
114-carnations-kiss-htf,114 Carnations Kiss -HTF,"<p>Tutti i gel polish devono essere polimerizzati per almeno 60 secondi, poiché sono TPO-free.</p>",GEL.IT.UP Italy,,,"Solid Gel Colours, Pink, Gel Polish",TRUE,Title,Default Title,Pink,,,,,,,114 Carnations Kiss -HTF,11000,shopify,0,deny,manual,7.41,,TRUE,TRUE,,,,,,https://cdn.shopify.com/s/files/1/0947/5545/5242/files/GIUP-114.webp?v=1777732911,1,,FALSE,,,,kg,,,active
line-it-up-silver-htf,LINE IT UP SILVER -HTF,"<p>Tutti i gel polish devono essere polimerizzati per almeno 60 secondi, poiché sono TPO-free.</p>",GEL.IT.UP Italy,,,Gel Polish,TRUE,Title,Default Title,,,,,,,,LINE IT UP SILVER -HTF,11000,shopify,0,deny,manual,5.48,,TRUE,TRUE,,,,,,https://cdn.shopify.com/s/files/1/0947/5545/5242/files/line-it-UP__0004_Silver.webp?v=1777732911,1,,FALSE,,,,kg,,,active
53-cabernet-htf,53 Cabernet -HTF,"<p>Tutti i gel polish devono essere polimerizzati per almeno 60 secondi, poiché sono TPO-free.</p>",GEL.IT.UP Italy,,,"Solid Gel Colours, Red, Gel Polish",TRUE,Title,Default Title,Red,,,,,,,53 Cabernet -HTF,11000,shopify,0,deny,manual,7.41,,TRUE,TRUE,,,,,,https://cdn.shopify.com/s/files/1/0947/5545/5242/files/GIUP-53.webp?v=1777732906,1,,FALSE,,,,kg,,,active
253-panthera-htf,253 Panthera -HTF,"<p>Tutti i gel polish devono essere polimerizzati per almeno 60 secondi, poiché sono TPO-free.</p>",GEL.IT.UP Italy,,,Gel Polish,TRUE,Title,Default Title,,,,,,,,253 Panthera -HTF,11000,shopify,0,deny,manual,9.67,,TRUE,TRUE,,,,,,https://cdn.shopify.com/s/files/1/0947/5545/5242/files/GIUP-53.webp?v=1777732906,1,,FALSE,,,,kg,,,active
brush-on-builder-gel-salmon-glitter-15ml-htf,Brush on Builder Gel Salmon Glitter 15ml -HTF,"<p>Brush On Builder è un BIAB autolivellante in flacone, ideale per rinforzare, modellare e perfezionare l’unghia naturale. Adatto anche per piccoli allungamenti fino a 3 mm.</p>",GEL.IT.UP Italy,,,,TRUE,Title,Default Title,,,,,,,,Brush on Builder Gel Salmon Glitter 15ml -HTF,15000,shopify,0,deny,manual,11.94,,TRUE,TRUE,,,,,,https://cdn.shopify.com/s/files/1/0947/5545/5242/files/GIUP-BOBGLSLM.webp?v=1777732903,1,,FALSE,,,,kg,,,active
118-midnight-royale-htf,118 Midnight Royale -HTF,"<p>Tutti i gel polish devono essere polimerizzati per almeno 60 secondi, poiché sono TPO-free.</p>",GEL.IT.UP Italy,,,"Solid Gel Colours, Pink, Gel Polish",TRUE,Title,Default Title,Pink,,,,,,,118 Midnight Royale -HTF,11000,shopify,0,deny,manual,7.41,,TRUE,TRUE,,,,,,https://cdn.shopify.com/s/files/1/0947/5545/5242/files/GIUP-118.webp?v=1777732900,1,,FALSE,,,,kg,,,active
2039-coral-reef-htf,2039 Coral Reef -HTF,"<p>Tutti i gel polish devono essere polimerizzati per almeno 60 secondi, poiché sono TPO-free.</p>",GEL.IT.UP Italy,,,"Solid Gel Colours, Coral Orange, Gel Polish",TRUE,Title,Default Title,Coral Orange,,,,,,,2039 Coral Reef -HTF,11000,shopify,0,deny,manual,7.41,,TRUE,TRUE,,,,,,https://cdn.shopify.com/s/files/1/0947/5545/5242/files/GIUP-2039.webp?v=1777732896,1,,FALSE,,,,kg,,,active
2615-sky-cream-htf,2615 Sky Cream -HTF,"<p>Tutti i gel polish devono essere polimerizzati per almeno 60 secondi, poiché sono TPO-free.</p>",GEL.IT.UP Italy,,,"Solid Gel Colours, Blue, Gel Polish",TRUE,Title,Default Title,Blue,,,,,,,2615 Sky Cream -HTF,11000,shopify,0,deny,manual,7.41,,TRUE,TRUE,,,,,,https://cdn.shopify.com/s/files/1/0947/5545/5242/files/GIUP-2615.webp?v=1777732895,1,,FALSE,,,,kg,,,active
148-cherrywood-htf,148 Cherrywood -HTF,"<p>Tutti i gel polish devono essere polimerizzati per almeno 60 secondi, poiché sono TPO-free.</p>",GEL.IT.UP Italy,,,"Solid Gel Colours, Brown, Gel Polish",TRUE,Title,Default Title,Brown,,,,,,,148 Cherrywood -HTF,11000,shopify,0,deny,manual,7.41,,TRUE,TRUE,,,,,,https://cdn.shopify.com/s/files/1/0947/5545/5242/files/GIUP-148.webp?v=1777732890,1,,FALSE,,,,kg,,,active
1940-delight-me-htf,1940 Delight Me -HTF,"<p>Tutti i gel polish devono essere polimerizzati per almeno 60 secondi, poiché sono TPO-free.</p>",GEL.IT.UP Italy,,,"Solid Gel Colours, Pink, Gel Polish",TRUE,Title,Default Title,Pink,,,,,,,1940 Delight Me -HTF,11000,shopify,0,deny,manual,7.41,,TRUE,TRUE,,,,,,https://cdn.shopify.com/s/files/1/0947/5545/5242/files/GIUP-1940.webp?v=1777732890,1,,FALSE,,,,kg,,,active
1817-wink-wink-htf,1817 Wink Wink -HTF,"<p>Tutti i gel polish devono essere polimerizzati per almeno 60 secondi, poiché sono TPO-free.</p>",GEL.IT.UP Italy,,,Gel Polish,TRUE,Title,Default Title,,,,,,,,1817 Wink Wink -HTF,11000,shopify,0,deny,manual,7.41,,TRUE,TRUE,,,,,,https://cdn.shopify.com/s/files/1/0947/5545/5242/files/GIUP-1817.webp?v=1777732885,1,,FALSE,,,,kg,,,active
2505-matchy-matchy-htf,2505 Matchy Matchy -HTF,"<p>Tutti i gel polish devono essere polimerizzati per almeno 60 secondi, poiché sono TPO-free.</p>",GEL.IT.UP Italy,,,Gel Polish,TRUE,Title,Default Title,,,,,,,,2505 Matchy Matchy -HTF,11000,shopify,0,deny,manual,7.41,,TRUE,TRUE,,,,,,https://cdn.shopify.com/s/files/1/0947/5545/5242/files/GIUP-2505.webp?v=1777732882,1,,FALSE,,,,kg,,,active
sapphire-cat-eye-sce01-htf,Sapphire Cat Eye #SCE01 -HTF,"<p>Tutti i gel polish devono essere polimerizzati per almeno 60 secondi, poiché sono TPO-free.</p>",GEL.IT.UP Italy,,,Gel Polish,TRUE,Title,Default Title,,,,,,,,Sapphire Cat Eye #SCE01 -HTF,11000,shopify,0,deny,manual,10.8,,TRUE,TRUE,,,,,,https://cdn.shopify.com/s/files/1/0947/5545/5242/files/SCE01.webp?v=1777732878,1,,FALSE,,,,kg,,,active
2203-pinchy-orange-htf,2203 Pinchy Orange -HTF,"<p>Tutti i gel polish devono essere polimerizzati per almeno 60 secondi, poiché sono TPO-free.</p>",GEL.IT.UP Italy,,,"Solid Gel Colours, Coral Orange, Gel Polish",TRUE,Title,Default Title,Coral Orange,,,,,,,2203 Pinchy Orange -HTF,11000,shopify,0,deny,manual,7.41,,TRUE,TRUE,,,,,,https://cdn.shopify.com/s/files/1/0947/5545/5242/files/GIUP-2203.webp?v=1777732876,1,,FALSE,,,,kg,,,active
fan01-htf,FAN01 -HTF,"<p>Tutti i gel polish devono essere polimerizzati per almeno 60 secondi, poiché sono TPO-free.</p>",GEL.IT.UP Italy,Animals & Pet Supplies > Pet Supplies > Bird Supplies > Bird Cage Accessories,,Gel Polish,TRUE,Title,Default Title,,,,,,,,FAN01 -HTF,11000,shopify,0,deny,manual,9.67,,TRUE,TRUE,,,,,,https://cdn.shopify.com/s/files/1/0947/5545/5242/files/FAN01_-HTF.webp?v=1777732871,1,,FALSE,,,,kg,,,active
soak-off-gel-tips-long-coffin,SOAK OFF GEL TIPS LONG COFFIN,,GEL.IT.UP Italy,,,,TRUE,Title,Default Title,,,,,,,,SOAK OFF GEL TIPS LONG COFFIN,0,shopify,0,deny,manual,8.97,,TRUE,TRUE,,,,,,https://cdn.shopify.com/s/files/1/0947/5545/5242/files/Soak_off_gel_tips_LONG_COFFIN.webp?v=1777732870,1,,FALSE,,,,kg,,,active
flexi-soak-off-nail-tips-long-almond-2025,FLEXI Soak Off Nail Tips Long Almond -2025,,GEL.IT.UP Italy,,,,TRUE,Title,Default Title,,,,,,,,FLEXI Soak Off Nail Tips Long Almond -2025,0,shopify,0,deny,manual,6,,TRUE,TRUE,,,,,,https://cdn.shopify.com/s/files/1/0947/5545/5242/files/FLEXI_LONG_ALMOND.webp?v=1777732865,1,,FALSE,,,,kg,,,active
tuttie-fruity-glass-tfg06-htf,Tuttie Fruity Glass #TFG06 -HTF,"<p>Tutti i gel polish devono essere polimerizzati per almeno 60 secondi, poiché sono TPO-free.</p>",GEL.IT.UP Italy,,,Gel Polish,TRUE,Title,Default Title,,,,,,,,Tuttie Fruity Glass #TFG06 -HTF,11000,shopify,0,deny,manual,7.41,,TRUE,TRUE,,,,,,https://cdn.shopify.com/s/files/1/0947/5545/5242/files/TFG06.webp?v=1777732864,1,,FALSE,,,,kg,,,active
2506-lemony-lime-htf,2506 Lemony Lime -HTF,"<p>Tutti i gel polish devono essere polimerizzati per almeno 60 secondi, poiché sono TPO-free.</p>",GEL.IT.UP Italy,,,Gel Polish,TRUE,Title,Default Title,,,,,,,,2506 Lemony Lime -HTF,11000,shopify,0,deny,manual,7.41,,TRUE,TRUE,,,,,,https://cdn.shopify.com/s/files/1/0947/5545/5242/files/GIUP-2506.webp?v=1777732858,1,,FALSE,,,,kg,,,active
5-in-1-superior-base-15ml-baby-pink-htf,5-in-1 Superior Base 15ml Baby Pink -HTF,"<p>La GEL.IT.UP 5-in-1 Base Coat è una base multifunzione che offre cinque utilizzi in un unico flacone: base per gel polish semipermanente, rinforzo per unghie sottili e fragili, gel modellante per piccole correzioni, base adesiva per strass e decorazioni 3D, e gel per piccoli allungamenti e rinforzo dell’unghia naturale.</p>",GEL.IT.UP Italy,,,,TRUE,Title,Default Title,,,,,,,,5-in-1 Superior Base 15ml Baby Pink -HTF,15000,shopify,0,deny,manual,12.84,,TRUE,TRUE,,,,,,https://cdn.shopify.com/s/files/1/0947/5545/5242/files/5-in-1_Superior_Base_15ml_Baby_Pink_-HTF.webp?v=1777732853,1,,FALSE,,,,kg,,,active
glass-cat-eye-gce01-htf,Glass Cat Eye #GCE01 -HTF,"<p>Tutti i gel polish devono essere polimerizzati per almeno 60 secondi, poiché sono TPO-free.</p>",GEL.IT.UP Italy,,,Gel Polish,TRUE,Title,Default Title,,,,,,,,Glass Cat Eye #GCE01 -HTF,11000,shopify,0,deny,manual,8.32,,TRUE,TRUE,,,,,,https://cdn.shopify.com/s/files/1/0947/5545/5242/files/Glass_Cat_Eye_GCE01_-HTF.webp?v=1777732852,1,,FALSE,,,,kg,,,active
velvet-cat-eye-vce02-htf,Velvet Cat Eye #VCE02 -HTF,"<p>Tutti i gel polish devono essere polimerizzati per almeno 60 secondi, poiché sono TPO-free.</p>",GEL.IT.UP Italy,,,Gel Polish,TRUE,Title,Default Title,,,,,,,,Velvet Cat Eye #VCE02 -HTF,11000,shopify,0,deny,manual,9.03,,TRUE,TRUE,,,,,,https://cdn.shopify.com/s/files/1/0947/5545/5242/files/Velvet_Cat_Eye_VCE02_-HTF.webp?v=1777732846,1,,FALSE,,,,kg,,,active
02-cotton-candy-htf,02 Cotton Candy -HTF,"<p>Tutti i gel polish devono essere polimerizzati per almeno 60 secondi, poiché sono TPO-free.</p>",GEL.IT.UP Italy,Uncategorized,,Gel Polish,TRUE,Title,Default Title,,,,,,,,02 Cotton Candy -HTF,11000,shopify,0,deny,manual,7.41,,TRUE,TRUE,,,,,,https://cdn.shopify.com/s/files/1/0947/5545/5242/files/GIUP-02.webp?v=1777815463,1,,FALSE,,,,kg,,,active
1815-what-a-slate-htf,1815 What a Slate -HTF,"<p>Tutti i gel polish devono essere polimerizzati per almeno 60 secondi, poiché sono TPO-free.</p>",GEL.IT.UP Italy,,,"Solid Gel Colours, Blue, Gel Polish",TRUE,Title,Default Title,Blue,,,,,,,1815 What a Slate -HTF,11000,shopify,0,deny,manual,7.41,,TRUE,TRUE,,,,,,https://cdn.shopify.com/s/files/1/0947/5545/5242/files/GIUP-1815.webp?v=1777732844,1,,FALSE,,,,kg,,,active
pma-2-cosmic-confection-htf,PMA #2 Cosmic Confection -HTF,"<p>Tutti i gel polish devono essere polimerizzati per almeno 60 secondi, poiché sono TPO-free.</p>",GEL.IT.UP Italy,,,Gel Polish,TRUE,Title,Default Title,,,,,,,,PMA #2 Cosmic Confection -HTF,11000,shopify,0,deny,manual,7.41,,TRUE,TRUE,,,,,,https://cdn.shopify.com/s/files/1/0947/5545/5242/files/PMA_2_Cosmic_Confection_-HTF.webp?v=1777732839,1,,FALSE,,,,kg,,,active
metallic-collection-mc4-htf,Metallic Collection #MC4 -HTF,"<p>Tutti i gel polish devono essere polimerizzati per almeno 60 secondi, poiché sono TPO-free.</p>",GEL.IT.UP Italy,,,Gel Polish,TRUE,Title,Default Title,,,,,,,,Metallic Collection #MC4 -HTF,11000,shopify,0,deny,manual,8.32,,TRUE,TRUE,,,,,,https://cdn.shopify.com/s/files/1/0947/5545/5242/files/MC4.webp?v=1777732840,1,,FALSE,,,,kg,,,active
wipe-off-top-coat-15-ml,Wipe Off Top Coat 15 ml,,GEL.IT.UP Italy,,,,TRUE,Title,Default Title,,,,,,,,Wipe Off Top Coat 15 ml,15000,shopify,0,deny,manual,9.24,,TRUE,TRUE,,,,,,https://cdn.shopify.com/s/files/1/0947/5545/5242/files/Wipe_Off_Top_Coat_15_ml_-_HTF.webp?v=1777732832,1,,FALSE,,,,kg,,,active
206-baha-mar-htf,206 Baha-Mar -HTF,"<p>Tutti i gel polish devono essere polimerizzati per almeno 60 secondi, poiché sono TPO-free.</p>",GEL.IT.UP Italy,,,Gel Polish,TRUE,Title,Default Title,,,,,,,,206 Baha-Mar -HTF,11000,shopify,0,deny,manual,7.41,,TRUE,TRUE,,,,,,https://cdn.shopify.com/s/files/1/0947/5545/5242/files/GIUP-206.webp?v=1777732828,1,,FALSE,,,,kg,,,active
2430-alexandrite-htf,2430 Alexandrite -HTF,"<p>Tutti i gel polish devono essere polimerizzati per almeno 60 secondi, poiché sono TPO-free.</p>",GEL.IT.UP Italy,,,Gel Polish,TRUE,Title,Default Title,,,,,,,,2430 Alexandrite -HTF,11000,shopify,0,deny,manual,7.41,,TRUE,TRUE,,,,,,https://cdn.shopify.com/s/files/1/0947/5545/5242/files/GIUP-2430.webp?v=1777732826,1,,FALSE,,,,kg,,,active
2220-fading-whiskey-hangover-htf,2220 Fading Whiskey Hangover -HTF,"<p>Tutti i gel polish devono essere polimerizzati per almeno 60 secondi, poiché sono TPO-free.</p>",GEL.IT.UP Italy,,,"Solid Gel Colours, Brown, Gel Polish",TRUE,Title,Default Title,Brown,,,,,,,2220 Fading Whiskey Hangover -HTF,11000,shopify,0,deny,manual,7.41,,TRUE,TRUE,,,,,,https://cdn.shopify.com/s/files/1/0947/5545/5242/files/GIUP-2220.webp?v=1777732822,1,,FALSE,,,,kg,,,active
velvet-cat-eye-vce08-htf,Velvet Cat Eye #VCE08 -HTF,"<p>Tutti i gel polish devono essere polimerizzati per almeno 60 secondi, poiché sono TPO-free.</p>",GEL.IT.UP Italy,,,Gel Polish,TRUE,Title,Default Title,,,,,,,,Velvet Cat Eye #VCE08 -HTF,11000,shopify,0,deny,manual,9.03,,TRUE,TRUE,,,,,,https://cdn.shopify.com/s/files/1/0947/5545/5242/files/download_343d27ed-deae-4025-ab43-3d560934ef83.webp?v=1777738218,1,,FALSE,,,,kg,,,active
08-ivory-htf,08 Ivory -HTF,"<p>Tutti i gel polish devono essere polimerizzati per almeno 60 secondi, poiché sono TPO-free.</p>",GEL.IT.UP Italy,Uncategorized,,Gel Polish,TRUE,Title,Default Title,,,,,,,,08 Ivory -HTF,11,shopify,0,deny,manual,7.41,,TRUE,TRUE,,,,,,https://cdn.shopify.com/s/files/1/0947/5545/5242/files/GIUP-08.webp?v=1777818736,1,,FALSE,,,,kg,,,active
2022-phiphi-island-htf,2022 PhiPhi Island -HTF,"<p>Tutti i gel polish devono essere polimerizzati per almeno 60 secondi, poiché sono TPO-free.</p>",GEL.IT.UP Italy,,,"Solid Gel Colours, Yellow, Gel Polish",TRUE,Title,Default Title,Yellow,,,,,,,2022 PhiPhi Island -HTF,11000,shopify,0,deny,manual,7.41,,TRUE,TRUE,,,,,,https://cdn.shopify.com/s/files/1/0947/5545/5242/files/GIUP-2022.webp?v=1777732812,1,,FALSE,,,,kg,,,active
1935-the-last-straw-htf,1935 The Last Straw -HTF,"<p>Tutti i gel polish devono essere polimerizzati per almeno 60 secondi, poiché sono TPO-free.</p>",GEL.IT.UP Italy,,,Gel Polish,TRUE,Title,Default Title,,,,,,,,1935 The Last Straw -HTF,11000,shopify,0,deny,manual,7.41,,TRUE,TRUE,,,,,,https://cdn.shopify.com/s/files/1/0947/5545/5242/files/GIUP-1935.webp?v=1777732813,1,,FALSE,,,,kg,,,active
2327-cherry-confetti-htf,2327 Cherry Confetti -HTF,"<p>Tutti i gel polish devono essere polimerizzati per almeno 60 secondi, poiché sono TPO-free.</p>",GEL.IT.UP Italy,,,Gel Polish,TRUE,Title,Default Title,,,,,,,,2327 Cherry Confetti -HTF,11000,shopify,0,deny,manual,7.41,,TRUE,TRUE,,,,,,https://cdn.shopify.com/s/files/1/0947/5545/5242/files/GIUP-2327.webp?v=1777732807,1,,FALSE,,,,kg,,,active
2216-search-party-htf,2216 Search Party -HTF,"<p>Tutti i gel polish devono essere polimerizzati per almeno 60 secondi, poiché sono TPO-free.</p>",GEL.IT.UP Italy,,,"Solid Gel Colours, Green, Gel Polish",TRUE,Title,Default Title,Green,,,,,,,2216 Search Party -HTF,11000,shopify,0,deny,manual,7.41,,TRUE,TRUE,,,,,,https://cdn.shopify.com/s/files/1/0947/5545/5242/files/GIUP-2216.webp?v=1777732801,1,,FALSE,,,,kg,,,active
2216-htf,2216 Search Party -HTF,"<p>Tutti i gel polish devono essere polimerizzati per almeno 60 secondi, poiché sono TPO-free.</p>",GEL.IT.UP Italy,Uncategorized,,Gel Polish,TRUE,Title,Default Title,,,,,,,,2216 -HTF,11000,shopify,0,deny,manual,7.41,,TRUE,TRUE,,,,,,https://cdn.shopify.com/s/files/1/0947/5545/5242/files/GIUP-2216.webp?v=1777732801,1,,FALSE,,,,kg,,,active
gel-it-up-1-r09-11ml-htf,GEL.IT.UP 1 R09 11ml -HTF,"<p>Tutti i gel polish devono essere polimerizzati per almeno 60 secondi, poiché sono TPO-free.</p>",GEL.IT.UP Italy,,,Gel Polish,TRUE,Title,Default Title,,,,,,,,GEL.IT.UP 1 R09 11ml -HTF,11000,shopify,0,deny,manual,8.97,,TRUE,TRUE,,,,,,https://cdn.shopify.com/s/files/1/0947/5545/5242/files/GIUP-R09.webp?v=1777732800,1,,FALSE,,,,kg,,,active
2524-stardust-ash-htf,2524 Stardust Ash -HTF,"<p>Tutti i gel polish devono essere polimerizzati per almeno 60 secondi, poiché sono TPO-free.</p>",GEL.IT.UP Italy,,,Gel Polish,TRUE,Title,Default Title,,,,,,,,2524 Stardust Ash -HTF,11000,shopify,0,deny,manual,7.41,,TRUE,TRUE,,,,,,https://cdn.shopify.com/s/files/1/0947/5545/5242/files/GIUP-2524.webp?v=1777732795,1,,FALSE,,,,kg,,,active
dt01-dandelion-diamond-top-11ml-htf,DT01 Dandelion Diamond Top 11ml -HTF,<p>La linea Diamond Top Coat è il trend del momento: unisce la brillantezza intensa di un top coat all’effetto sparkling unico dei flakes. Si applica sopra qualsiasi colore e non lascia strato di dispersione.</p>,GEL.IT.UP Italy,,,,TRUE,Title,Default Title,,,,,,,,DT01 Dandelion Diamond Top 11ml -HTF,11000,shopify,0,deny,manual,9.48,,TRUE,TRUE,,,,,,https://cdn.shopify.com/s/files/1/0947/5545/5242/files/DT01_Dandelion_Diamond_Top_11ml_-HTF.webp?v=1777732794,1,,FALSE,,,,kg,,,active
mt02-spot-my-top-htf,MT02 Spot my top -HTF,,GEL.IT.UP Italy,,,,TRUE,Title,Default Title,,,,,,,,MT02 Spot my top -HTF,11000,shopify,0,deny,manual,8.97,,TRUE,TRUE,,,,,,https://cdn.shopify.com/s/files/1/0947/5545/5242/files/MT02_Spot_my_top_-HTF.webp?v=1777732788,1,,FALSE,,,,kg,,,active
2028-below-sea-level-htf,2028 Below Sea Level -HTF,"<p>Tutti i gel polish devono essere polimerizzati per almeno 60 secondi, poiché sono TPO-free.</p>",GEL.IT.UP Italy,,,"Solid Gel Colours, Green, Gel Polish",TRUE,Title,Default Title,Green,,,,,,,2028 Below Sea Level -HTF,11000,shopify,0,deny,manual,7.41,,TRUE,TRUE,,,,,,https://cdn.shopify.com/s/files/1/0947/5545/5242/files/GIUP-2028.webp?v=1777732789,1,,FALSE,,,,kg,,,active
brush-on-builder-gel-glittery-pink-15ml-htf,Brush on Builder Gel Glittery Pink 15ml -HTF,"<p>Brush On Builder è un BIAB autolivellante in flacone, ideale per rinforzare, modellare e perfezionare l’unghia naturale. Adatto anche per piccoli allungamenti fino a 3 mm.</p>",GEL.IT.UP Italy,,,,TRUE,Title,Default Title,,,,,,,,Brush on Builder Gel Glittery Pink 15ml -HTF,15000,shopify,0,deny,manual,11.94,,TRUE,TRUE,,,,,,https://cdn.shopify.com/s/files/1/0947/5545/5242/files/GIUP-BOBGLPN.webp?v=1777732783,1,,FALSE,,,,kg,,,active
2316-am-i-ferrari-red-htf,2316 Am I Ferrari Red -HTF,"<p>Tutti i gel polish devono essere polimerizzati per almeno 60 secondi, poiché sono TPO-free.</p>",GEL.IT.UP Italy,,,"Solid Gel Colours, Red, Gel Polish",TRUE,Title,Default Title,Red,,,,,,,2316 Am I Ferrari Red -HTF,11000,shopify,0,deny,manual,7.41,,TRUE,TRUE,,,,,,https://cdn.shopify.com/s/files/1/0947/5545/5242/files/GIUP-2316.webp?v=1777732781,1,,FALSE,,,,kg,,,active
replacement-stickers-pododisc-m-20-mm-grit-240-new,Replacement Stickers Pododisc M-20 mm GRIT 240 New,,GEL.IT.UP Italy,,,,TRUE,Title,Default Title,,,,,,,,Replacement Stickers Pododisc M-20 mm GRIT 240 New,0,shopify,0,deny,manual,7.99,,TRUE,TRUE,,,,,,https://cdn.shopify.com/s/files/1/0947/5545/5242/files/PODODISC.webp?v=1777732775,1,,FALSE,,,,kg,,,active
replacement-stickers-pododisc-m-20-mm-grit-180-new,Replacement Stickers Pododisc  M-20 mm GRIT 180 New,,GEL.IT.UP Italy,,,,TRUE,Title,Default Title,,,,,,,,Replacement Stickers Pododisc  M-20 mm GRIT 180 New,0,shopify,0,deny,manual,7.99,,TRUE,TRUE,,,,,,https://cdn.shopify.com/s/files/1/0947/5545/5242/files/PODODISC.webp?v=1777732775,1,,FALSE,,,,kg,,,active
replacement-stickers-pododisc-l-25-mm-grit-240-new,Replacement Stickers Pododisc L-25 mm GRIT 240 New,,GEL.IT.UP Italy,,,,TRUE,Title,Default Title,,,,,,,,Replacement Stickers Pododisc L-25 mm GRIT 240 New,0,shopify,0,deny,manual,10,,TRUE,TRUE,,,,,,https://cdn.shopify.com/s/files/1/0947/5545/5242/files/PODODISC.webp?v=1777732775,1,,FALSE,,,,kg,,,active
replacement-stickers-pododisc-l-25-mm-grit-180-new,Replacement Stickers Pododisc L-25 mm GRIT 180 New,,GEL.IT.UP Italy,,,,TRUE,Title,Default Title,,,,,,,,Replacement Stickers Pododisc L-25 mm GRIT 180 New,0,shopify,0,deny,manual,10,,TRUE,TRUE,,,,,,https://cdn.shopify.com/s/files/1/0947/5545/5242/files/PODODISC.webp?v=1777732775,1,,FALSE,,,,kg,,,active
2134-vintage-rose-htf,2134 Vintage Rose -HTF,"<p>Tutti i gel polish devono essere polimerizzati per almeno 60 secondi, poiché sono TPO-free.</p>",GEL.IT.UP Italy,,,"Solid Gel Colours, Purple, Gel Polish",TRUE,Title,Default Title,Purple,,,,,,,2134 Vintage Rose -HTF,11000,shopify,0,deny,manual,7.41,,TRUE,TRUE,,,,,,https://cdn.shopify.com/s/files/1/0947/5545/5242/files/GIUP-2134.webp?v=1777732770,1,,FALSE,,,,kg,,,active
2113l-magenta-spotlight-htf,2113L Magenta Spotlight -HTF,"<p>Tutti i gel polish devono essere polimerizzati per almeno 60 secondi, poiché sono TPO-free.</p>",GEL.IT.UP Italy,,,Gel Polish,TRUE,Title,Default Title,,,,,,,,2113L Magenta Spotlight -HTF,11000,shopify,0,deny,manual,7.36,,TRUE,TRUE,,,,,,https://cdn.shopify.com/s/files/1/0947/5545/5242/files/GIUP-2113L.webp?v=1777732772,1,,FALSE,,,,kg,,,active
n005-burberry-blush-htf,N005 Burberry Blush -HTF,"<p>Tutti i gel polish devono essere polimerizzati per almeno 60 secondi, poiché sono TPO-free.</p>",GEL.IT.UP Italy,,,Gel Polish,TRUE,Title,Default Title,,,,,,,,N005 Burberry Blush -HTF,11000,shopify,0,deny,manual,7.41,,TRUE,TRUE,,,,,,https://cdn.shopify.com/s/files/1/0947/5545/5242/files/GIUP-N005.webp?v=1777732764,1,,FALSE,,,,kg,,,active
1927-forestation-htf,1927 Forestation -HTF,"<p>Tutti i gel polish devono essere polimerizzati per almeno 60 secondi, poiché sono TPO-free.</p>",GEL.IT.UP Italy,,,"Solid Gel Colours, Green, Gel Polish",TRUE,Title,Default Title,Green,,,,,,,1927 Forestation -HTF,11000,shopify,0,deny,manual,7.41,,TRUE,TRUE,,,,,,https://cdn.shopify.com/s/files/1/0947/5545/5242/files/GIUP-1927.webp?v=1777732761,1,,FALSE,,,,kg,,,active
204-ponta-d-auro-htf,204 Ponta D Auro -HTF,"<p>Tutti i gel polish devono essere polimerizzati per almeno 60 secondi, poiché sono TPO-free.</p>",GEL.IT.UP Italy,,,Gel Polish,TRUE,Title,Default Title,,,,,,,,204 Ponta D Auro -HTF,11000,shopify,0,deny,manual,7.41,,TRUE,TRUE,,,,,,https://cdn.shopify.com/s/files/1/0947/5545/5242/files/GIUP-204.webp?v=1777732760,1,,FALSE,,,,kg,,,active
1810-behind-closed-doors-htf,1810 Behind Closed Doors -HTF,"<p>Tutti i gel polish devono essere polimerizzati per almeno 60 secondi, poiché sono TPO-free.</p>",GEL.IT.UP Italy,,,"Solid Gel Colours, Blue, Gel Polish",TRUE,Title,Default Title,Blue,,,,,,,1810 Behind Closed Doors -HTF,11000,shopify,0,deny,manual,7.41,,TRUE,TRUE,,,,,,https://cdn.shopify.com/s/files/1/0947/5545/5242/files/GIUP-1810.webp?v=1777732756,1,,FALSE,,,,kg,,,active
brush-on-builder-gel-soft-pink-15ml-htf,Brush on Builder Gel Soft Pink 15ml -HTF,"<p>Brush On Builder è un BIAB autolivellante in flacone, ideale per rinforzare, modellare e perfezionare l’unghia naturale. Adatto anche per piccoli allungamenti fino a 3 mm.</p>",GEL.IT.UP Italy,,,,TRUE,Title,Default Title,,,,,,,,Brush on Builder Gel Soft Pink 15ml -HTF,15000,shopify,0,deny,manual,11.94,,TRUE,TRUE,,,,,,https://cdn.shopify.com/s/files/1/0947/5545/5242/files/GIUP-BOBSTPN.webp?v=1777732754,1,,FALSE,,,,kg,,,active
almond-cuticle-scrub-remover-100ml-htf,Almond Cuticle Scrub Remover 100ml -HTF,,GEL.IT.UP Italy,,,,TRUE,Title,Default Title,,,,,,,,Almond Cuticle Scrub Remover 100ml -HTF,0,shopify,0,deny,manual,9.6,,TRUE,TRUE,,,,,,https://cdn.shopify.com/s/files/1/0947/5545/5242/files/Almond_Cuticle_Scrub_Remover_100ml_-HTF.webp?v=1777732750,1,,FALSE,,,,kg,,,active
metallic-collection-mc5-htf,Metallic Collection #MC5 -HTF,"<p>Tutti i gel polish devono essere polimerizzati per almeno 60 secondi, poiché sono TPO-free.</p>",GEL.IT.UP Italy,,,Gel Polish,TRUE,Title,Default Title,,,,,,,,Metallic Collection #MC5 -HTF,11000,shopify,0,deny,manual,8.32,,TRUE,TRUE,,,,,,https://cdn.shopify.com/s/files/1/0947/5545/5242/files/MC5.webp?v=1777732746,1,,FALSE,,,,kg,,,active
2606-first-cloud-htf,2606 First Cloud -HTF,"<p>Tutti i gel polish devono essere polimerizzati per almeno 60 secondi, poiché sono TPO-free.</p>",GEL.IT.UP Italy,,,Gel Polish,TRUE,Title,Default Title,,,,,,,,2606 First Cloud -HTF,11000,shopify,0,deny,manual,7.41,,TRUE,TRUE,,,,,,https://cdn.shopify.com/s/files/1/0947/5545/5242/files/GIUP-2606.webp?v=1777732745,1,,FALSE,,,,kg,,,active
glass-cat-eye-gce03-htf,Glass Cat Eye #GCE03 -HTF,"<p>Tutti i gel polish devono essere polimerizzati per almeno 60 secondi, poiché sono TPO-free.</p>",GEL.IT.UP Italy,,,Gel Polish,TRUE,Title,Default Title,,,,,,,,Glass Cat Eye #GCE03 -HTF,11000,shopify,0,deny,manual,8.32,,TRUE,TRUE,,,,,,https://cdn.shopify.com/s/files/1/0947/5545/5242/files/Glass_Cat_Eye_GCE03_-HTF.webp?v=1777732739,1,,FALSE,,,,kg,,,active
nail-extension-dual-forms-square,NAIL EXTENSION DUAL FORMS SQUARE,,GEL.IT.UP Italy,,,,TRUE,Title,Default Title,,,,,,,,NAIL EXTENSION DUAL FORMS SQUARE,0,shopify,0,deny,manual,7.73,,TRUE,TRUE,,,,,,https://cdn.shopify.com/s/files/1/0947/5545/5242/files/DUAL_FORMS_SQUARE.webp?v=1777732738,1,,FALSE,,,,kg,,,active
2040-precious-moments-htf,2040 Precious Moments -HTF,"<p>Tutti i gel polish devono essere polimerizzati per almeno 60 secondi, poiché sono TPO-free.</p>",GEL.IT.UP Italy,,,Gel Polish,TRUE,Title,Default Title,,,,,,,,2040 Precious Moments -HTF,11000,shopify,0,deny,manual,7.41,,TRUE,TRUE,,,,,,https://cdn.shopify.com/s/files/1/0947/5545/5242/files/GIUP-2040.webp?v=1777732733,1,,FALSE,,,,kg,,,active
gel-it-up-scrub-200ml-calm-frost-new,GEL IT UP SCRUB 200ml CALM FROST NEW,"<p>Con Aloe biologica e un cocktail unico di ingredienti attivi, profuma e idrata la pelle. Si assorbe rapidamente e non lascia residui grassi. Ingredienti: Aloe Vera biologica, Acido Ialuronico, Pantenolo.</p>",GEL.IT.UP Italy,,,,TRUE,Title,Default Title,,,,,,,,GEL IT UP SCRUB 200ml CALM FROST NEW,200000,shopify,0,deny,manual,6.45,,TRUE,TRUE,,,,,,https://cdn.shopify.com/s/files/1/0947/5545/5242/files/GEL_IT_UP_SCRUB_200ml_CALM_FROST_NEW.webp?v=1777732733,1,,FALSE,,,,kg,,,active
brush-on-builder-gel-lilac-15ml-htf,Brush on Builder Gel Lilac 15ml -HTF,"<p>Brush On Builder è un BIAB autolivellante in flacone, ideale per rinforzare, modellare e perfezionare l’unghia naturale. Adatto anche per piccoli allungamenti fino a 3 mm.</p>",GEL.IT.UP Italy,,,,TRUE,Title,Default Title,,,,,,,,Brush on Builder Gel Lilac 15ml -HTF,15000,shopify,0,deny,manual,11.94,,TRUE,TRUE,,,,,,https://cdn.shopify.com/s/files/1/0947/5545/5242/files/GIUP-BOBLIL.webp?v=1777732727,1,,FALSE,,,,kg,,,active
shimmer-top-fairy-stf-02-htf,Shimmer Top Fairy #STF 02 -HTF,<p>Bellissimi glitter top coat per un finish finale luminoso e impeccabile.</p>,GEL.IT.UP Italy,,,,TRUE,Title,Default Title,,,,,,,,Shimmer Top Fairy #STF 02 -HTF,11000,shopify,0,deny,manual,8.97,,TRUE,TRUE,,,,,,https://cdn.shopify.com/s/files/1/0947/5545/5242/files/Shimmer_Top_Fairy_STF_02_-HTF.webp?v=1777732727,1,,FALSE,,,,kg,,,active
2424-bulbasaur-htf,2424 BulBaSaur -HTF,"<p>Tutti i gel polish devono essere polimerizzati per almeno 60 secondi, poiché sono TPO-free.</p>",GEL.IT.UP Italy,,,"Solid Gel Colours, Green, Gel Polish",TRUE,Title,Default Title,Green,,,,,,,2424 BulBaSaur -HTF,11000,shopify,0,deny,manual,7.41,,TRUE,TRUE,,,,,,https://cdn.shopify.com/s/files/1/0947/5545/5242/files/GIUP-2424.webp?v=1777732720,1,,FALSE,,,,kg,,,active
77-starboard-htf,77 Starboard -HTF,"<p>Tutti i gel polish devono essere polimerizzati per almeno 60 secondi, poiché sono TPO-free.</p>",GEL.IT.UP Italy,,,"Solid Gel Colours, Blue, Gel Polish",TRUE,Title,Default Title,Blue,,,,,,,77 Starboard -HTF,11000,shopify,0,deny,manual,7.41,,TRUE,TRUE,,,,,,https://cdn.shopify.com/s/files/1/0947/5545/5242/files/GIUP-77.webp?v=1777732720,1,,FALSE,,,,kg,,,active
shimmer-collection-sh12-htf,Shimmer Collection #SH12 -HTF,"<p>Tutti i gel polish devono essere polimerizzati per almeno 60 secondi, poiché sono TPO-free.</p>",GEL.IT.UP Italy,,,Gel Polish,TRUE,Title,Default Title,,,,,,,,Shimmer Collection #SH12 -HTF,11000,shopify,0,deny,manual,8.9,,TRUE,TRUE,,,,,,https://cdn.shopify.com/s/files/1/0947/5545/5242/files/SH12.webp?v=1777732714,1,,FALSE,,,,kg,,,active
2060-chocolate-cherry-htf,2060 Chocolate Cherry -HTF,"<p>Tutti i gel polish devono essere polimerizzati per almeno 60 secondi, poiché sono TPO-free.</p>",GEL.IT.UP Italy,,,"Solid Gel Colours, Red, Gel Polish",TRUE,Title,Default Title,Red,,,,,,,2060 Chocolate Cherry -HTF,11000,shopify,0,deny,manual,7.41,,TRUE,TRUE,,,,,,https://cdn.shopify.com/s/files/1/0947/5545/5242/files/GIUP-2060.webp?v=1777732713,1,,FALSE,,,,kg,,,active
multimix-synthogel-60gr-light-pink-htf,MultiMix Synthogel 60gr Light Pink -HTF,"<p>Formula di alta qualità che unisce la resistenza dell’acrilico alla facilità del gel. Ideale per rinforzo dell’unghia naturale e ricostruzioni, non cola, è inodore e non brucia in lampada. Applicabile con Dual Form, Nail Forms o tecnica libera. 100% HEMA/TPO-free.</p>",GEL.IT.UP Italy,,,,TRUE,Title,Default Title,,,,,,,,MultiMix Synthogel 60gr Light Pink -HTF,60000,shopify,0,deny,manual,21.29,,TRUE,TRUE,,,,,,https://cdn.shopify.com/s/files/1/0947/5545/5242/files/multimix_light_pink_color.webp?v=1777732707,1,,FALSE,,,,kg,,,active
gel-it-up-hand-and-body-cream-100ml-sassy-sassy-new,GEL IT UP HAND AND BODY CREAM 100ml SASSY SASSY NEW,"<p>Con Aloe biologica e un cocktail unico di ingredienti attivi, profuma e idrata la pelle. Si assorbe rapidamente e non lascia residui grassi. Ingredienti: Aloe Vera biologica, Acido Ialuronico, Pantenolo.</p>",GEL.IT.UP Italy,,,,TRUE,Title,Default Title,,,,,,,,GEL IT UP HAND AND BODY CREAM 100ml SASSY SASSY NEW,100000,shopify,0,deny,manual,5.16,,TRUE,TRUE,,,,,,https://cdn.shopify.com/s/files/1/0947/5545/5242/files/GEL_IT_UP_HAND_AND_BODY_CREAM_100ml_SASSY_SASSY_NEW.webp?v=1777732708,1,,FALSE,,,,kg,,,active
5-in-1-superior-base-15ml-mint-serenity-htf,5-in-1 Superior Base 15ml Mint Serenity -HTF,"<p>La GEL.IT.UP 5-in-1 Base Coat è una base multifunzione che offre cinque utilizzi in un unico flacone: base per gel polish semipermanente, rinforzo per unghie sottili e fragili, gel modellante per piccole correzioni, base adesiva per strass e decorazioni 3D, e gel per piccoli allungamenti e rinforzo dell’unghia naturale.</p>",GEL.IT.UP Italy,,,,TRUE,Title,Default Title,,,,,,,,5-in-1 Superior Base 15ml Mint Serenity -HTF,15000,shopify,0,deny,manual,12.84,,TRUE,TRUE,,,,,,https://cdn.shopify.com/s/files/1/0947/5545/5242/files/5-in-1_Superior_Base_15ml_Mint_Serenity_-HTF.webp?v=1777732702,1,,FALSE,,,,kg,,,active
rose-quartz-cat-eye-rqce3-htf,Rose Quartz Cat Eye #RQCE3 -HTF,"<p>Tutti i gel polish devono essere polimerizzati per almeno 60 secondi, poiché sono TPO-free.</p>",GEL.IT.UP Italy,,,Gel Polish,TRUE,Title,Default Title,,,,,,,,Rose Quartz Cat Eye #RQCE3 -HTF,11000,shopify,0,deny,manual,9.67,,TRUE,TRUE,,,,,,https://cdn.shopify.com/s/files/1/0947/5545/5242/files/Rose_Quartz_Cat_Eye_RQCE3_-HTF.webp?v=1777732702,1,,FALSE,,,,kg,,,active
2113c-kiss-and-tell-htf,2113C Kiss and Tell -HTF,"<p>Tutti i gel polish devono essere polimerizzati per almeno 60 secondi, poiché sono TPO-free.</p>",GEL.IT.UP Italy,,,Gel Polish,TRUE,Title,Default Title,,,,,,,,2113C Kiss and Tell -HTF,11000,shopify,0,deny,manual,7.36,,TRUE,TRUE,,,,,,https://cdn.shopify.com/s/files/1/0947/5545/5242/files/GIUP-2113C.webp?v=1777732695,1,,FALSE,,,,kg,,,active
premium-builder-gel-pearly-nude-40gr-htf,Premium Builder Gel Pearly Nude 40gr -HTF,"<p>GEL.IT.UP 3-in-1 Premium è un builder gel monofasico con fibre di vetro, studiato per offrire massima resistenza strutturale e lunga durata. Ideale per il rinforzo dell’unghia naturale e per ricostruzioni. Si applica con precisione, non cola e non ingiallisce nel tempo. Non richiede base coat prima dell’applicazione. Perfetto per nail technician che cercano struttura prevedibile, controllo dell’adesione e performance professionale. Benefici principali: rinforzo con fibre di vetro, sistema monofasico, comfort cool-cure e formula 100% HEMA/TPO-free. Applicazione: applicare direttamente sull’unghia preparata, modellare la struttura desiderata e polimerizzare per almeno 60 secondi.</p>",GEL.IT.UP Italy,Animals & Pet Supplies > Pet Supplies,,,TRUE,Title,Default Title,,,,,,,,Premium Builder Gel Pearly Nude 40gr -HTF,40000,shopify,0,deny,manual,24.45,,TRUE,TRUE,,,,,,https://cdn.shopify.com/s/files/1/0947/5545/5242/files/3_in_1_premium_builder_gel_pearly_nude.webp?v=1777732695,1,,FALSE,,,,kg,,,active
2024-durban-weed-htf,2024 Durban Weed -HTF,"<p>Tutti i gel polish devono essere polimerizzati per almeno 60 secondi, poiché sono TPO-free.</p>",GEL.IT.UP Italy,,,"Solid Gel Colours, Green, Gel Polish",TRUE,Title,Default Title,Green,,,,,,,2024 Durban Weed -HTF,11000,shopify,0,deny,manual,7.41,,TRUE,TRUE,,,,,,https://cdn.shopify.com/s/files/1/0947/5545/5242/files/GIUP-2024.webp?v=1777732688,1,,FALSE,,,,kg,,,active
2518-vintage-whisper-htf,2518 Vintage Whisper -HTF,"<p>Tutti i gel polish devono essere polimerizzati per almeno 60 secondi, poiché sono TPO-free.</p>",GEL.IT.UP Italy,,,"Solid Gel Colours, Red, Gel Polish",TRUE,Title,Default Title,Red,,,,,,,2518 Vintage Whisper -HTF,11000,shopify,0,deny,manual,7.41,,TRUE,TRUE,,,,,,https://cdn.shopify.com/s/files/1/0947/5545/5242/files/GIUP-2518.webp?v=1777732688,1,,FALSE,,,,kg,,,active
2210-kazoo-htf,2210 Kazoo -HTF,"<p>Tutti i gel polish devono essere polimerizzati per almeno 60 secondi, poiché sono TPO-free.</p>",GEL.IT.UP Italy,,,"Solid Gel Colours, Purple, Gel Polish",TRUE,Title,Default Title,Purple,,,,,,,2210 Kazoo -HTF,11000,shopify,0,deny,manual,7.41,,TRUE,TRUE,,,,,,https://cdn.shopify.com/s/files/1/0947/5545/5242/files/GIUP-2210.webp?v=1777732682,1,,FALSE,,,,kg,,,active
2210-htf,2210 -HTF,"<p>Tutti i gel polish devono essere polimerizzati per almeno 60 secondi, poiché sono TPO-free.</p>",GEL.IT.UP Italy,,,Gel Polish,TRUE,Title,Default Title,,,,,,,,2210 -HTF,11000,shopify,0,deny,manual,7.41,,TRUE,TRUE,,,,,,https://cdn.shopify.com/s/files/1/0947/5545/5242/files/GIUP-2210.webp?v=1777732682,1,,FALSE,,,,kg,,,active
5-in-1-superior-base-15ml-pretty-pink-htf,5-in-1 Superior Base 15ml Pretty Pink -HTF,"<p>La GEL.IT.UP 5-in-1 Base Coat è una base multifunzione che offre cinque utilizzi in un unico flacone: base per gel polish semipermanente, rinforzo per unghie sottili e fragili, gel modellante per piccole correzioni, base adesiva per strass e decorazioni 3D, e gel per piccoli allungamenti e rinforzo dell’unghia naturale.</p>",GEL.IT.UP Italy,,,,TRUE,Title,Default Title,,,,,,,,5-in-1 Superior Base 15ml Pretty Pink -HTF,15000,shopify,0,deny,manual,12.84,,TRUE,TRUE,,,,,,https://cdn.shopify.com/s/files/1/0947/5545/5242/files/5-in-1_Superior_Base_15ml_Pretty_Pink_-HTF.webp?v=1777732680,1,,FALSE,,,,kg,,,active
2437-sangiovese-htf,2437 Sangiovese -HTF,"<p>Tutti i gel polish devono essere polimerizzati per almeno 60 secondi, poiché sono TPO-free.</p>",GEL.IT.UP Italy,,,"Solid Gel Colours, Red, Gel Polish",TRUE,Title,Default Title,Red,,,,,,,2437 Sangiovese -HTF,11000,shopify,0,deny,manual,7.41,,TRUE,TRUE,,,,,,https://cdn.shopify.com/s/files/1/0947/5545/5242/files/GIUP-2437.webp?v=1777732676,1,,FALSE,,,,kg,,,active
gel-it-up-1-r35-11ml-htf,GEL.IT.UP 1 R35 11ml -HTF,"<p>Tutti i gel polish devono essere polimerizzati per almeno 60 secondi, poiché sono TPO-free.</p>",GEL.IT.UP Italy,,,Gel Polish,TRUE,Title,Default Title,,,,,,,,GEL.IT.UP 1 R35 11ml -HTF,11000,shopify,0,deny,manual,8.97,,TRUE,TRUE,,,,,,https://cdn.shopify.com/s/files/1/0947/5545/5242/files/GIUP-35_5ff8a303-9a8f-4857-969e-349426cecc03.webp?v=1777732673,1,,FALSE,,,,kg,,,active
35-tropicana-htf,35 Tropicana -HTF,"<p>Tutti i gel polish devono essere polimerizzati per almeno 60 secondi, poiché sono TPO-free.</p>",GEL.IT.UP Italy,Uncategorized,,"Solid Gel Colours, Coral Orange, Gel Polish",TRUE,Title,Default Title,Coral Orange,,,,,,,35 Tropicana -HTF,11000,shopify,0,deny,manual,7.41,,TRUE,TRUE,,,,,,https://cdn.shopify.com/s/files/1/0947/5545/5242/files/GIUP-35.webp?v=1777821436,1,,FALSE,,,,kg,,,active
153-barely-there-htf,153 Barely There -HTF,"<p>Tutti i gel polish devono essere polimerizzati per almeno 60 secondi, poiché sono TPO-free.</p>",GEL.IT.UP Italy,,,"Solid Gel Colours, Brown, Gel Polish",TRUE,Title,Default Title,Brown,,,,,,,153 Barely There -HTF,11000,shopify,0,deny,manual,7.41,,TRUE,TRUE,,,,,,https://cdn.shopify.com/s/files/1/0947/5545/5242/files/GIUP-153.webp?v=1777730884,1,,FALSE,,,,kg,,,active
gel-it-up-1-r05-11ml-htf,GEL.IT.UP 1 R05 11ml -HTF,"<p>Tutti i gel polish devono essere polimerizzati per almeno 60 secondi, poiché sono TPO-free.</p>",GEL.IT.UP Italy,,,Gel Polish,TRUE,Title,Default Title,,,,,,,,GEL.IT.UP 1 R05 11ml -HTF,11000,shopify,0,deny,manual,8.97,,TRUE,TRUE,,,,,,https://cdn.shopify.com/s/files/1/0947/5545/5242/files/GIUP-R05.webp?v=1777730880,1,,FALSE,,,,kg,,,active
2400-bachalorette-party-htf,2400 Bachalorette Party -HTF,"<p>Tutti i gel polish devono essere polimerizzati per almeno 60 secondi, poiché sono TPO-free.</p>",GEL.IT.UP Italy,Uncategorized,,Gel Polish,TRUE,Title,Default Title,,,,,,,,2400 Bachalorette Party -HTF,11000,shopify,0,deny,manual,7.41,,TRUE,TRUE,,,,,,https://cdn.shopify.com/s/files/1/0947/5545/5242/files/GIUP-2400.webp?v=1777820843,1,,FALSE,,,,kg,,,active
2613-rosy-pop-htf,2613 Rosy Pop -HTF,"<p>Tutti i gel polish devono essere polimerizzati per almeno 60 secondi, poiché sono TPO-free.</p>",GEL.IT.UP Italy,,,"Solid Gel Colours, Pink, Gel Polish",TRUE,Title,Default Title,Pink,,,,,,,2613 Rosy Pop -HTF,11000,shopify,0,deny,manual,7.41,,TRUE,TRUE,,,,,,https://cdn.shopify.com/s/files/1/0947/5545/5242/files/GIUP-2613.webp?v=1777730874,1,,FALSE,,,,kg,,,active
brush-on-builder-purple-15ml-htf,Brush on Builder Gel Purple 15ml -HTF,"<p>Brush On Builder è un BIAB autolivellante in flacone, ideale per rinforzare, modellare e perfezionare l’unghia naturale. Adatto anche per piccoli allungamenti fino a 3 mm.</p>",GEL.IT.UP Italy,,,,TRUE,Title,Default Title,,,,,,,,Brush on Builder Gel Purple 15ml -HTF,15000,shopify,0,deny,manual,11.94,,TRUE,TRUE,,,,,,https://cdn.shopify.com/s/files/1/0947/5545/5242/files/GIUP-BOBPRL.webp?v=1777730872,1,,FALSE,,,,kg,,,active
autumn-2021-ota08-htf,Autumn 2021 OTA08 -HTF,"<p>Tutti i gel polish devono essere polimerizzati per almeno 60 secondi, poiché sono TPO-free.</p>",GEL.IT.UP Italy,,,Gel Polish,TRUE,Title,Default Title,,,,,,,,Autumn 2021 OTA08 -HTF,11000,shopify,0,deny,manual,7.41,,TRUE,TRUE,,,,,,https://cdn.shopify.com/s/files/1/0947/5545/5242/files/GIUP-2021_924fc5c7-3b02-4851-8442-18301f049ef9.webp?v=1777732660,1,,FALSE,,,,kg,,,active
2021-sri-lanka-htf,2021 Sri-Lanka -HTF,"<p>Tutti i gel polish devono essere polimerizzati per almeno 60 secondi, poiché sono TPO-free.</p>",GEL.IT.UP Italy,Uncategorized,,"Solid Gel Colours, Coral Orange, Gel Polish",TRUE,Title,Default Title,Coral Orange,,,,,,,2021 Sri-Lanka -HTF,11000,shopify,0,deny,manual,7.41,,TRUE,TRUE,,,,,,https://cdn.shopify.com/s/files/1/0947/5545/5242/files/GIUP-2021.webp?v=1777819867,1,,FALSE,,,,kg,,,active
multimix-syntholiquid-100ml-htf,MultiMix Syntholiquid 100ml -HTF,,GEL.IT.UP Italy,,,,TRUE,Title,Default Title,,,,,,,,MultiMix Syntholiquid 100ml -HTF,100000,shopify,0,deny,manual,5.1,,TRUE,TRUE,,,,,,https://cdn.shopify.com/s/files/1/0947/5545/5242/files/multi_liquid.webp?v=1777730865,1,,FALSE,,,,kg,,,active
82-after-winter-htf,82 After Winter -HTF,"<p>Tutti i gel polish devono essere polimerizzati per almeno 60 secondi, poiché sono TPO-free.</p>",GEL.IT.UP Italy,,,"Solid Gel Colours, Green, Gel Polish",TRUE,Title,Default Title,Green,,,,,,,82 After Winter -HTF,11000,shopify,0,deny,manual,7.41,,TRUE,TRUE,,,,,,https://cdn.shopify.com/s/files/1/0947/5545/5242/files/GIUP-82.webp?v=1777730860,1,,FALSE,,,,kg,,,active
326-dilithium-htf,326 Dilithium -HTF,"<p>Tutti i gel polish devono essere polimerizzati per almeno 60 secondi, poiché sono TPO-free.</p>",GEL.IT.UP Italy,,,Gel Polish,TRUE,Title,Default Title,,,,,,,,326 Dilithium -HTF,11000,shopify,0,deny,manual,7.41,,TRUE,TRUE,,,,,,https://cdn.shopify.com/s/files/1/0947/5545/5242/files/GIUP-326.webp?v=1777730860,1,,FALSE,,,,kg,,,active
601-glam-o-holic-htf,601 Glam-O-Holic -HTF,"<p>Tutti i gel polish devono essere polimerizzati per almeno 60 secondi, poiché sono TPO-free.</p>",GEL.IT.UP Italy,,,Gel Polish,TRUE,Title,Default Title,,,,,,,,601 Glam-O-Holic -HTF,11000,shopify,0,deny,manual,8.27,,TRUE,TRUE,,,,,,https://cdn.shopify.com/s/files/1/0947/5545/5242/files/601_Glam-O-Holic_-HTF.webp?v=1777730855,1,,FALSE,,,,kg,,,active
2224-poor-gingerbread-man-htf,2224 Poor Gingerbread Man -HTF,"<p>Tutti i gel polish devono essere polimerizzati per almeno 60 secondi, poiché sono TPO-free.</p>",GEL.IT.UP Italy,,,"Solid Gel Colours, Brown, Gel Polish",TRUE,Title,Default Title,Brown,,,,,,,2224 Poor Gingerbread Man -HTF,11000,shopify,0,deny,manual,7.41,,TRUE,TRUE,,,,,,https://cdn.shopify.com/s/files/1/0947/5545/5242/files/GIUP-2224.webp?v=1777730854,1,,FALSE,,,,kg,,,active
2205-firecracker-htf,2205 Firecracker -HTF,"<p>Tutti i gel polish devono essere polimerizzati per almeno 60 secondi, poiché sono TPO-free.</p>",GEL.IT.UP Italy,,,"Solid Gel Colours, Red, Gel Polish",TRUE,Title,Default Title,Red,,,,,,,2205 Firecracker -HTF,11000,shopify,0,deny,manual,7.41,,TRUE,TRUE,,,,,,https://cdn.shopify.com/s/files/1/0947/5545/5242/files/GIUP-2205.webp?v=1777730848,1,,FALSE,,,,kg,,,active
203-inca-gold-htf,203 Inca Gold -HTF,"<p>Tutti i gel polish devono essere polimerizzati per almeno 60 secondi, poiché sono TPO-free.</p>",GEL.IT.UP Italy,,,Gel Polish,TRUE,Title,Default Title,,,,,,,,203 Inca Gold -HTF,11000,shopify,0,deny,manual,7.41,,TRUE,TRUE,,,,,,https://cdn.shopify.com/s/files/1/0947/5545/5242/files/GIUP-203.webp?v=1777730848,1,,FALSE,,,,kg,,,active
2045-heather-heights-htf,2045 Heather Heights -HTF,"<p>Tutti i gel polish devono essere polimerizzati per almeno 60 secondi, poiché sono TPO-free.</p>",GEL.IT.UP Italy,,,"Solid Gel Colours, Purple, Gel Polish",TRUE,Title,Default Title,Purple,,,,,,,2045 Heather Heights -HTF,11000,shopify,0,deny,manual,7.41,,TRUE,TRUE,,,,,,https://cdn.shopify.com/s/files/1/0947/5545/5242/files/GIUP-2045.webp?v=1777730842,1,,FALSE,,,,kg,,,active
1811-another-shade-of-grey-htf,1811 Another Shade of Grey -HTF,"<p>Tutti i gel polish devono essere polimerizzati per almeno 60 secondi, poiché sono TPO-free.</p>",GEL.IT.UP Italy,,,"Solid Gel Colours, Grey, Gel Polish",TRUE,Title,Default Title,Grey,,,,,,,1811 Another Shade of Grey -HTF,11000,shopify,0,deny,manual,7.41,,TRUE,TRUE,,,,,,https://cdn.shopify.com/s/files/1/0947/5545/5242/files/GIUP-1811.webp?v=1777730842,1,,FALSE,,,,kg,,,active
2135-ruby-velvet-htf,2135 Ruby Velvet -HTF,"<p>Tutti i gel polish devono essere polimerizzati per almeno 60 secondi, poiché sono TPO-free.</p>",GEL.IT.UP Italy,,,"Solid Gel Colours, Red, Gel Polish",TRUE,Title,Default Title,Red,,,,,,,2135 Ruby Velvet -HTF,11000,shopify,0,deny,manual,7.41,,TRUE,TRUE,,,,,,https://cdn.shopify.com/s/files/1/0947/5545/5242/files/GIUP-135_a7ec51f8-54da-49f7-87c5-a0670d191467.webp?v=1777732640,1,,FALSE,,,,kg,,,active
135-secret-randesvouz-htf,135 Secret Randesvouz -HTF,"<p>Tutti i gel polish devono essere polimerizzati per almeno 60 secondi, poiché sono TPO-free.</p>",GEL.IT.UP Italy,Uncategorized,,"Solid Gel Colours, Purple, Gel Polish",TRUE,Title,Default Title,Purple,,,,,,,135 Secret Randesvouz -HTF,11000,shopify,0,deny,manual,7.41,,TRUE,TRUE,,,,,,https://cdn.shopify.com/s/files/1/0947/5545/5242/files/GIUP-135_f3fa474b-a53d-41ea-a664-41049e8f844a.webp?v=1777819584,1,,FALSE,,,,kg,,,active
87-army-chic-htf,87 Army Chic -HTF,"<p>Tutti i gel polish devono essere polimerizzati per almeno 60 secondi, poiché sono TPO-free.</p>",GEL.IT.UP Italy,,,"Solid Gel Colours, Green, Gel Polish",TRUE,Title,Default Title,Green,,,,,,,87 Army Chic -HTF,11000,shopify,0,deny,manual,7.41,,TRUE,TRUE,,,,,,https://cdn.shopify.com/s/files/1/0947/5545/5242/files/GIUP-87.webp?v=1777730834,1,,FALSE,,,,kg,,,active
giup-9b,GIUP 9B,"<p>Tutti i gel polish devono essere polimerizzati per almeno 60 secondi, poiché sono TPO-free.</p>",GEL.IT.UP Italy,,,Gel Polish,TRUE,Title,Default Title,,,,,,,,GIUP 9B,11000,shopify,0,deny,manual,7.41,,TRUE,TRUE,,,,,,https://cdn.shopify.com/s/files/1/0947/5545/5242/files/GIUP-9B_2e5db8b8-8cf2-4067-b67c-6e06c39954af.webp?v=1777732634,1,,FALSE,,,,kg,,,active
09b-knock-off-htf,09B Knock Off -HTF,"<p>Tutti i gel polish devono essere polimerizzati per almeno 60 secondi, poiché sono TPO-free.</p>",GEL.IT.UP Italy,Uncategorized,,Gel Polish,TRUE,Title,Default Title,,,,,,,,09B Knock Off -HTF,11000,shopify,0,deny,manual,7.41,,TRUE,TRUE,,,,,,https://cdn.shopify.com/s/files/1/0947/5545/5242/files/GIUP-9B.webp?v=1777818820,1,,FALSE,,,,kg,,,active
1905-sweet-sunset-htf,1905 Sweet Sunset -HTF,"<p>Tutti i gel polish devono essere polimerizzati per almeno 60 secondi, poiché sono TPO-free.</p>",GEL.IT.UP Italy,,,"Solid Gel Colours, Coral Orange, Gel Polish",TRUE,Title,Default Title,Coral Orange,,,,,,,1905 Sweet Sunset -HTF,11000,shopify,0,deny,manual,7.41,,TRUE,TRUE,,,,,,https://cdn.shopify.com/s/files/1/0947/5545/5242/files/GIUP-1905.webp?v=1777730828,1,,FALSE,,,,kg,,,active
super-fan-top-coat-11ml-fan12-htf,Super Fan Top Coat 11ml FAN12 -HTF,<p>Bellissimi glitter top coat per un finish finale luminoso e impeccabile.</p>,GEL.IT.UP Italy,,,,TRUE,Title,Default Title,,,,,,,,Super Fan Top Coat 11ml FAN12 -HTF,11000,shopify,0,deny,manual,11.52,,TRUE,TRUE,,,,,,https://cdn.shopify.com/s/files/1/0947/5545/5242/files/GIUP-12_58431539-0f26-4f04-bd59-104c8d713e39.webp?v=1777732628,1,,FALSE,,,,kg,,,active
12-stratus-htf,12 Stratus -HTF,"<p>Tutti i gel polish devono essere polimerizzati per almeno 60 secondi, poiché sono TPO-free.</p>",GEL.IT.UP Italy,Uncategorized,,"Solid Gel Colours, Grey, Gel Polish",TRUE,Title,Default Title,Grey,,,,,,,12 Stratus -HTF,11000,shopify,0,deny,manual,7.41,,TRUE,TRUE,,,,,,https://cdn.shopify.com/s/files/1/0947/5545/5242/files/GIUP-12.webp?v=1777819338,1,,FALSE,,,,kg,,,active
12-acrylic-brush-rose-gold,#12 Acrylic Brush Rose Gold,"<p>Pennelli professionali in setole sintetiche di alta qualità, progettati per offrire massima precisione, controllo e comfort in ogni applicazione.</p>",GEL.IT.UP Italy,,,,TRUE,Title,Default Title,,,,,,,,#12 Acrylic Brush Rose Gold,0,shopify,0,deny,manual,16.06,,TRUE,TRUE,,,,,,,,,FALSE,,,,kg,,,active
5-in-1-superior-base-15ml-purple-serenity-htf,5-in-1 Superior Base 15ml Purple Serenity -HTF,"<p>La GEL.IT.UP 5-in-1 Base Coat è una base multifunzione che offre cinque utilizzi in un unico flacone: base per gel polish semipermanente, rinforzo per unghie sottili e fragili, gel modellante per piccole correzioni, base adesiva per strass e decorazioni 3D, e gel per piccoli allungamenti e rinforzo dell’unghia naturale.</p>",GEL.IT.UP Italy,,,,TRUE,Title,Default Title,,,,,,,,5-in-1 Superior Base 15ml Purple Serenity -HTF,15000,shopify,0,deny,manual,12.84,,TRUE,TRUE,,,,,,https://cdn.shopify.com/s/files/1/0947/5545/5242/files/5-in-1_Superior_Base_15ml_Purple_Serenity_-HTF.webp?v=1777730815,1,,FALSE,,,,kg,,,active
sapphire-cat-eye-sce03-htf,Sapphire Cat Eye #SCE03 -HTF,"<p>Tutti i gel polish devono essere polimerizzati per almeno 60 secondi, poiché sono TPO-free.</p>",GEL.IT.UP Italy,,,Gel Polish,TRUE,Title,Default Title,,,,,,,,Sapphire Cat Eye #SCE03 -HTF,11000,shopify,0,deny,manual,10.8,,TRUE,TRUE,,,,,,https://cdn.shopify.com/s/files/1/0947/5545/5242/files/SCE03.webp?v=1777730815,1,,FALSE,,,,kg,,,active
94-del-ta-fem-htf,94 Del-Ta-Fem -HTF,"<p>Tutti i gel polish devono essere polimerizzati per almeno 60 secondi, poiché sono TPO-free.</p>",GEL.IT.UP Italy,,,"Solid Gel Colours, Green, Gel Polish",TRUE,Title,Default Title,Green,,,,,,,94 Del-Ta-Fem -HTF,11000,shopify,0,deny,manual,7.41,,TRUE,TRUE,,,,,,https://cdn.shopify.com/s/files/1/0947/5545/5242/files/GIUP-94_e60bab87-b932-4533-89bd-95837380f7cf.webp?v=1777732620,1,,FALSE,,,,kg,,,active
1947-naturally-yours-htf,1947 Naturally Yours -HTF,"<p>Tutti i gel polish devono essere polimerizzati per almeno 60 secondi, poiché sono TPO-free.</p>",GEL.IT.UP Italy,Uncategorized,,"Solid Gel Colours, Brown, Gel Polish",TRUE,Title,Default Title,Brown,,,,,,,1947 Naturally Yours -HTF,11000,shopify,0,deny,manual,7.41,,TRUE,TRUE,,,,,,https://cdn.shopify.com/s/files/1/0947/5545/5242/files/GIUP-1947.webp?v=1777819942,1,,FALSE,,,,kg,,,active
jelly-neon-flash-jnf04-htf,Jelly Neon Flash #JNF04 -HTF,"<p>Tutti i gel polish devono essere polimerizzati per almeno 60 secondi, poiché sono TPO-free.</p>",GEL.IT.UP Italy,,,Gel Polish,TRUE,Title,Default Title,,,,,,,,Jelly Neon Flash #JNF04 -HTF,11000,shopify,0,deny,manual,7.41,,TRUE,TRUE,,,,,,https://cdn.shopify.com/s/files/1/0947/5545/5242/files/Jelly_Neon_Flash_JNF04_-HTF.webp?v=1777730808,1,,FALSE,,,,kg,,,active
1913-shallow-water-htf,1913 Shallow Water -HTF,"<p>Tutti i gel polish devono essere polimerizzati per almeno 60 secondi, poiché sono TPO-free.</p>",GEL.IT.UP Italy,,,"Solid Gel Colours, Green, Gel Polish",TRUE,Title,Default Title,Green,,,,,,,1913 Shallow Water -HTF,11000,shopify,0,deny,manual,7.41,,TRUE,TRUE,,,,,,https://cdn.shopify.com/s/files/1/0947/5545/5242/files/GIUP-1913.webp?v=1777730802,1,,FALSE,,,,kg,,,active
gel-it-up-1-r24-11ml-htf,GEL.IT.UP 1 R24 11ml -HTF,"<p>Tutti i gel polish devono essere polimerizzati per almeno 60 secondi, poiché sono TPO-free.</p>",GEL.IT.UP Italy,,,Gel Polish,TRUE,Title,Default Title,,,,,,,,GEL.IT.UP 1 R24 11ml -HTF,11000,shopify,0,deny,manual,8.97,,TRUE,TRUE,,,,,,https://cdn.shopify.com/s/files/1/0947/5545/5242/files/GIUP-R024.webp?v=1777730802,1,,FALSE,,,,kg,,,active
line-it-up-red-htf,LINE IT UP RED -HTF,"<p>Tutti i gel polish devono essere polimerizzati per almeno 60 secondi, poiché sono TPO-free.</p>",GEL.IT.UP Italy,,,Gel Polish,TRUE,Title,Default Title,,,,,,,,LINE IT UP RED -HTF,11000,shopify,0,deny,manual,5.48,,TRUE,TRUE,,,,,,https://cdn.shopify.com/s/files/1/0947/5545/5242/files/line-it-UP__0006_Red.webp?v=1777730795,1,,FALSE,,,,kg,,,active
2106-take-a-slice-htf,2106 Take a Slice -HTF,"<p>Tutti i gel polish devono essere polimerizzati per almeno 60 secondi, poiché sono TPO-free.</p>",GEL.IT.UP Italy,,,Gel Polish,TRUE,Title,Default Title,,,,,,,,2106 Take a Slice -HTF,11000,shopify,0,deny,manual,7.41,,TRUE,TRUE,,,,,,https://cdn.shopify.com/s/files/1/0947/5545/5242/files/GIUP-106_17695cb4-be70-4249-95a0-65cf3eff4ba6.webp?v=1777732609,1,,FALSE,,,,kg,,,active
106-smooch-htf,106 Smooch -HTF,"<p>Tutti i gel polish devono essere polimerizzati per almeno 60 secondi, poiché sono TPO-free.</p>",GEL.IT.UP Italy,Uncategorized,,"Solid Gel Colours, Pink, Gel Polish",TRUE,Title,Default Title,Pink,,,,,,,106 Smooch -HTF,11000,shopify,0,deny,manual,7.41,,TRUE,TRUE,,,,,,https://cdn.shopify.com/s/files/1/0947/5545/5242/files/GIUP-106.webp?v=1777819264,1,,FALSE,,,,kg,,,active
sapphire-cat-eye-sce02-htf,Sapphire Cat Eye #SCE02 -HTF,"<p>Tutti i gel polish devono essere polimerizzati per almeno 60 secondi, poiché sono TPO-free.</p>",GEL.IT.UP Italy,,,Gel Polish,TRUE,Title,Default Title,,,,,,,,Sapphire Cat Eye #SCE02 -HTF,11000,shopify,0,deny,manual,10.8,,TRUE,TRUE,,,,,,https://cdn.shopify.com/s/files/1/0947/5545/5242/files/SCE02.webp?v=1777730789,1,,FALSE,,,,kg,,,active
2127-creativity-htf,2127 Creativity -HTF,"<p>Tutti i gel polish devono essere polimerizzati per almeno 60 secondi, poiché sono TPO-free.</p>",GEL.IT.UP Italy,,,"Solid Gel Colours, Grey, Gel Polish",TRUE,Title,Default Title,Grey,,,,,,,2127 Creativity -HTF,11000,shopify,0,deny,manual,7.41,,TRUE,TRUE,,,,,,https://cdn.shopify.com/s/files/1/0947/5545/5242/files/GIUP-127_32dc625a-2bd4-4446-aca4-1564664f7576.webp?v=1777732602,1,,FALSE,,,,kg,,,active
127-purple-hearts-htf,127 Purple Hearts -HTF,"<p>Tutti i gel polish devono essere polimerizzati per almeno 60 secondi, poiché sono TPO-free.</p>",GEL.IT.UP Italy,Uncategorized,,"Solid Gel Colours, Purple, Gel Polish",TRUE,Title,Default Title,Purple,,,,,,,127 Purple Hearts -HTF,11000,shopify,0,deny,manual,7.41,,TRUE,TRUE,,,,,,https://cdn.shopify.com/s/files/1/0947/5545/5242/files/GIUP-127.webp?v=1777819489,1,,FALSE,,,,kg,,,active
1809-naughtier-than-nice-htf,1809 Naughtier Than Nice -HTF,"<p>Tutti i gel polish devono essere polimerizzati per almeno 60 secondi, poiché sono TPO-free.</p>",GEL.IT.UP Italy,,,"Solid Gel Colours, Purple, Gel Polish",TRUE,Title,Default Title,Purple,,,,,,,1809 Naughtier Than Nice -HTF,11000,shopify,0,deny,manual,7.41,,TRUE,TRUE,,,,,,https://cdn.shopify.com/s/files/1/0947/5545/5242/files/GIUP-1809.webp?v=1777730778,1,,FALSE,,,,kg,,,active
almond-cuticle-scrub-remover-5ml-htf,Almond Cuticle Scrub Remover 5ml -HTF,,GEL.IT.UP Italy,,,,TRUE,Title,Default Title,,,,,,,,Almond Cuticle Scrub Remover 5ml -HTF,0,shopify,0,deny,manual,1.68,,TRUE,TRUE,,,,,,https://cdn.shopify.com/s/files/1/0947/5545/5242/files/Almond_Cuticle_Scrub_Remover_5ml_-HTF.webp?v=1777730778,1,,FALSE,,,,kg,,,active
multimix-synthogel-30gr-baby-blue-htf,MultiMix Synthogel 30gr Baby Blue -HTF,"<p>Formula di alta qualità che unisce la resistenza dell’acrilico alla facilità del gel. Ideale per rinforzo dell’unghia naturale e ricostruzioni, non cola, è inodore e non brucia in lampada. Applicabile con Dual Form, Nail Forms o tecnica libera. 100% HEMA/TPO-free.</p>",GEL.IT.UP Italy,,,,TRUE,Title,Default Title,,,,,,,,MultiMix Synthogel 30gr Baby Blue -HTF,30000,shopify,0,deny,manual,12.19,,TRUE,TRUE,,,,,,https://cdn.shopify.com/s/files/1/0947/5545/5242/files/multimix_baby_blue_color.webp?v=1777730772,1,,FALSE,,,,kg,,,active
2041-di-bi-di-bi-htf,2041 Di-Bi-Di-Bi -HTF,"<p>Tutti i gel polish devono essere polimerizzati per almeno 60 secondi, poiché sono TPO-free.</p>",GEL.IT.UP Italy,,,"Solid Gel Colours, Coral Orange, Gel Polish",TRUE,Title,Default Title,Coral Orange,,,,,,,2041 Di-Bi-Di-Bi -HTF,11000,shopify,0,deny,manual,7.41,,TRUE,TRUE,,,,,,https://cdn.shopify.com/s/files/1/0947/5545/5242/files/GIUP-2041.webp?v=1777730768,1,,FALSE,,,,kg,,,active
2408-htf,2408 -HTF,"<p>Tutti i gel polish devono essere polimerizzati per almeno 60 secondi, poiché sono TPO-free.</p>",GEL.IT.UP Italy,Uncategorized,,Gel Polish,TRUE,Title,Default Title,,,,,,,,2408 -HTF,11000,shopify,0,deny,manual,7.41,,TRUE,TRUE,,,,,,https://cdn.shopify.com/s/files/1/0947/5545/5242/files/GIUP-2408.webp?v=1777821173,1,,FALSE,,,,kg,,,active
117-plum-it-htf,117 Plum-it -HTF,"<p>Tutti i gel polish devono essere polimerizzati per almeno 60 secondi, poiché sono TPO-free.</p>",GEL.IT.UP Italy,,,"Solid Gel Colours, Pink, Gel Polish",TRUE,Title,Default Title,Pink,,,,,,,117 Plum-it -HTF,11000,shopify,0,deny,manual,7.41,,TRUE,TRUE,,,,,,https://cdn.shopify.com/s/files/1/0947/5545/5242/files/GIUP-117.webp?v=1777730763,1,,FALSE,,,,kg,,,active
2515-shadow-grey-htf,2515 Shadow Grey -HTF,"<p>Tutti i gel polish devono essere polimerizzati per almeno 60 secondi, poiché sono TPO-free.</p>",GEL.IT.UP Italy,,,"Solid Gel Colours, Green, Gel Polish",TRUE,Title,Default Title,Green,,,,,,,2515 Shadow Grey -HTF,11000,shopify,0,deny,manual,7.41,,TRUE,TRUE,,,,,,https://cdn.shopify.com/s/files/1/0947/5545/5242/files/GIUP-2515.webp?v=1777730758,1,,FALSE,,,,kg,,,active
2052-clear-grey-skies-htf,2052 Clear Grey Skies -HTF,"<p>Tutti i gel polish devono essere polimerizzati per almeno 60 secondi, poiché sono TPO-free.</p>",GEL.IT.UP Italy,,,"Solid Gel Colours, Grey, Gel Polish",TRUE,Title,Default Title,Grey,,,,,,,2052 Clear Grey Skies -HTF,11000,shopify,0,deny,manual,7.41,,TRUE,TRUE,,,,,,https://cdn.shopify.com/s/files/1/0947/5545/5242/files/GIUP-2052.webp?v=1777730757,1,,FALSE,,,,kg,,,active
shimmer-top-fairy-stf-01-htf,Shimmer Top Fairy #STF 01 -HTF,<p>Bellissimi glitter top coat per un finish finale luminoso e impeccabile.</p>,GEL.IT.UP Italy,,,,TRUE,Title,Default Title,,,,,,,,Shimmer Top Fairy #STF 01 -HTF,11000,shopify,0,deny,manual,8.97,,TRUE,TRUE,,,,,,https://cdn.shopify.com/s/files/1/0947/5545/5242/files/Shimmer_Top_Fairy_STF_01_-HTF.webp?v=1777730752,1,,FALSE,,,,kg,,,active
ad02-cyprus-hill-asylum-htf,AD02 Cyprus Hill Asylum -HTF,"<p>Tutti i gel polish devono essere polimerizzati per almeno 60 secondi, poiché sono TPO-free.</p>",GEL.IT.UP Italy,,,"Solid Gel Colours, Green, Gel Polish",TRUE,Title,Default Title,Green,,,,,,,AD02 Cyprus Hill Asylum -HTF,11000,shopify,0,deny,manual,7.41,,TRUE,TRUE,,,,,,https://cdn.shopify.com/s/files/1/0947/5545/5242/files/GIUP-AD02.webp?v=1777730751,1,,FALSE,,,,kg,,,active
2445-gunmetal-grey-htf,2445 Gunmetal Grey -HTF,"<p>Tutti i gel polish devono essere polimerizzati per almeno 60 secondi, poiché sono TPO-free.</p>",GEL.IT.UP Italy,,,"Solid Gel Colours, Grey, Gel Polish",TRUE,Title,Default Title,Grey,,,,,,,2445 Gunmetal Grey -HTF,11000,shopify,0,deny,manual,7.41,,TRUE,TRUE,,,,,,https://cdn.shopify.com/s/files/1/0947/5545/5242/files/GIUP-2445.webp?v=1777730745,1,,FALSE,,,,kg,,,active
322-badassium-htf,322 Badassium -HTF,"<p>Tutti i gel polish devono essere polimerizzati per almeno 60 secondi, poiché sono TPO-free.</p>",GEL.IT.UP Italy,,,Gel Polish,TRUE,Title,Default Title,,,,,,,,322 Badassium -HTF,11000,shopify,0,deny,manual,7.41,,TRUE,TRUE,,,,,,https://cdn.shopify.com/s/files/1/0947/5545/5242/files/GIUP-322.webp?v=1777730743,1,,FALSE,,,,kg,,,active
1931-htf,1931 -HTF,"<p>Tutti i gel polish devono essere polimerizzati per almeno 60 secondi, poiché sono TPO-free.</p>",GEL.IT.UP Italy,,,"Solid Gel Colours, Pink, Gel Polish",TRUE,Title,Default Title,Pink,,,,,,,1931 -HTF,11000,shopify,0,deny,manual,7.41,,TRUE,TRUE,,,,,,https://cdn.shopify.com/s/files/1/0947/5545/5242/files/GIUP-1931.webp?v=1777730740,1,,FALSE,,,,kg,,,active
cross-magnet-black,Cross Magnet Black,,GEL.IT.UP Italy,,,,TRUE,Title,Default Title,,,,,,,,Cross Magnet Black,0,shopify,0,deny,manual,5.2,,TRUE,TRUE,,,,,,https://cdn.shopify.com/s/files/1/0947/5545/5242/files/cross_magnet_black.webp?v=1777730737,1,,FALSE,,,,kg,,,active
1904-sienna-htf,1904 Sienna -HTF,"<p>Tutti i gel polish devono essere polimerizzati per almeno 60 secondi, poiché sono TPO-free.</p>",GEL.IT.UP Italy,,,"Solid Gel Colours, Coral Orange, Gel Polish",TRUE,Title,Default Title,Coral Orange,,,,,,,1904 Sienna -HTF,11000,shopify,0,deny,manual,7.41,,TRUE,TRUE,,,,,,https://cdn.shopify.com/s/files/1/0947/5545/5242/files/GIUP-1904.webp?v=1777730734,1,,FALSE,,,,kg,,,active
premium-builder-gel-pink-40gr-htf,Premium Builder Gel Pink 40gr -HTF,"<p>GEL.IT.UP 3-in-1 Premium è un builder gel monofasico con fibre di vetro, studiato per offrire massima resistenza strutturale e lunga durata. Ideale per il rinforzo dell’unghia naturale e per ricostruzioni. Si applica con precisione, non cola e non ingiallisce nel tempo. Non richiede base coat prima dell’applicazione. Perfetto per nail technician che cercano struttura prevedibile, controllo dell’adesione e performance professionale. Benefici principali: rinforzo con fibre di vetro, sistema monofasico, comfort cool-cure e formula 100% HEMA/TPO-free. Applicazione: applicare direttamente sull’unghia preparata, modellare la struttura desiderata e polimerizzare per almeno 60 secondi.</p>",GEL.IT.UP Italy,Animals & Pet Supplies > Pet Supplies,,,TRUE,Title,Default Title,,,,,,,,Premium Builder Gel Pink 40gr -HTF,40000,shopify,0,deny,manual,24.45,,TRUE,TRUE,,,,,,https://cdn.shopify.com/s/files/1/0947/5545/5242/files/3-in-1-premium-builder_gels_pink.webp?v=1777730731,1,,FALSE,,,,kg,,,active
5-in-1-superior-base-15ml-milky-glitter-htf,5-IN-1 Superior Base 15ml Milky Glitter -HTF,"<p>La GEL.IT.UP 5-in-1 Base Coat è una base multifunzione che offre cinque utilizzi in un unico flacone: base per gel polish semipermanente, rinforzo per unghie sottili e fragili, gel modellante per piccole correzioni, base adesiva per strass e decorazioni 3D, e gel per piccoli allungamenti e rinforzo dell’unghia naturale.</p>",GEL.IT.UP Italy,,,,TRUE,Title,Default Title,,,,,,,,5-IN-1 Superior Base 15ml Milky Glitter -HTF,15000,shopify,0,deny,manual,12.84,,TRUE,TRUE,,,,,,,,,FALSE,,,,kg,,,active
5-in-1-superior-base-15ml-glittery-pink-htf,5-IN-1 Superior Base 15ml Glittery Pink -HTF,"<p>La GEL.IT.UP 5-in-1 Base Coat è una base multifunzione che offre cinque utilizzi in un unico flacone: base per gel polish semipermanente, rinforzo per unghie sottili e fragili, gel modellante per piccole correzioni, base adesiva per strass e decorazioni 3D, e gel per piccoli allungamenti e rinforzo dell’unghia naturale.</p>",GEL.IT.UP Italy,,,,TRUE,Title,Default Title,,,,,,,,5-IN-1 Superior Base 15ml Glittery Pink -HTF,15000,shopify,0,deny,manual,12.84,,TRUE,TRUE,,,,,,https://cdn.shopify.com/s/files/1/0947/5545/5242/files/5-IN-1_Superior_Base_15ml_Glittery_Pink_-HTF.webp?v=1777730728,1,,FALSE,,,,kg,,,active
208-cosmolite-htf,208 Cosmolite -HTF,"<p>Tutti i gel polish devono essere polimerizzati per almeno 60 secondi, poiché sono TPO-free.</p>",GEL.IT.UP Italy,,,Gel Polish,TRUE,Title,Default Title,,,,,,,,208 Cosmolite -HTF,11000,shopify,0,deny,manual,7.41,,TRUE,TRUE,,,,,,https://cdn.shopify.com/s/files/1/0947/5545/5242/files/GIUP-208.webp?v=1777730721,1,,FALSE,,,,kg,,,active
2435-shower-me-in-diamonds-htf,2435 Shower Me in Diamonds -HTF,"<p>Tutti i gel polish devono essere polimerizzati per almeno 60 secondi, poiché sono TPO-free.</p>",GEL.IT.UP Italy,,,Gel Polish,TRUE,Title,Default Title,,,,,,,,2435 Shower Me in Diamonds -HTF,11000,shopify,0,deny,manual,7.41,,TRUE,TRUE,,,,,,https://cdn.shopify.com/s/files/1/0947/5545/5242/files/GIUP-2435.webp?v=1777730717,1,,FALSE,,,,kg,,,active
2429-2-blue-2-b-tru-htf,2429 2 Blue 2 B Tru -HTF,"<p>Tutti i gel polish devono essere polimerizzati per almeno 60 secondi, poiché sono TPO-free.</p>",GEL.IT.UP Italy,,,"Solid Gel Colours, Blue, Gel Polish",TRUE,Title,Default Title,Blue,,,,,,,2429 2 Blue 2 B Tru -HTF,11000,shopify,0,deny,manual,7.41,,TRUE,TRUE,,,,,,https://cdn.shopify.com/s/files/1/0947/5545/5242/files/GIUP-2429.webp?v=1777730714,1,,FALSE,,,,kg,,,active
2112-lola-la-la-la-lola-htf,2112 Lola la la la Lola -HTF,"<p>Tutti i gel polish devono essere polimerizzati per almeno 60 secondi, poiché sono TPO-free.</p>",GEL.IT.UP Italy,Uncategorized,,Gel Polish,TRUE,Title,Default Title,,,,,,,,2112 Lola la la la Lola -HTF,11000,shopify,0,deny,manual,7.41,,TRUE,TRUE,,,,,,https://cdn.shopify.com/s/files/1/0947/5545/5242/files/GIUP-2112.webp?v=1777820076,1,,FALSE,,,,kg,,,active
112-moscow-pink-htf,112 Moscow Pink -HTF,"<p>Tutti i gel polish devono essere polimerizzati per almeno 60 secondi, poiché sono TPO-free.</p>",GEL.IT.UP Italy,,,"Solid Gel Colours, Pink, Gel Polish",TRUE,Title,Default Title,Pink,,,,,,,112 Moscow Pink -HTF,11000,shopify,0,deny,manual,7.41,,TRUE,TRUE,,,,,,https://cdn.shopify.com/s/files/1/0947/5545/5242/files/GIUP-112.webp?v=1777730708,1,,FALSE,,,,kg,,,active
1946-whoops-htf,1946 Whoops -HTF,"<p>Tutti i gel polish devono essere polimerizzati per almeno 60 secondi, poiché sono TPO-free.</p>",GEL.IT.UP Italy,,,"Solid Gel Colours, Pink, Gel Polish",TRUE,Title,Default Title,Pink,,,,,,,1946 Whoops -HTF,11000,shopify,0,deny,manual,7.41,,TRUE,TRUE,,,,,,https://cdn.shopify.com/s/files/1/0947/5545/5242/files/GIUP-1946.webp?v=1777730708,1,,FALSE,,,,kg,,,active
20c-dawn-patrol-htf,20C Dawn Patrol -HTF,"<p>Tutti i gel polish devono essere polimerizzati per almeno 60 secondi, poiché sono TPO-free.</p>",GEL.IT.UP Italy,,,"Solid Gel Colours, Yellow, Gel Polish",TRUE,Title,Default Title,Yellow,,,,,,,20C Dawn Patrol -HTF,11000,shopify,0,deny,manual,7.41,,TRUE,TRUE,,,,,,https://cdn.shopify.com/s/files/1/0947/5545/5242/files/GIUP-20C.webp?v=1777730702,1,,FALSE,,,,kg,,,active
2456-maybe-denim-htf,2456 Maybe Denim -HTF,"<p>Tutti i gel polish devono essere polimerizzati per almeno 60 secondi, poiché sono TPO-free.</p>",GEL.IT.UP Italy,,,"Solid Gel Colours, Blue, Gel Polish",TRUE,Title,Default Title,Blue,,,,,,,2456 Maybe Denim -HTF,11000,shopify,0,deny,manual,7.41,,TRUE,TRUE,,,,,,https://cdn.shopify.com/s/files/1/0947/5545/5242/files/GIUP-2456.webp?v=1777730702,1,,FALSE,,,,kg,,,active
100a-she-bangs-htf,100A She Bangs -HTF,"<p>Tutti i gel polish devono essere polimerizzati per almeno 60 secondi, poiché sono TPO-free.</p>",GEL.IT.UP Italy,,,"Solid Gel Colours, Pink, Gel Polish",TRUE,Title,Default Title,Pink,,,,,,,100A She Bangs -HTF,11000,shopify,0,deny,manual,7.41,,TRUE,TRUE,,,,,,https://cdn.shopify.com/s/files/1/0947/5545/5242/files/GIUP-100A.webp?v=1777730697,1,,FALSE,,,,kg,,,active
2143-sunshine-ahead-htf,2143 Sunshine Ahead -HTF,"<p>Tutti i gel polish devono essere polimerizzati per almeno 60 secondi, poiché sono TPO-free.</p>",GEL.IT.UP Italy,,,"Solid Gel Colours, Yellow, Gel Polish",TRUE,Title,Default Title,Yellow,,,,,,,2143 Sunshine Ahead -HTF,11000,shopify,0,deny,manual,7.41,,TRUE,TRUE,,,,,,https://cdn.shopify.com/s/files/1/0947/5545/5242/files/GIUP-2143.webp?v=1777730690,1,,FALSE,,,,kg,,,active
5-in-1-superior-base-15ml-iridescent-milky-flakes-htf,5-in-1 Superior Base 15ml Iridescent Milky Flakes -HTF,"<p>La GEL.IT.UP 5-in-1 Base Coat è una base multifunzione che offre cinque utilizzi in un unico flacone: base per gel polish semipermanente, rinforzo per unghie sottili e fragili, gel modellante per piccole correzioni, base adesiva per strass e decorazioni 3D, e gel per piccoli allungamenti e rinforzo dell’unghia naturale.</p>",GEL.IT.UP Italy,,,,TRUE,Title,Default Title,,,,,,,,5-in-1 Superior Base 15ml Iridescent Milky Flakes -HTF,15000,shopify,0,deny,manual,12.84,,TRUE,TRUE,,,,,,https://cdn.shopify.com/s/files/1/0947/5545/5242/files/5-in-1_Superior_Base_15ml_Iridescent_Milky_Flakes_-HTF.webp?v=1777730689,1,,FALSE,,,,kg,,,active
2120-spoilt-for-choice-htf,2120 Spoilt For Choice -HTF,"<p>Tutti i gel polish devono essere polimerizzati per almeno 60 secondi, poiché sono TPO-free.</p>",GEL.IT.UP Italy,,,"Solid Gel Colours, Green, Gel Polish",TRUE,Title,Default Title,Green,,,,,,,2120 Spoilt For Choice -HTF,11000,shopify,0,deny,manual,7.41,,TRUE,TRUE,,,,,,https://cdn.shopify.com/s/files/1/0947/5545/5242/files/GIUP-2120.webp?v=1777730685,1,,FALSE,,,,kg,,,active
brush-on-builder-gel-creamy-15ml-htf,Brush on Builder Gel Creamy 15ml -HTF,"<p>Brush On Builder è un BIAB autolivellante in flacone, ideale per rinforzare, modellare e perfezionare l’unghia naturale. Adatto anche per piccoli allungamenti fino a 3 mm.</p>",GEL.IT.UP Italy,,,,TRUE,Title,Default Title,,,,,,,,Brush on Builder Gel Creamy 15ml -HTF,15000,shopify,0,deny,manual,11.94,,TRUE,TRUE,,,,,,https://cdn.shopify.com/s/files/1/0947/5545/5242/files/GIUP-BOBCRM.webp?v=1777730683,1,,FALSE,,,,kg,,,active
sanitizer-200ml-htf,Sanitizer 200ml -HTF,,GEL.IT.UP Italy,,,,TRUE,Title,Default Title,,,,,,,,Sanitizer 200ml -HTF,200000,shopify,0,deny,manual,4.78,,TRUE,TRUE,,,,,,https://cdn.shopify.com/s/files/1/0947/5545/5242/files/GIUP-200.webp?v=1777730679,1,,FALSE,,,,kg,,,active
2321-twilight-tincture-htf,2321 Twilight Tincture -HTF,"<p>Tutti i gel polish devono essere polimerizzati per almeno 60 secondi, poiché sono TPO-free.</p>",GEL.IT.UP Italy,,,"Solid Gel Colours, Purple, Gel Polish",TRUE,Title,Default Title,Purple,,,,,,,2321 Twilight Tincture -HTF,11000,shopify,0,deny,manual,7.41,,TRUE,TRUE,,,,,,https://cdn.shopify.com/s/files/1/0947/5545/5242/files/GIUP-2321.webp?v=1777730676,1,,FALSE,,,,kg,,,active
81-mojito-mint-htf,81 Mojito Mint -HTF,"<p>Tutti i gel polish devono essere polimerizzati per almeno 60 secondi, poiché sono TPO-free.</p>",GEL.IT.UP Italy,,,"Solid Gel Colours, Green, Gel Polish",TRUE,Title,Default Title,Green,,,,,,,81 Mojito Mint -HTF,11000,shopify,0,deny,manual,7.41,,TRUE,TRUE,,,,,,https://cdn.shopify.com/s/files/1/0947/5545/5242/files/GIUP-81_a11481e0-7c41-4c53-be43-68def35df627.webp?v=1777732526,1,,FALSE,,,,kg,,,active
1819-frozen-htf,1819 Frozen -HTF,"<p>Tutti i gel polish devono essere polimerizzati per almeno 60 secondi, poiché sono TPO-free.</p>",GEL.IT.UP Italy,Uncategorized,,Gel Polish,TRUE,Title,Default Title,,,,,,,,1819 Frozen -HTF,11000,shopify,0,deny,manual,7.41,,TRUE,TRUE,,,,,,https://cdn.shopify.com/s/files/1/0947/5545/5242/files/GIUP-1819.webp?v=1777819759,1,,FALSE,,,,kg,,,active
2201-leave-mealon-htf,2201 Leave Mealon -HTF,"<p>Tutti i gel polish devono essere polimerizzati per almeno 60 secondi, poiché sono TPO-free.</p>",GEL.IT.UP Italy,,,"Solid Gel Colours, Coral Orange, Gel Polish",TRUE,Title,Default Title,Coral Orange,,,,,,,2201 Leave Mealon -HTF,11000,shopify,0,deny,manual,7.41,,TRUE,TRUE,,,,,,https://cdn.shopify.com/s/files/1/0947/5545/5242/files/GIUP-2201.webp?v=1777730669,1,,FALSE,,,,kg,,,active
nail-files-with-back-glue-180-packet-of-10,Nail Files With Back Glue 180 Packet of 10,"<p>Lima professionale di alta qualità, ideale per modellare, levigare e rifinire unghie naturali, gel e ricostruzioni con precisione.</p>",GEL.IT.UP Italy,,,,TRUE,Title,Default Title,,,,,,,,Nail Files With Back Glue 180 Packet of 10,0,shopify,0,deny,manual,3.81,,TRUE,TRUE,,,,,,https://cdn.shopify.com/s/files/1/0947/5545/5242/files/Nail_Files_With_Back_Glue_180_Packet_of_10.webp?v=1777730665,1,,FALSE,,,,kg,,,active
2300-in-the-shallows-htf,2300 In the Shallows -HTF,"<p>Tutti i gel polish devono essere polimerizzati per almeno 60 secondi, poiché sono TPO-free.</p>",GEL.IT.UP Italy,,,"Solid Gel Colours, Blue, Gel Polish",TRUE,Title,Default Title,Blue,,,,,,,2300 In the Shallows -HTF,11000,shopify,0,deny,manual,7.41,,TRUE,TRUE,,,,,,https://cdn.shopify.com/s/files/1/0947/5545/5242/files/GIUP-2300.webp?v=1777730663,1,,FALSE,,,,kg,,,active
dual-forms-long-almond,DUAL FORMS LONG ALMOND,,GEL.IT.UP Italy,,,,TRUE,Title,Default Title,,,,,,,,DUAL FORMS LONG ALMOND,120,shopify,0,deny,manual,6.38,,TRUE,TRUE,,,,,,https://cdn.shopify.com/s/files/1/0947/5545/5242/files/DUAL_FORMS_LONG_ALMOND.webp?v=1777730658,1,,FALSE,,,,kg,,,active
130-byzantium-htf,130 Byzantium -HTF,"<p>Tutti i gel polish devono essere polimerizzati per almeno 60 secondi, poiché sono TPO-free.</p>",GEL.IT.UP Italy,,,"Solid Gel Colours, Purple, Gel Polish",TRUE,Title,Default Title,Purple,,,,,,,130 Byzantium -HTF,11000,shopify,0,deny,manual,7.41,,TRUE,TRUE,,,,,,https://cdn.shopify.com/s/files/1/0947/5545/5242/files/GIUP-130.webp?v=1777730659,1,,FALSE,,,,kg,,,active
1823-pumpkin-pie-htf,1823 Pumpkin Pie -HTF,"<p>Tutti i gel polish devono essere polimerizzati per almeno 60 secondi, poiché sono TPO-free.</p>",GEL.IT.UP Italy,,,"Solid Gel Colours, Coral Orange, Gel Polish",TRUE,Title,Default Title,Coral Orange,,,,,,,1823 Pumpkin Pie -HTF,11000,shopify,0,deny,manual,7.41,,TRUE,TRUE,,,,,,https://cdn.shopify.com/s/files/1/0947/5545/5242/files/GIUP-1823.webp?v=1777730651,1,,FALSE,,,,kg,,,active
2502-cotton-blue-htf,2502 Cotton Blue -HTF,"<p>Tutti i gel polish devono essere polimerizzati per almeno 60 secondi, poiché sono TPO-free.</p>",GEL.IT.UP Italy,,,Gel Polish,TRUE,Title,Default Title,,,,,,,,2502 Cotton Blue -HTF,11000,shopify,0,deny,manual,7.41,,TRUE,TRUE,,,,,,https://cdn.shopify.com/s/files/1/0947/5545/5242/files/GIUP-2502.webp?v=1777730652,1,,FALSE,,,,kg,,,active
new-york-party-nyp02-htf,New York Party #NYP02 -HTF,"<p>Tutti i gel polish devono essere polimerizzati per almeno 60 secondi, poiché sono TPO-free.</p>",GEL.IT.UP Italy,,,Gel Polish,TRUE,Title,Default Title,,,,,,,,New York Party #NYP02 -HTF,11000,shopify,0,deny,manual,7.41,,TRUE,TRUE,,,,,,https://cdn.shopify.com/s/files/1/0947/5545/5242/files/New_York_Party_NYP02_-HTF.webp?v=1777730646,1,,FALSE,,,,kg,,,active
2519-merlot-veil-htf,2519 Merlot Veil -HTF,"<p>Tutti i gel polish devono essere polimerizzati per almeno 60 secondi, poiché sono TPO-free.</p>",GEL.IT.UP Italy,,,"Solid Gel Colours, Pink, Gel Polish",TRUE,Title,Default Title,Pink,,,,,,,2519 Merlot Veil -HTF,11000,shopify,0,deny,manual,7.41,,TRUE,TRUE,,,,,,https://cdn.shopify.com/s/files/1/0947/5545/5242/files/GIUP-2519.webp?v=1777730645,1,,FALSE,,,,kg,,,active
209-tink-her-bell-htf,209 Tink-Her-Bell -HTF,"<p>Tutti i gel polish devono essere polimerizzati per almeno 60 secondi, poiché sono TPO-free.</p>",GEL.IT.UP Italy,,,Gel Polish,TRUE,Title,Default Title,,,,,,,,209 Tink-Her-Bell -HTF,11000,shopify,0,deny,manual,7.41,,TRUE,TRUE,,,,,,https://cdn.shopify.com/s/files/1/0947/5545/5242/files/GIUP-209.webp?v=1777730640,1,,FALSE,,,,kg,,,active
gel-it-up-scrub-750ml-sassy-sassy-new,GEL IT UP SCRUB 750ml SASSY SASSY NEW,"<p>Con Aloe biologica e un cocktail unico di ingredienti attivi, profuma e idrata la pelle. Si assorbe rapidamente e non lascia residui grassi. Ingredienti: Aloe Vera biologica, Acido Ialuronico, Pantenolo.</p>",GEL.IT.UP Italy,,,,TRUE,Title,Default Title,,,,,,,,GEL IT UP SCRUB 750ml SASSY SASSY NEW,750000,shopify,0,deny,manual,16.06,,TRUE,TRUE,,,,,,https://cdn.shopify.com/s/files/1/0947/5545/5242/files/GEL_IT_UP_SCRUB_750ml_SASSY_SASSY_NEW.webp?v=1777730640,1,,FALSE,,,,kg,,,active
2058-pewt-me-on-the-shelf-htf,2058 Pewt me on the Shelf -HTF,"<p>Tutti i gel polish devono essere polimerizzati per almeno 60 secondi, poiché sono TPO-free.</p>",GEL.IT.UP Italy,,,"Solid Gel Colours, Green, Gel Polish",TRUE,Title,Default Title,Green,,,,,,,2058 Pewt me on the Shelf -HTF,11000,shopify,0,deny,manual,7.41,,TRUE,TRUE,,,,,,https://cdn.shopify.com/s/files/1/0947/5545/5242/files/GIUP-2058.webp?v=1777730634,1,,FALSE,,,,kg,,,active
pma-4-kapow-htf,PMA #4 Kapow -HTF,"<p>Tutti i gel polish devono essere polimerizzati per almeno 60 secondi, poiché sono TPO-free.</p>",GEL.IT.UP Italy,,,Gel Polish,TRUE,Title,Default Title,,,,,,,,PMA #4 Kapow -HTF,11000,shopify,0,deny,manual,7.41,,TRUE,TRUE,,,,,,https://cdn.shopify.com/s/files/1/0947/5545/5242/files/PMA_4_Kapow_-HTF.webp?v=1777730633,1,,FALSE,,,,kg,,,active
new-york-party-nyp01-htf,New York Party #NYP01 -HTF,"<p>Tutti i gel polish devono essere polimerizzati per almeno 60 secondi, poiché sono TPO-free.</p>",GEL.IT.UP Italy,,,Gel Polish,TRUE,Title,Default Title,,,,,,,,New York Party #NYP01 -HTF,11000,shopify,0,deny,manual,7.41,,TRUE,TRUE,,,,,,https://cdn.shopify.com/s/files/1/0947/5545/5242/files/New_York_Party_NYP01_-HTF.webp?v=1777730628,1,,FALSE,,,,kg,,,active
giup-8c,GIUP 8C,"<p>Tutti i gel polish devono essere polimerizzati per almeno 60 secondi, poiché sono TPO-free.</p>",GEL.IT.UP Italy,,,Gel Polish,TRUE,Title,Default Title,,,,,,,,GIUP 8C,11000,shopify,0,deny,manual,7.41,,TRUE,TRUE,,,,,,https://cdn.shopify.com/s/files/1/0947/5545/5242/files/GIUP-8C.webp?v=1777730627,1,,FALSE,,,,kg,,,active
2308-tealy-blue-htf,2308 Tealy Blue -HTF,"<p>Tutti i gel polish devono essere polimerizzati per almeno 60 secondi, poiché sono TPO-free.</p>",GEL.IT.UP Italy,,,"Solid Gel Colours, Green, Gel Polish",TRUE,Title,Default Title,Green,,,,,,,2308 Tealy Blue -HTF,11000,shopify,0,deny,manual,7.41,,TRUE,TRUE,,,,,,https://cdn.shopify.com/s/files/1/0947/5545/5242/files/GIUP-2308.webp?v=1777730621,1,,FALSE,,,,kg,,,active
2432-superb-milky-htf,2432 Superb Milky -HTF,"<p>Tutti i gel polish devono essere polimerizzati per almeno 60 secondi, poiché sono TPO-free.</p>",GEL.IT.UP Italy,,,Gel Polish,TRUE,Title,Default Title,,,,,,,,2432 Superb Milky -HTF,11000,shopify,0,deny,manual,7.41,,TRUE,TRUE,,,,,,https://cdn.shopify.com/s/files/1/0947/5545/5242/files/GIUP-2432.webp?v=1777730619,1,,FALSE,,,,kg,,,active
wireless-nail-dust-collector-new,Wireless Nail Dust Collector New,,GEL.IT.UP Italy,,,,TRUE,Title,Default Title,,,,,,,,Wireless Nail Dust Collector New,0,shopify,0,deny,manual,167.98,,TRUE,TRUE,,,,,,https://cdn.shopify.com/s/files/1/0947/5545/5242/files/DUST_COLLECTOR.webp?v=1777730615,1,,FALSE,,,,kg,,,active
19-kelp-me-htf,19 Kelp Me -HTF,"<p>Tutti i gel polish devono essere polimerizzati per almeno 60 secondi, poiché sono TPO-free.</p>",GEL.IT.UP Italy,,,"Solid Gel Colours, Green, Gel Polish",TRUE,Title,Default Title,Green,,,,,,,19 Kelp Me -HTF,11000,shopify,0,deny,manual,7.41,,TRUE,TRUE,,,,,,https://cdn.shopify.com/s/files/1/0947/5545/5242/files/GIUP-19.webp?v=1777730613,1,,FALSE,,,,kg,,,active
fr01-egalite-htf,FR01 Egalité -HTF,"<p>Tutti i gel polish devono essere polimerizzati per almeno 60 secondi, poiché sono TPO-free.</p>",GEL.IT.UP Italy,,,Gel Polish,TRUE,Title,Default Title,,,,,,,,FR01 Egalité -HTF,11000,shopify,0,deny,manual,7.41,,TRUE,TRUE,,,,,,https://cdn.shopify.com/s/files/1/0947/5545/5242/files/GIUP-FR01.webp?v=1777730608,1,,FALSE,,,,kg,,,active
non-wipe-top-coat-15ml-htf,Non Wipe Top Coat 15ml -HTF,"<p>Top Coat Non Wipe: massima durata e brillantezza, senza strato di dispersione. Non ingiallisce, non altera il colore e garantisce un finish lucido, impeccabile e a lunga durata.</p>",GEL.IT.UP Italy,,,,TRUE,Title,Default Title,,,,,,,,Non Wipe Top Coat 15ml -HTF,15000,shopify,0,deny,manual,10.84,,TRUE,TRUE,,,,,,https://cdn.shopify.com/s/files/1/0947/5545/5242/files/Non_Wipe_Top_Coat_15ml_-HTF.webp?v=1777730607,1,,FALSE,,,,kg,,,active
shimmer-collection-sh4-htf,Shimmer Collection #SH4 -HTF,"<p>Tutti i gel polish devono essere polimerizzati per almeno 60 secondi, poiché sono TPO-free.</p>",GEL.IT.UP Italy,,,Gel Polish,TRUE,Title,Default Title,,,,,,,,Shimmer Collection #SH4 -HTF,11000,shopify,0,deny,manual,7.41,,TRUE,TRUE,,,,,,https://cdn.shopify.com/s/files/1/0947/5545/5242/files/SH04.webp?v=1777730603,1,,FALSE,,,,kg,,,active
78-the-abyss-htf,78 The Abyss -HTF,"<p>Tutti i gel polish devono essere polimerizzati per almeno 60 secondi, poiché sono TPO-free.</p>",GEL.IT.UP Italy,,,"Solid Gel Colours, Blue, Gel Polish",TRUE,Title,Default Title,Blue,,,,,,,78 The Abyss -HTF,11000,shopify,0,deny,manual,7.41,,TRUE,TRUE,,,,,,https://cdn.shopify.com/s/files/1/0947/5545/5242/files/GIUP-78.webp?v=1777730601,1,,FALSE,,,,kg,,,active
2414-pink-lemonade-htf,2414 Pink Lemonade -HTF,"<p>Tutti i gel polish devono essere polimerizzati per almeno 60 secondi, poiché sono TPO-free.</p>",GEL.IT.UP Italy,,,Gel Polish,TRUE,Title,Default Title,,,,,,,,2414 Pink Lemonade -HTF,11000,shopify,0,deny,manual,7.41,,TRUE,TRUE,,,,,,https://cdn.shopify.com/s/files/1/0947/5545/5242/files/GIUP-2414.webp?v=1777730595,1,,FALSE,,,,kg,,,active
2109-commotion-in-the-ocean-htf,2109 Commotion in the Ocean -HTF,"<p>Tutti i gel polish devono essere polimerizzati per almeno 60 secondi, poiché sono TPO-free.</p>",GEL.IT.UP Italy,,,Gel Polish,TRUE,Title,Default Title,,,,,,,,2109 Commotion in the Ocean -HTF,11000,shopify,0,deny,manual,7.41,,TRUE,TRUE,,,,,,https://cdn.shopify.com/s/files/1/0947/5545/5242/files/GIUP-109.webp?v=1777730594,1,,FALSE,,,,kg,,,active
shimmer-collection-sh10-htf,Shimmer Collection #SH10 -HTF,"<p>Tutti i gel polish devono essere polimerizzati per almeno 60 secondi, poiché sono TPO-free.</p>",GEL.IT.UP Italy,,,Gel Polish,TRUE,Title,Default Title,,,,,,,,Shimmer Collection #SH10 -HTF,11000,shopify,0,deny,manual,8.9,,TRUE,TRUE,,,,,,https://cdn.shopify.com/s/files/1/0947/5545/5242/files/SH10.webp?v=1777730590,1,,FALSE,,,,kg,,,active
chilled-melon-cuticle-oil-100ml-htf,Chilled Melon Cuticle Oil 100ml -HTF,"<p>Con Aloe biologica, acido ialuronico e pantenolo. Idrata, profuma e si assorbe rapidamente senza ungere.</p>",GEL.IT.UP Italy,,,,TRUE,Title,Default Title,,,,,,,,Chilled Melon Cuticle Oil 100ml -HTF,0,shopify,0,deny,manual,7.2,,TRUE,TRUE,,,,,,https://cdn.shopify.com/s/files/1/0947/5545/5242/files/Chilled_Melon_Cuticle_Oil_100ml_-HTF.webp?v=1777730588,1,,FALSE,,,,kg,,,active
218-sweet-carbonight-htf,218 Sweet Carbonight -HTF,"<p>Tutti i gel polish devono essere polimerizzati per almeno 60 secondi, poiché sono TPO-free.</p>",GEL.IT.UP Italy,,,Gel Polish,TRUE,Title,Default Title,,,,,,,,218 Sweet Carbonight -HTF,11000,shopify,0,deny,manual,7.41,,TRUE,TRUE,,,,,,https://cdn.shopify.com/s/files/1/0947/5545/5242/files/GIUP-218.webp?v=1777730583,1,,FALSE,,,,kg,,,active
14-matriarch-htf,14 Matriarch -HTF,"<p>Tutti i gel polish devono essere polimerizzati per almeno 60 secondi, poiché sono TPO-free.</p>",GEL.IT.UP Italy,,,"Solid Gel Colours, Grey, Gel Polish",TRUE,Title,Default Title,Grey,,,,,,,14 Matriarch -HTF,11000,shopify,0,deny,manual,7.41,,TRUE,TRUE,,,,,,https://cdn.shopify.com/s/files/1/0947/5545/5242/files/GIUP-14.webp?v=1777730582,1,,FALSE,,,,kg,,,active
nw01-spot-my-top-htf,NW01 Spot my top -HTF,,GEL.IT.UP Italy,,,,TRUE,Title,Default Title,,,,,,,,NW01 Spot my top -HTF,11000,shopify,0,deny,manual,8.97,,TRUE,TRUE,,,,,,https://cdn.shopify.com/s/files/1/0947/5545/5242/files/NW01_Spot_my_top_-HTF.webp?v=1777730577,1,,FALSE,,,,kg,,,active
ad03-strange-blue-things-htf,AD03 Strange Blue Things -HTF,"<p>Tutti i gel polish devono essere polimerizzati per almeno 60 secondi, poiché sono TPO-free.</p>",GEL.IT.UP Italy,,,"Solid Gel Colours, Blue, Gel Polish",TRUE,Title,Default Title,Blue,,,,,,,AD03 Strange Blue Things -HTF,11000,shopify,0,deny,manual,7.41,,TRUE,TRUE,,,,,,https://cdn.shopify.com/s/files/1/0947/5545/5242/files/GIUP-AD03.webp?v=1777730577,1,,FALSE,,,,kg,,,active
pma-3-pop-dot-drama-htf,PMA #3 Pop Dot Drama -HTF,"<p>Tutti i gel polish devono essere polimerizzati per almeno 60 secondi, poiché sono TPO-free.</p>",GEL.IT.UP Italy,,,Gel Polish,TRUE,Title,Default Title,,,,,,,,PMA #3 Pop Dot Drama -HTF,11000,shopify,0,deny,manual,7.41,,TRUE,TRUE,,,,,,https://cdn.shopify.com/s/files/1/0947/5545/5242/files/PMA_3_Pop_Dot_Drama_-HTF.webp?v=1777730572,1,,FALSE,,,,kg,,,active
2132-lilac-chaser-illusion-htf,2132 Lilac Chaser Illusion -HTF,"<p>Tutti i gel polish devono essere polimerizzati per almeno 60 secondi, poiché sono TPO-free.</p>",GEL.IT.UP Italy,,,"Solid Gel Colours, Purple, Gel Polish",TRUE,Title,Default Title,Purple,,,,,,,2132 Lilac Chaser Illusion -HTF,11000,shopify,0,deny,manual,7.41,,TRUE,TRUE,,,,,,https://cdn.shopify.com/s/files/1/0947/5545/5242/files/GIUP-2132.webp?v=1777730566,1,,FALSE,,,,kg,,,active
gel-it-up-1-r32-11ml-htf,GEL.IT.UP 1 R32 11ml -HTF,"<p>Tutti i gel polish devono essere polimerizzati per almeno 60 secondi, poiché sono TPO-free.</p>",GEL.IT.UP Italy,,,Gel Polish,TRUE,Title,Default Title,,,,,,,,GEL.IT.UP 1 R32 11ml -HTF,11000,shopify,0,deny,manual,8.97,,TRUE,TRUE,,,,,,https://cdn.shopify.com/s/files/1/0947/5545/5242/files/GIUP-R032.webp?v=1777730565,1,,FALSE,,,,kg,,,active
professional-cuticle-pusher-double-action-rounded-2042-new,"Professional Cuticle Pusher- Double Action, Rounded 2042 New",,GEL.IT.UP Italy,,,,TRUE,Title,Default Title,,,,,,,,"Professional Cuticle Pusher- Double Action, Rounded 2042 New",0,shopify,0,deny,manual,5.74,,TRUE,TRUE,,,,,,https://cdn.shopify.com/s/files/1/0947/5545/5242/files/GIUP-2042_e5584145-defb-42cf-a44a-235c9bfb818f.webp?v=1777732464,1,,FALSE,,,,kg,,,active
2042-up-up-htf,2042 Up-Up -HTF,"<p>Tutti i gel polish devono essere polimerizzati per almeno 60 secondi, poiché sono TPO-free.</p>",GEL.IT.UP Italy,,,"Solid Gel Colours, Brown, Gel Polish",TRUE,Title,Default Title,Brown,,,,,,,2042 Up-Up -HTF,11000,shopify,0,deny,manual,7.41,,TRUE,TRUE,,,,,,,,,FALSE,,,,kg,,,active
2206-jazzberry-htf,2206 Jazzberry -HTF,"<p>Tutti i gel polish devono essere polimerizzati per almeno 60 secondi, poiché sono TPO-free.</p>",GEL.IT.UP Italy,,,"Solid Gel Colours, Pink, Gel Polish",TRUE,Title,Default Title,Pink,,,,,,,2206 Jazzberry -HTF,11000,shopify,0,deny,manual,7.41,,TRUE,TRUE,,,,,,https://cdn.shopify.com/s/files/1/0947/5545/5242/files/GIUP-2206.webp?v=1777730559,1,,FALSE,,,,kg,,,active
giup-2b,GIUP 2B,"<p>Tutti i gel polish devono essere polimerizzati per almeno 60 secondi, poiché sono TPO-free.</p>",GEL.IT.UP Italy,,,Gel Polish,TRUE,Title,Default Title,,,,,,,,GIUP 2B,11000,shopify,0,deny,manual,7.41,,TRUE,TRUE,,,,,,https://cdn.shopify.com/s/files/1/0947/5545/5242/files/GIUP-2B.webp?v=1777730554,1,,FALSE,,,,kg,,,active
02b-sweetheart-htf,02B Sweetheart -HTF,"<p>Tutti i gel polish devono essere polimerizzati per almeno 60 secondi, poiché sono TPO-free.</p>",GEL.IT.UP Italy,Uncategorized,,Gel Polish,TRUE,Title,Default Title,,,,,,,,02B Sweetheart -HTF,11000,shopify,0,deny,manual,7.41,,TRUE,TRUE,,,,,,https://cdn.shopify.com/s/files/1/0947/5545/5242/files/GIUP-2C_ec7bf6d4-4422-4e10-b34e-88cca308af9f.webp?v=1777817669,1,,FALSE,,,,kg,,,active
giup-7b,GIUP 7B,"<p>Tutti i gel polish devono essere polimerizzati per almeno 60 secondi, poiché sono TPO-free.</p>",GEL.IT.UP Italy,,,Gel Polish,TRUE,Title,Default Title,,,,,,,,GIUP 7B,11000,shopify,0,deny,manual,7.41,,TRUE,TRUE,,,,,,https://cdn.shopify.com/s/files/1/0947/5545/5242/files/GIUP-7B_9c312f02-68c3-4b44-bb49-e41961142acc.webp?v=1777732453,1,,FALSE,,,,kg,,,active
07b-liberte-htf,07B Liberte -HTF,"<p>Tutti i gel polish devono essere polimerizzati per almeno 60 secondi, poiché sono TPO-free.</p>",GEL.IT.UP Italy,Uncategorized,,Gel Polish,TRUE,Title,Default Title,,,,,,,,07B Liberte -HTF,11000,shopify,0,deny,manual,7.41,,TRUE,TRUE,,,,,,https://cdn.shopify.com/s/files/1/0947/5545/5242/files/GIUP-7B_1dae8969-f904-4d8c-ab83-c84d2c018913.webp?v=1777818690,1,,FALSE,,,,kg,,,active
shimmer-collection-sh3-htf,Shimmer Collection #SH3 -HTF,"<p>Tutti i gel polish devono essere polimerizzati per almeno 60 secondi, poiché sono TPO-free.</p>",GEL.IT.UP Italy,,,Gel Polish,TRUE,Title,Default Title,,,,,,,,Shimmer Collection #SH3 -HTF,11000,shopify,0,deny,manual,7.41,,TRUE,TRUE,,,,,,https://cdn.shopify.com/s/files/1/0947/5545/5242/files/SH03.webp?v=1777730545,1,,FALSE,,,,kg,,,active
2439-irish-cream-htf,2439 Irish Cream -HTF,"<p>Tutti i gel polish devono essere polimerizzati per almeno 60 secondi, poiché sono TPO-free.</p>",GEL.IT.UP Italy,,,"Solid Gel Colours, Brown, Gel Polish",TRUE,Title,Default Title,Brown,,,,,,,2439 Irish Cream -HTF,11000,shopify,0,deny,manual,7.41,,TRUE,TRUE,,,,,,https://cdn.shopify.com/s/files/1/0947/5545/5242/files/GIUP-2439.webp?v=1777730542,1,,FALSE,,,,kg,,,active
2133-voir-la-vie-en-rose-htf,2133 Voir la vie en rose -HTF,"<p>Tutti i gel polish devono essere polimerizzati per almeno 60 secondi, poiché sono TPO-free.</p>",GEL.IT.UP Italy,,,"Solid Gel Colours, Brown, Gel Polish",TRUE,Title,Default Title,Brown,,,,,,,2133 Voir la vie en rose -HTF,11000,shopify,0,deny,manual,7.41,,TRUE,TRUE,,,,,,https://cdn.shopify.com/s/files/1/0947/5545/5242/files/GIUP-133_87ce5fd8-5d73-4a75-9577-7811effb4501.webp?v=1777732445,1,,FALSE,,,,kg,,,active
133-african-violet-htf,133 African Violet -HTF,"<p>Tutti i gel polish devono essere polimerizzati per almeno 60 secondi, poiché sono TPO-free.</p>",GEL.IT.UP Italy,Uncategorized,,"Solid Gel Colours, Purple, Gel Polish",TRUE,Title,Default Title,Purple,,,,,,,133 African Violet -HTF,11000,shopify,0,deny,manual,7.41,,TRUE,TRUE,,,,,,https://cdn.shopify.com/s/files/1/0947/5545/5242/files/GIUP-133.webp?v=1777819398,1,,FALSE,,,,kg,,,active
2425-frozen-nemo-htf,2425 Frozen Nemo -HTF,"<p>Tutti i gel polish devono essere polimerizzati per almeno 60 secondi, poiché sono TPO-free.</p>",GEL.IT.UP Italy,,,"Solid Gel Colours, Red, Gel Polish",TRUE,Title,Default Title,Red,,,,,,,2425 Frozen Nemo -HTF,11000,shopify,0,deny,manual,7.41,,TRUE,TRUE,,,,,,https://cdn.shopify.com/s/files/1/0947/5545/5242/files/GIUP-2425.webp?v=1777730535,1,,FALSE,,,,kg,,,active
54-seduce-me-htf,54 Seduce Me -HTF,"<p>Tutti i gel polish devono essere polimerizzati per almeno 60 secondi, poiché sono TPO-free.</p>",GEL.IT.UP Italy,,,"Solid Gel Colours, Red, Gel Polish",TRUE,Title,Default Title,Red,,,,,,,54 Seduce Me -HTF,11000,shopify,0,deny,manual,7.41,,TRUE,TRUE,,,,,,https://cdn.shopify.com/s/files/1/0947/5545/5242/files/GIUP-54_725f94fd-8a07-4bba-83b2-7997d2da1d91.webp?v=1777732440,1,,FALSE,,,,kg,,,active
254-colour-me-pink-htf,254 Colour Me Pink -HTF,"<p>Tutti i gel polish devono essere polimerizzati per almeno 60 secondi, poiché sono TPO-free.</p>",GEL.IT.UP Italy,Uncategorized,,Gel Polish,TRUE,Title,Default Title,,,,,,,,254 Colour Me Pink -HTF,11000,shopify,0,deny,manual,9.67,,TRUE,TRUE,,,,,,https://cdn.shopify.com/s/files/1/0947/5545/5242/files/GIUP-254.webp?v=1777821326,1,,FALSE,,,,kg,,,active
shimmer-collection-sh08-htf,Shimmer Collection #SH08 -HTF,"<p>Tutti i gel polish devono essere polimerizzati per almeno 60 secondi, poiché sono TPO-free.</p>",GEL.IT.UP Italy,,,Gel Polish,TRUE,Title,Default Title,,,,,,,,Shimmer Collection #SH08 -HTF,11000,shopify,0,deny,manual,8.9,,TRUE,TRUE,,,,,,https://cdn.shopify.com/s/files/1/0947/5545/5242/files/SH08.webp?v=1777730528,1,,FALSE,,,,kg,,,active
2312-tiny-splash-htf,2312 Tiny Splash -HTF,"<p>Tutti i gel polish devono essere polimerizzati per almeno 60 secondi, poiché sono TPO-free.</p>",GEL.IT.UP Italy,,,Gel Polish,TRUE,Title,Default Title,,,,,,,,2312 Tiny Splash -HTF,11000,shopify,0,deny,manual,7.41,,TRUE,TRUE,,,,,,https://cdn.shopify.com/s/files/1/0947/5545/5242/files/GIUP-2312.webp?v=1777730522,1,,FALSE,,,,kg,,,active
83-mojo-jojo-htf,83 Mojo Jojo -HTF,"<p>Tutti i gel polish devono essere polimerizzati per almeno 60 secondi, poiché sono TPO-free.</p>",GEL.IT.UP Italy,,,"Solid Gel Colours, Green, Gel Polish",TRUE,Title,Default Title,Green,,,,,,,83 Mojo Jojo -HTF,11000,shopify,0,deny,manual,7.41,,TRUE,TRUE,,,,,,https://cdn.shopify.com/s/files/1/0947/5545/5242/files/GIUP-83.webp?v=1777730521,1,,FALSE,,,,kg,,,active
tuttie-fruity-glass-tfg02-htf,Tuttie Fruity Glass #TFG02 -HTF,"<p>Tutti i gel polish devono essere polimerizzati per almeno 60 secondi, poiché sono TPO-free.</p>",GEL.IT.UP Italy,,,Gel Polish,TRUE,Title,Default Title,,,,,,,,Tuttie Fruity Glass #TFG02 -HTF,11000,shopify,0,deny,manual,7.41,,TRUE,TRUE,,,,,,https://cdn.shopify.com/s/files/1/0947/5545/5242/files/TFG02.webp?v=1777730517,1,,FALSE,,,,kg,,,active
151-praline-mocca-htf,151 Praline Mocca -HTF,"<p>Tutti i gel polish devono essere polimerizzati per almeno 60 secondi, poiché sono TPO-free.</p>",GEL.IT.UP Italy,,,"Solid Gel Colours, Brown, Gel Polish",TRUE,Title,Default Title,Brown,,,,,,,151 Praline Mocca -HTF,11000,shopify,0,deny,manual,7.41,,TRUE,TRUE,,,,,,https://cdn.shopify.com/s/files/1/0947/5545/5242/files/GIUP-151.webp?v=1777730516,1,,FALSE,,,,kg,,,active
tr01-mirror-x1-powder,TR01 Mirror X1 Powder,"<p>Aggiungi brillantezza alle tue unghie con i Mirror Powders, disponibili in 7 tonalità uniche. Dal silver luminoso al rose gold più deciso, sono ideali per professionisti e amanti della nail art.</p>",GEL.IT.UP Italy,,,,TRUE,Title,Default Title,,,,,,,,TR01 Mirror X1 Powder,0,shopify,0,deny,manual,5.15,,TRUE,TRUE,,,,,,https://cdn.shopify.com/s/files/1/0947/5545/5242/files/MIRROR_X1_33868c57-cfe2-4528-9d12-0db45d3e3e11.webp?v=1777730511,1,,FALSE,,,,kg,,,active
gel-it-up-scrub-750ml-silky-bliss-new,GEL IT UP SCRUB 750ml SILKY BLISS NEW,"<p>Con Aloe biologica e un cocktail unico di ingredienti attivi, profuma e idrata la pelle. Si assorbe rapidamente e non lascia residui grassi. Ingredienti: Aloe Vera biologica, Acido Ialuronico, Pantenolo.</p>",GEL.IT.UP Italy,,,,TRUE,Title,Default Title,,,,,,,,GEL IT UP SCRUB 750ml SILKY BLISS NEW,750000,shopify,0,deny,manual,16.06,,TRUE,TRUE,,,,,,https://cdn.shopify.com/s/files/1/0947/5545/5242/files/GEL_IT_UP_SCRUB_750ml_SILKY_BLISS_NEW.webp?v=1777730511,1,,FALSE,,,,kg,,,active
706-whale-watching-htf,706 Whale Watching -HTF,"<p>Tutti i gel polish devono essere polimerizzati per almeno 60 secondi, poiché sono TPO-free.</p>",GEL.IT.UP Italy,,,"Solid Gel Colours, Blue, Gel Polish",TRUE,Title,Default Title,Blue,,,,,,,706 Whale Watching -HTF,11000,shopify,0,deny,manual,7.41,,TRUE,TRUE,,,,,,https://cdn.shopify.com/s/files/1/0947/5545/5242/files/GIUP-706.webp?v=1777730504,1,,FALSE,,,,kg,,,active
multimix-synthogel-60gr-super-milky-htf,MultiMix Synthogel 60gr Super Milky -HTF,"<p>Formula di alta qualità che unisce la resistenza dell’acrilico alla facilità del gel. Ideale per rinforzo dell’unghia naturale e ricostruzioni, non cola, è inodore e non brucia in lampada. Applicabile con Dual Form, Nail Forms o tecnica libera. 100% HEMA/TPO-free.</p>",GEL.IT.UP Italy,,,,TRUE,Title,Default Title,,,,,,,,MultiMix Synthogel 60gr Super Milky -HTF,60000,shopify,0,deny,manual,21.29,,TRUE,TRUE,,,,,,https://cdn.shopify.com/s/files/1/0947/5545/5242/files/multimix_super_milky_color.webp?v=1777730503,1,,FALSE,,,,kg,,,active
1928-caretta-caretta-htf,1928 Caretta Caretta -HTF,"<p>Tutti i gel polish devono essere polimerizzati per almeno 60 secondi, poiché sono TPO-free.</p>",GEL.IT.UP Italy,,,"Solid Gel Colours, Green, Gel Polish",TRUE,Title,Default Title,Green,,,,,,,1928 Caretta Caretta -HTF,11000,shopify,0,deny,manual,7.41,,TRUE,TRUE,,,,,,https://cdn.shopify.com/s/files/1/0947/5545/5242/files/GIUP-1928.webp?v=1777730498,1,,FALSE,,,,kg,,,active
fr05-almond-glaze-htf,FR05 Almond Glaze -HTF,"<p>Tutti i gel polish devono essere polimerizzati per almeno 60 secondi, poiché sono TPO-free.</p>",GEL.IT.UP Italy,,,Gel Polish,TRUE,Title,Default Title,,,,,,,,FR05 Almond Glaze -HTF,11000,shopify,0,deny,manual,7.41,,TRUE,TRUE,,,,,,https://cdn.shopify.com/s/files/1/0947/5545/5242/files/GIUP-FR05.webp?v=1777730498,1,,FALSE,,,,kg,,,active
5-in-1-superior-base-15ml-milky-pink-htf,5-in-1 Superior Base 15ml Milky Pink -HTF,"<p>La GEL.IT.UP 5-in-1 Base Coat è una base multifunzione che offre cinque utilizzi in un unico flacone: base per gel polish semipermanente, rinforzo per unghie sottili e fragili, gel modellante per piccole correzioni, base adesiva per strass e decorazioni 3D, e gel per piccoli allungamenti e rinforzo dell’unghia naturale.</p>",GEL.IT.UP Italy,,,,TRUE,Title,Default Title,,,,,,,,5-in-1 Superior Base 15ml Milky Pink -HTF,15000,shopify,0,deny,manual,12.84,,TRUE,TRUE,,,,,,https://cdn.shopify.com/s/files/1/0947/5545/5242/files/5-in-1_Superior_Base_15ml_Milky_Pink_-HTF.webp?v=1777730492,1,,FALSE,,,,kg,,,active
gel-it-up-scrub-750ml-calm-frost-new,GEL IT UP SCRUB 750ml CALM FROST NEW,"<p>Con Aloe biologica e un cocktail unico di ingredienti attivi, profuma e idrata la pelle. Si assorbe rapidamente e non lascia residui grassi. Ingredienti: Aloe Vera biologica, Acido Ialuronico, Pantenolo.</p>",GEL.IT.UP Italy,,,,TRUE,Title,Default Title,,,,,,,,GEL IT UP SCRUB 750ml CALM FROST NEW,750000,shopify,0,deny,manual,16.06,,TRUE,TRUE,,,,,,https://cdn.shopify.com/s/files/1/0947/5545/5242/files/GEL_IT_UP_SCRUB_750ml_CALM_FROST_NEW.webp?v=1777730492,1,,FALSE,,,,kg,,,active
multimix-synthogel-60gr-glitter-pink-ii-htf,MultiMix Synthogel 60gr Glitter Pink II -HTF,"<p>Formula di alta qualità che unisce la resistenza dell’acrilico alla facilità del gel. Ideale per rinforzo dell’unghia naturale e ricostruzioni, non cola, è inodore e non brucia in lampada. Applicabile con Dual Form, Nail Forms o tecnica libera. 100% HEMA/TPO-free.</p>",GEL.IT.UP Italy,,,,TRUE,Title,Default Title,,,,,,,,MultiMix Synthogel 60gr Glitter Pink II -HTF,60000,shopify,0,deny,manual,21.29,,TRUE,TRUE,,,,,,https://cdn.shopify.com/s/files/1/0947/5545/5242/files/multimix_glitters_pink.webp?v=1777730485,1,,FALSE,,,,kg,,,active
fr04-living-coral-htf,FR04 Living Coral -HTF,"<p>Tutti i gel polish devono essere polimerizzati per almeno 60 secondi, poiché sono TPO-free.</p>",GEL.IT.UP Italy,,,Gel Polish,TRUE,Title,Default Title,,,,,,,,FR04 Living Coral -HTF,11000,shopify,0,deny,manual,7.41,,TRUE,TRUE,,,,,,https://cdn.shopify.com/s/files/1/0947/5545/5242/files/GIUP-FR04.webp?v=1777730485,1,,FALSE,,,,kg,,,active
liquid-polygel-lpg5-htf,Liquid Polygel #LPG5 -HTF,,GEL.IT.UP Italy,,,,TRUE,Title,Default Title,,,,,,,,Liquid Polygel #LPG5 -HTF,0,shopify,0,deny,manual,9.61,,TRUE,TRUE,,,,,,https://cdn.shopify.com/s/files/1/0947/5545/5242/files/LPG5.webp?v=1777730480,1,,FALSE,,,,kg,,,active
n023-princess-diaries-htf,N023 Princess Diaries -HTF,"<p>Tutti i gel polish devono essere polimerizzati per almeno 60 secondi, poiché sono TPO-free.</p>",GEL.IT.UP Italy,,,Gel Polish,TRUE,Title,Default Title,,,,,,,,N023 Princess Diaries -HTF,11000,shopify,0,deny,manual,7.41,,TRUE,TRUE,,,,,,https://cdn.shopify.com/s/files/1/0947/5545/5242/files/GIUP-23_e3ff9e66-9458-4ff0-9493-d2d6d211d867.webp?v=1777732404,1,,FALSE,,,,kg,,,active
23-jupe-jupe-htf,23 Jupe-Jupe -HTF,"<p>Tutti i gel polish devono essere polimerizzati per almeno 60 secondi, poiché sono TPO-free.</p>",GEL.IT.UP Italy,Uncategorized,,"Solid Gel Colours, Neon, Gel Polish",TRUE,Title,Default Title,Neon,,,,,,,23 Jupe-Jupe -HTF,11000,shopify,0,deny,manual,7.41,,TRUE,TRUE,,,,,,https://cdn.shopify.com/s/files/1/0947/5545/5242/files/GIUP-23.webp?v=1777820657,1,,FALSE,,,,kg,,,active
liquid-polygel-lpg1-htf,Liquid Polygel #LPG1 -HTF,,GEL.IT.UP Italy,,,,TRUE,Title,Default Title,,,,,,,,Liquid Polygel #LPG1 -HTF,0,shopify,0,deny,manual,9.61,,TRUE,TRUE,,,,,,https://cdn.shopify.com/s/files/1/0947/5545/5242/files/LPG1.webp?v=1777730474,1,,FALSE,,,,kg,,,active
2226-moon-rake-htf,2226 Moon Rake -HTF,"<p>Tutti i gel polish devono essere polimerizzati per almeno 60 secondi, poiché sono TPO-free.</p>",GEL.IT.UP Italy,,,"Solid Gel Colours, Purple, Gel Polish",TRUE,Title,Default Title,Purple,,,,,,,2226 Moon Rake -HTF,11000,shopify,0,deny,manual,7.41,,TRUE,TRUE,,,,,,https://cdn.shopify.com/s/files/1/0947/5545/5242/files/GIUP-2226.webp?v=1777730468,1,,FALSE,,,,kg,,,active
fan10-htf,FAN10 -HTF,"<p>Tutti i gel polish devono essere polimerizzati per almeno 60 secondi, poiché sono TPO-free.</p>",GEL.IT.UP Italy,Animals & Pet Supplies > Pet Supplies > Bird Supplies > Bird Cage Accessories,,Gel Polish,TRUE,Title,Default Title,,,,,,,,FAN10 -HTF,11000,shopify,0,deny,manual,9.67,,TRUE,TRUE,,,,,,https://cdn.shopify.com/s/files/1/0947/5545/5242/files/FAN10_-HTF.webp?v=1777730468,1,,FALSE,,,,kg,,,active
gel-it-up-1-r01-11ml-htf,GEL.IT.UP 1 R01 11ml -HTF,"<p>Tutti i gel polish devono essere polimerizzati per almeno 60 secondi, poiché sono TPO-free.</p>",GEL.IT.UP Italy,,,Gel Polish,TRUE,Title,Default Title,,,,,,,,GEL.IT.UP 1 R01 11ml -HTF,11000,shopify,0,deny,manual,8.97,,TRUE,TRUE,,,,,,https://cdn.shopify.com/s/files/1/0947/5545/5242/files/GIUP-R01.webp?v=1777730462,1,,FALSE,,,,kg,,,active
1814-swinger-htf,1814 Swinger -HTF,"<p>Tutti i gel polish devono essere polimerizzati per almeno 60 secondi, poiché sono TPO-free.</p>",GEL.IT.UP Italy,,,"Solid Gel Colours, Grey, Gel Polish",TRUE,Title,Default Title,Grey,,,,,,,1814 Swinger -HTF,11000,shopify,0,deny,manual,7.41,,TRUE,TRUE,,,,,,https://cdn.shopify.com/s/files/1/0947/5545/5242/files/GIUP-1814.webp?v=1777730461,1,,FALSE,,,,kg,,,active
327-orichalcum-htf,327 Orichalcum -HTF,"<p>Tutti i gel polish devono essere polimerizzati per almeno 60 secondi, poiché sono TPO-free.</p>",GEL.IT.UP Italy,,,Gel Polish,TRUE,Title,Default Title,,,,,,,,327 Orichalcum -HTF,11000,shopify,0,deny,manual,7.41,,TRUE,TRUE,,,,,,https://cdn.shopify.com/s/files/1/0947/5545/5242/files/GIUP-27_35fff6e2-a466-4829-b61c-3b7b0df6aad4.webp?v=1777732390,1,,FALSE,,,,kg,,,active
27-atomic-tangerine-htf,27 Atomic Tangerine -HTF,"<p>Tutti i gel polish devono essere polimerizzati per almeno 60 secondi, poiché sono TPO-free.</p>",GEL.IT.UP Italy,Uncategorized,,"Solid Gel Colours, Neon, Gel Polish",TRUE,Title,Default Title,Neon,,,,,,,27 Atomic Tangerine -HTF,11000,shopify,0,deny,manual,7.41,,TRUE,TRUE,,,,,,https://cdn.shopify.com/s/files/1/0947/5545/5242/files/GIUP-27A_69adfcab-e19e-4167-bb91-94c0ef8f14c3.webp?v=1777821460,1,,FALSE,,,,kg,,,active
1932-habibi-tat-htf,1932 Habibi-Tat -HTF,"<p>Tutti i gel polish devono essere polimerizzati per almeno 60 secondi, poiché sono TPO-free.</p>",GEL.IT.UP Italy,,,"Solid Gel Colours, Red, Gel Polish",TRUE,Title,Default Title,Red,,,,,,,1932 Habibi-Tat -HTF,11000,shopify,0,deny,manual,7.41,,TRUE,TRUE,,,,,,https://cdn.shopify.com/s/files/1/0947/5545/5242/files/GIUP-1932.webp?v=1777730449,1,,FALSE,,,,kg,,,active
nw03-spot-my-top-htf,NW03 Spot my top -HTF,,GEL.IT.UP Italy,,,,TRUE,Title,Default Title,,,,,,,,NW03 Spot my top -HTF,11000,shopify,0,deny,manual,8.97,,TRUE,TRUE,,,,,,https://cdn.shopify.com/s/files/1/0947/5545/5242/files/NW03_Spot_my_top_-HTF.webp?v=1777730449,1,,FALSE,,,,kg,,,active
2428-shock-me-magenta-htf,2428 Shock Me Magenta -HTF,"<p>Tutti i gel polish devono essere polimerizzati per almeno 60 secondi, poiché sono TPO-free.</p>",GEL.IT.UP Italy,,,"Solid Gel Colours, Pink, Gel Polish",TRUE,Title,Default Title,Pink,,,,,,,2428 Shock Me Magenta -HTF,11000,shopify,0,deny,manual,7.41,,TRUE,TRUE,,,,,,https://cdn.shopify.com/s/files/1/0947/5545/5242/files/GIUP-2428.webp?v=1777730443,1,,FALSE,,,,kg,,,active
80-minty-moment-htf,80 Minty Moment -HTF,"<p>Tutti i gel polish devono essere polimerizzati per almeno 60 secondi, poiché sono TPO-free.</p>",GEL.IT.UP Italy,,,"Solid Gel Colours, Green, Gel Polish",TRUE,Title,Default Title,Green,,,,,,,80 Minty Moment -HTF,11000,shopify,0,deny,manual,7.41,,TRUE,TRUE,,,,,,https://cdn.shopify.com/s/files/1/0947/5545/5242/files/GIUP-80.webp?v=1777730443,1,,FALSE,,,,kg,,,active
2446-too-dark-for-you-htf,2446 Too Dark For You -HTF,"<p>Tutti i gel polish devono essere polimerizzati per almeno 60 secondi, poiché sono TPO-free.</p>",GEL.IT.UP Italy,,,"Solid Gel Colours, Purple, Gel Polish",TRUE,Title,Default Title,Purple,,,,,,,2446 Too Dark For You -HTF,11000,shopify,0,deny,manual,7.41,,TRUE,TRUE,,,,,,https://cdn.shopify.com/s/files/1/0947/5545/5242/files/GIUP-2446.webp?v=1777730437,1,,FALSE,,,,kg,,,active
144-choc-a-holic-htf,144 Choc-A-Holic -HTF,"<p>Tutti i gel polish devono essere polimerizzati per almeno 60 secondi, poiché sono TPO-free.</p>",GEL.IT.UP Italy,,,"Solid Gel Colours, Brown, Gel Polish",TRUE,Title,Default Title,Brown,,,,,,,144 Choc-A-Holic -HTF,11000,shopify,0,deny,manual,7.41,,TRUE,TRUE,,,,,,https://cdn.shopify.com/s/files/1/0947/5545/5242/files/GIUP-144.webp?v=1777730437,1,,FALSE,,,,kg,,,active
2520-blood-moon-glow-htf,2520 Blood Moon Glow -HTF,"<p>Tutti i gel polish devono essere polimerizzati per almeno 60 secondi, poiché sono TPO-free.</p>",GEL.IT.UP Italy,,,Gel Polish,TRUE,Title,Default Title,,,,,,,,2520 Blood Moon Glow -HTF,11000,shopify,0,deny,manual,7.41,,TRUE,TRUE,,,,,,https://cdn.shopify.com/s/files/1/0947/5545/5242/files/GIUP-2520.webp?v=1777730432,1,,FALSE,,,,kg,,,active
replacement-stickers-pododisc-l-25-mm-grit-100-new,Replacement Stickers Pododisc  L-25 mm GRIT 100 New,,GEL.IT.UP Italy,,,,TRUE,Title,Default Title,,,,,,,,Replacement Stickers Pododisc  L-25 mm GRIT 100 New,0,shopify,0,deny,manual,10,,TRUE,TRUE,,,,,,https://cdn.shopify.com/s/files/1/0947/5545/5242/files/GIUP-100_95cc4192-82a5-458e-aab2-26261e023e63.webp?v=1777732375,1,,FALSE,,,,kg,,,active
100-baby-blush-htf,100 Baby Blush -HTF,"<p>Tutti i gel polish devono essere polimerizzati per almeno 60 secondi, poiché sono TPO-free.</p>",GEL.IT.UP Italy,Uncategorized,,"Solid Gel Colours, Pink, Gel Polish",TRUE,Title,Default Title,Pink,,,,,,,100 Baby Blush -HTF,11000,shopify,0,deny,manual,7.41,,TRUE,TRUE,,,,,,https://cdn.shopify.com/s/files/1/0947/5545/5242/files/GIUP-100.webp?v=1777818915,1,,FALSE,,,,kg,,,active
17-bruised-ego-htf,17 Bruised Ego -HTF,"<p>Tutti i gel polish devono essere polimerizzati per almeno 60 secondi, poiché sono TPO-free.</p>",GEL.IT.UP Italy,,,"Solid Gel Colours, Blue, Gel Polish",TRUE,Title,Default Title,Blue,,,,,,,17 Bruised Ego -HTF,11000,shopify,0,deny,manual,7.41,,TRUE,TRUE,,,,,,https://cdn.shopify.com/s/files/1/0947/5545/5242/files/GIUP-17.webp?v=1777730424,1,,FALSE,,,,kg,,,active
2405-never-a-bride-htf,2405 Never a Bride -HTF,"<p>Tutti i gel polish devono essere polimerizzati per almeno 60 secondi, poiché sono TPO-free.</p>",GEL.IT.UP Italy,Uncategorized,,Gel Polish,TRUE,Title,Default Title,,,,,,,,2405 Never a Bride -HTF,11000,shopify,0,deny,manual,7.41,,TRUE,TRUE,,,,,,https://cdn.shopify.com/s/files/1/0947/5545/5242/files/GIUP-2405.webp?v=1777821124,1,,FALSE,,,,kg,,,active
152-frisco-htf,152 Frisco -HTF,"<p>Tutti i gel polish devono essere polimerizzati per almeno 60 secondi, poiché sono TPO-free.</p>",GEL.IT.UP Italy,,,"Solid Gel Colours, Brown, Gel Polish",TRUE,Title,Default Title,Brown,,,,,,,152 Frisco -HTF,11000,shopify,0,deny,manual,7.41,,TRUE,TRUE,,,,,,https://cdn.shopify.com/s/files/1/0947/5545/5242/files/GIUP-152.webp?v=1777730418,1,,FALSE,,,,kg,,,active
2140-speechless-htf,2140 Speechless -HTF,"<p>Tutti i gel polish devono essere polimerizzati per almeno 60 secondi, poiché sono TPO-free.</p>",GEL.IT.UP Italy,,,"Solid Gel Colours, Brown, Gel Polish",TRUE,Title,Default Title,Brown,,,,,,,2140 Speechless -HTF,11000,shopify,0,deny,manual,7.41,,TRUE,TRUE,,,,,,https://cdn.shopify.com/s/files/1/0947/5545/5242/files/GIUP-2140.webp?v=1777730413,1,,FALSE,,,,kg,,,active
27a-sex-wax-htf,27A Sex Wax -HTF,"<p>Tutti i gel polish devono essere polimerizzati per almeno 60 secondi, poiché sono TPO-free.</p>",GEL.IT.UP Italy,,,"Solid Gel Colours, Neon, Gel Polish",TRUE,Title,Default Title,Neon,,,,,,,27A Sex Wax -HTF,11000,shopify,0,deny,manual,7.41,,TRUE,TRUE,,,,,,https://cdn.shopify.com/s/files/1/0947/5545/5242/files/GIUP-27A.webp?v=1777730413,1,,FALSE,,,,kg,,,active
21a-hungover-htf,21A Hungover -HTF,"<p>Tutti i gel polish devono essere polimerizzati per almeno 60 secondi, poiché sono TPO-free.</p>",GEL.IT.UP Italy,,,"Solid Gel Colours, Neon, Gel Polish",TRUE,Title,Default Title,Neon,,,,,,,21A Hungover -HTF,11000,shopify,0,deny,manual,7.41,,TRUE,TRUE,,,,,,https://cdn.shopify.com/s/files/1/0947/5545/5242/files/GIUP-21A.webp?v=1777730406,1,,FALSE,,,,kg,,,active
2504-rozy-peach-htf,2504 Rozy Peach -HTF,"<p>Tutti i gel polish devono essere polimerizzati per almeno 60 secondi, poiché sono TPO-free.</p>",GEL.IT.UP Italy,,,Gel Polish,TRUE,Title,Default Title,,,,,,,,2504 Rozy Peach -HTF,11000,shopify,0,deny,manual,7.41,,TRUE,TRUE,,,,,,https://cdn.shopify.com/s/files/1/0947/5545/5242/files/GIUP-2504.webp?v=1777730404,1,,FALSE,,,,kg,,,active
metallic-collection-mc3-htf,Metallic Collection #MC3 -HTF,"<p>Tutti i gel polish devono essere polimerizzati per almeno 60 secondi, poiché sono TPO-free.</p>",GEL.IT.UP Italy,,,Gel Polish,TRUE,Title,Default Title,,,,,,,,Metallic Collection #MC3 -HTF,11000,shopify,0,deny,manual,8.32,,TRUE,TRUE,,,,,,https://cdn.shopify.com/s/files/1/0947/5545/5242/files/MC3.webp?v=1777730400,1,,FALSE,,,,kg,,,active
2053-lockdown-blues-htf,2053 Lockdown Blues -HTF,"<p>Tutti i gel polish devono essere polimerizzati per almeno 60 secondi, poiché sono TPO-free.</p>",GEL.IT.UP Italy,,,"Solid Gel Colours, Blue, Gel Polish",TRUE,Title,Default Title,Blue,,,,,,,2053 Lockdown Blues -HTF,11000,shopify,0,deny,manual,7.41,,TRUE,TRUE,,,,,,https://cdn.shopify.com/s/files/1/0947/5545/5242/files/GIUP-2053.webp?v=1777730398,1,,FALSE,,,,kg,,,active
2317-snowy-flakes-htf,2317 Snowy Flakes -HTF,"<p>Tutti i gel polish devono essere polimerizzati per almeno 60 secondi, poiché sono TPO-free.</p>",GEL.IT.UP Italy,,,Gel Polish,TRUE,Title,Default Title,,,,,,,,2317 Snowy Flakes -HTF,11000,shopify,0,deny,manual,7.41,,TRUE,TRUE,,,,,,https://cdn.shopify.com/s/files/1/0947/5545/5242/files/GIUP-2317.webp?v=1777730393,1,,FALSE,,,,kg,,,active
20b-tie-a-yellow-ribbon-htf,20B Tie A Yellow Ribbon -HTF,"<p>Tutti i gel polish devono essere polimerizzati per almeno 60 secondi, poiché sono TPO-free.</p>",GEL.IT.UP Italy,,,"Solid Gel Colours, Yellow, Gel Polish",TRUE,Title,Default Title,Yellow,,,,,,,20B Tie A Yellow Ribbon -HTF,11000,shopify,0,deny,manual,7.41,,TRUE,TRUE,,,,,,https://cdn.shopify.com/s/files/1/0947/5545/5242/files/GIUP-20B.webp?v=1777730393,1,,FALSE,,,,kg,,,active
2231-pennyless-htf,2231 Pennyless -HTF,"<p>Tutti i gel polish devono essere polimerizzati per almeno 60 secondi, poiché sono TPO-free.</p>",GEL.IT.UP Italy,,,"Solid Gel Colours, Green, Gel Polish",TRUE,Title,Default Title,Green,,,,,,,2231 Pennyless -HTF,11000,shopify,0,deny,manual,7.41,,TRUE,TRUE,,,,,,https://cdn.shopify.com/s/files/1/0947/5545/5242/files/GIUP-2231.webp?v=1777730388,1,,FALSE,,,,kg,,,active
2059-puff-me-up-htf,2059 Puff Me Up -HTF,"<p>Tutti i gel polish devono essere polimerizzati per almeno 60 secondi, poiché sono TPO-free.</p>",GEL.IT.UP Italy,,,Gel Polish,TRUE,Title,Default Title,,,,,,,,2059 Puff Me Up -HTF,11000,shopify,0,deny,manual,7.41,,TRUE,TRUE,,,,,,https://cdn.shopify.com/s/files/1/0947/5545/5242/files/GIUP-2059.webp?v=1777730388,1,,FALSE,,,,kg,,,active
metallic-collection-mc8-htf,Metallic Collection #MC8 -HTF,"<p>Tutti i gel polish devono essere polimerizzati per almeno 60 secondi, poiché sono TPO-free.</p>",GEL.IT.UP Italy,,,Gel Polish,TRUE,Title,Default Title,,,,,,,,Metallic Collection #MC8 -HTF,11000,shopify,0,deny,manual,8.32,,TRUE,TRUE,,,,,,https://cdn.shopify.com/s/files/1/0947/5545/5242/files/MC8.webp?v=1777730382,1,,FALSE,,,,kg,,,active
2409-bad-boy-blue-htf,2409 Bad Boy Blue -HTF,"<p>Tutti i gel polish devono essere polimerizzati per almeno 60 secondi, poiché sono TPO-free.</p>",GEL.IT.UP Italy,,,"Solid Gel Colours, Blue, Gel Polish",TRUE,Title,Default Title,Blue,,,,,,,2409 Bad Boy Blue -HTF,11000,shopify,0,deny,manual,7.41,,TRUE,TRUE,,,,,,https://cdn.shopify.com/s/files/1/0947/5545/5242/files/GIUP-2409.webp?v=1777730379,1,,FALSE,,,,kg,,,active
n012-fluffy-blue-sky-htf,N012 Fluffy Blue Sky -HTF,"<p>Tutti i gel polish devono essere polimerizzati per almeno 60 secondi, poiché sono TPO-free.</p>",GEL.IT.UP Italy,,,Gel Polish,TRUE,Title,Default Title,,,,,,,,N012 Fluffy Blue Sky -HTF,11000,shopify,0,deny,manual,7.41,,TRUE,TRUE,,,,,,https://cdn.shopify.com/s/files/1/0947/5545/5242/files/GIUP-N012.webp?v=1777730375,1,,FALSE,,,,kg,,,active
2222-hot-cheetos-htf,2222 Hot Cheetos -HTF,"<p>Tutti i gel polish devono essere polimerizzati per almeno 60 secondi, poiché sono TPO-free.</p>",GEL.IT.UP Italy,,,"Solid Gel Colours, Coral Orange, Gel Polish",TRUE,Title,Default Title,Coral Orange,,,,,,,2222 Hot Cheetos -HTF,11000,shopify,0,deny,manual,7.41,,TRUE,TRUE,,,,,,https://cdn.shopify.com/s/files/1/0947/5545/5242/files/GIUP-2222.webp?v=1777730373,1,,FALSE,,,,kg,,,active
brush-on-builder-gel-berry-stardust-15ml-htf,Brush on Builder Gel Berry Stardust 15ml -HTF,"<p>Brush On Builder è un BIAB autolivellante in flacone, ideale per rinforzare, modellare e perfezionare l’unghia naturale. Adatto anche per piccoli allungamenti fino a 3 mm.</p>",GEL.IT.UP Italy,,,,TRUE,Title,Default Title,,,,,,,,Brush on Builder Gel Berry Stardust 15ml -HTF,15000,shopify,0,deny,manual,11.94,,TRUE,TRUE,,,,,,https://cdn.shopify.com/s/files/1/0947/5545/5242/files/GIUP-BOB-Berry-stardust.webp?v=1777730369,1,,FALSE,,,,kg,,,active
line-it-up-apricot-htf,LINE IT UP APRICOT -HTF,"<p>Tutti i gel polish devono essere polimerizzati per almeno 60 secondi, poiché sono TPO-free.</p>",GEL.IT.UP Italy,,,Gel Polish,TRUE,Title,Default Title,,,,,,,,LINE IT UP APRICOT -HTF,11000,shopify,0,deny,manual,5.48,,TRUE,TRUE,,,,,,https://cdn.shopify.com/s/files/1/0947/5545/5242/files/line-it-UP__0018_Apricot.webp?v=1777730367,1,,FALSE,,,,kg,,,active
jelly-neon-flash-jnf01-htf,Jelly Neon Flash #JNF01 -HTF,"<p>Tutti i gel polish devono essere polimerizzati per almeno 60 secondi, poiché sono TPO-free.</p>",GEL.IT.UP Italy,,,Gel Polish,TRUE,Title,Default Title,,,,,,,,Jelly Neon Flash #JNF01 -HTF,11000,shopify,0,deny,manual,7.41,,TRUE,TRUE,,,,,,https://cdn.shopify.com/s/files/1/0947/5545/5242/files/Jelly_Neon_Flash_JNF01_-HTF.webp?v=1777730362,1,,FALSE,,,,kg,,,active
n022-blushing-buff-htf,N022 Blushing Buff -HTF,"<p>Tutti i gel polish devono essere polimerizzati per almeno 60 secondi, poiché sono TPO-free.</p>",GEL.IT.UP Italy,,,Gel Polish,TRUE,Title,Default Title,,,,,,,,N022 Blushing Buff -HTF,11000,shopify,0,deny,manual,7.41,,TRUE,TRUE,,,,,,https://cdn.shopify.com/s/files/1/0947/5545/5242/files/GIUP-N022.webp?v=1777730361,1,,FALSE,,,,kg,,,active
2329-lavender-luster-htf,2329 Lavender Luster -HTF,"<p>Tutti i gel polish devono essere polimerizzati per almeno 60 secondi, poiché sono TPO-free.</p>",GEL.IT.UP Italy,,,Gel Polish,TRUE,Title,Default Title,,,,,,,,2329 Lavender Luster -HTF,11000,shopify,0,deny,manual,7.41,,TRUE,TRUE,,,,,,https://cdn.shopify.com/s/files/1/0947/5545/5242/files/GIUP-2329.webp?v=1777730355,1,,FALSE,,,,kg,,,active
corner-file-straight-curved-stainless-steel-1289-new,Corner File Straight & Curved Stainless Steel 1289 New,,GEL.IT.UP Italy,,,,TRUE,Title,Default Title,,,,,,,,Corner File Straight & Curved Stainless Steel 1289 New,0,shopify,0,deny,manual,5.74,,TRUE,TRUE,,,,,,https://cdn.shopify.com/s/files/1/0947/5545/5242/files/COMER.webp?v=1777730352,1,,FALSE,,,,kg,,,active
gel-it-up-hand-and-body-cream-1000ml-sassy-sassy-new,GEL IT UP HAND AND BODY CREAM 1000ml SASSY SASSY NEW,"<p>Con Aloe biologica e un cocktail unico di ingredienti attivi, profuma e idrata la pelle. Si assorbe rapidamente e non lascia residui grassi. Ingredienti: Aloe Vera biologica, Acido Ialuronico, Pantenolo.</p>",GEL.IT.UP Italy,,,,TRUE,Title,Default Title,,,,,,,,GEL IT UP HAND AND BODY CREAM 1000ml SASSY SASSY NEW,1000000,shopify,0,deny,manual,17.36,,TRUE,TRUE,,,,,,https://cdn.shopify.com/s/files/1/0947/5545/5242/files/GEL_IT_UP_HAND_AND_BODY_CREAM_1000ml_SASSY_SASSY_NEW.webp?v=1777730348,1,,FALSE,,,,kg,,,active
jelly-neon-flash-jnf05-htf,Jelly Neon Flash #JNF05 -HTF,"<p>Tutti i gel polish devono essere polimerizzati per almeno 60 secondi, poiché sono TPO-free.</p>",GEL.IT.UP Italy,,,Gel Polish,TRUE,Title,Default Title,,,,,,,,Jelly Neon Flash #JNF05 -HTF,11000,shopify,0,deny,manual,7.41,,TRUE,TRUE,,,,,,https://cdn.shopify.com/s/files/1/0947/5545/5242/files/Jelly_Neon_Flash_JNF05_-HTF.webp?v=1777730348,1,,FALSE,,,,kg,,,active
1808-show-me-yours-htf,1808 Show Me Yours -HTF,"<p>Tutti i gel polish devono essere polimerizzati per almeno 60 secondi, poiché sono TPO-free.</p>",GEL.IT.UP Italy,,,"Solid Gel Colours, Purple, Gel Polish",TRUE,Title,Default Title,Purple,,,,,,,1808 Show Me Yours -HTF,11000,shopify,0,deny,manual,7.41,,TRUE,TRUE,,,,,,https://cdn.shopify.com/s/files/1/0947/5545/5242/files/GIUP-1808.webp?v=1777730342,1,,FALSE,,,,kg,,,active
dreamy-cat-eye-dce3-htf,Dreamy Cat Eye #DCE3 -HTF,"<p>Tutti i gel polish devono essere polimerizzati per almeno 60 secondi, poiché sono TPO-free.</p>",GEL.IT.UP Italy,,,Gel Polish,TRUE,Title,Default Title,,,,,,,,Dreamy Cat Eye #DCE3 -HTF,11000,shopify,0,deny,manual,8.97,,TRUE,TRUE,,,,,,https://cdn.shopify.com/s/files/1/0947/5545/5242/files/Dreamy_Cat_Eye_DCE3_-HTF.webp?v=1777730342,1,,FALSE,,,,kg,,,active
2123-echo-of-life-htf,2123 Echo of life -HTF,"<p>Tutti i gel polish devono essere polimerizzati per almeno 60 secondi, poiché sono TPO-free.</p>",GEL.IT.UP Italy,Uncategorized,,"Solid Gel Colours, Green, Gel Polish",TRUE,Title,Default Title,Green,,,,,,,2123 Echo of life -HTF,11000,shopify,0,deny,manual,7.41,,TRUE,TRUE,,,,,,https://cdn.shopify.com/s/files/1/0947/5545/5242/files/GIUP-2213_0e0c2823-7d52-4273-96de-e9b34fb72c1e.webp?v=1777820262,1,,FALSE,,,,kg,,,active
123-psychedelic-barney-htf,123 Psychedelic Barney -HTF,"<p>Tutti i gel polish devono essere polimerizzati per almeno 60 secondi, poiché sono TPO-free.</p>",GEL.IT.UP Italy,,,"Solid Gel Colours, Purple, Gel Polish",TRUE,Title,Default Title,Purple,,,,,,,123 Psychedelic Barney -HTF,11000,shopify,0,deny,manual,7.41,,TRUE,TRUE,,,,,,https://cdn.shopify.com/s/files/1/0947/5545/5242/files/GIUP-123.webp?v=1777730336,1,,FALSE,,,,kg,,,active
51-very-berry-htf,51 Very Berry -HTF,"<p>Tutti i gel polish devono essere polimerizzati per almeno 60 secondi, poiché sono TPO-free.</p>",GEL.IT.UP Italy,,,"Solid Gel Colours, Red, Gel Polish",TRUE,Title,Default Title,Red,,,,,,,51 Very Berry -HTF,11000,shopify,0,deny,manual,7.41,,TRUE,TRUE,,,,,,https://cdn.shopify.com/s/files/1/0947/5545/5242/files/GIUP-51_4dbf09e0-c991-47e5-86c1-f5ccd645facb.webp?v=1777732317,1,,FALSE,,,,kg,,,active
251-cougar-htf,251 Cougar -HTF,"<p>Tutti i gel polish devono essere polimerizzati per almeno 60 secondi, poiché sono TPO-free.</p>",GEL.IT.UP Italy,Uncategorized,,Gel Polish,TRUE,Title,Default Title,,,,,,,,251 Cougar -HTF,11000,shopify,0,deny,manual,9.67,,TRUE,TRUE,,,,,,https://cdn.shopify.com/s/files/1/0947/5545/5242/files/GIUP-251.webp?v=1777817837,1,,FALSE,,,,kg,,,active
giup-2d,GIUP 2D,"<p>Tutti i gel polish devono essere polimerizzati per almeno 60 secondi, poiché sono TPO-free.</p>",GEL.IT.UP Italy,,,Gel Polish,TRUE,Title,Default Title,,,,,,,,GIUP 2D,11000,shopify,0,deny,manual,7.41,,TRUE,TRUE,,,,,,https://cdn.shopify.com/s/files/1/0947/5545/5242/files/GIUP-2D_3a3b91ce-c43d-438e-8a0e-da89d05c3eb4.webp?v=1777732313,1,,FALSE,,,,kg,,,active
02d-le-culotte-htf,02D Le Culotté -HTF,"<p>Tutti i gel polish devono essere polimerizzati per almeno 60 secondi, poiché sono TPO-free.</p>",GEL.IT.UP Italy,Uncategorized,,Gel Polish,TRUE,Title,Default Title,,,,,,,,02D Le Culotté -HTF,11000,shopify,0,deny,manual,7.41,,TRUE,TRUE,,,,,,https://cdn.shopify.com/s/files/1/0947/5545/5242/files/GIUP-2D_df3e4c79-e2c5-4f8c-a336-75d6a0a554e6.webp?v=1777817793,1,,FALSE,,,,kg,,,active
2100-htf,2100 -HTF,"<p>Tutti i gel polish devono essere polimerizzati per almeno 60 secondi, poiché sono TPO-free.</p>",GEL.IT.UP Italy,,,Gel Polish,TRUE,Title,Default Title,,,,,,,,2100 -HTF,11000,shopify,0,deny,manual,7.41,,TRUE,TRUE,,,,,,https://cdn.shopify.com/s/files/1/0947/5545/5242/files/GIUP-2100.webp?v=1777730323,1,,FALSE,,,,kg,,,active
2227-vudu-u-think-u-r-htf,2227 VuDu U Think U R -HTF,"<p>Tutti i gel polish devono essere polimerizzati per almeno 60 secondi, poiché sono TPO-free.</p>",GEL.IT.UP Italy,,,"Solid Gel Colours, Red, Gel Polish",TRUE,Title,Default Title,Red,,,,,,,2227 VuDu U Think U R -HTF,11000,shopify,0,deny,manual,7.41,,TRUE,TRUE,,,,,,https://cdn.shopify.com/s/files/1/0947/5545/5242/files/GIUP-2227.webp?v=1777730321,1,,FALSE,,,,kg,,,active
dt04-chipper-diamond-top-11ml-htf,DT04 Chipper Diamond Top 11ml -HTF,<p>La linea Diamond Top Coat è il trend del momento: unisce la brillantezza intensa di un top coat all’effetto sparkling unico dei flakes. Si applica sopra qualsiasi colore e non lascia strato di dispersione.</p>,GEL.IT.UP Italy,,,,TRUE,Title,Default Title,,,,,,,,DT04 Chipper Diamond Top 11ml -HTF,11000,shopify,0,deny,manual,9.48,,TRUE,TRUE,,,,,,https://cdn.shopify.com/s/files/1/0947/5545/5242/files/DT04_Chipper_Diamond_Top_11ml_-HTF.webp?v=1777730317,1,,FALSE,,,,kg,,,active
line-it-up-mint-htf,LINE IT UP MINT -HTF,"<p>Tutti i gel polish devono essere polimerizzati per almeno 60 secondi, poiché sono TPO-free.</p>",GEL.IT.UP Italy,,,Gel Polish,TRUE,Title,Default Title,,,,,,,,LINE IT UP MINT -HTF,11000,shopify,0,deny,manual,5.48,,TRUE,TRUE,,,,,,https://cdn.shopify.com/s/files/1/0947/5545/5242/files/line-it-UP__0011_Mint.webp?v=1777730315,1,,FALSE,,,,kg,,,active
shimmer-collection-sh2-htf,Shimmer Collection #SH2 -HTF,"<p>Tutti i gel polish devono essere polimerizzati per almeno 60 secondi, poiché sono TPO-free.</p>",GEL.IT.UP Italy,,,Gel Polish,TRUE,Title,Default Title,,,,,,,,Shimmer Collection #SH2 -HTF,11000,shopify,0,deny,manual,7.41,,TRUE,TRUE,,,,,,https://cdn.shopify.com/s/files/1/0947/5545/5242/files/SH02.webp?v=1777730309,1,,FALSE,,,,kg,,,active
2455-cabaret-style-htf,2455 Cabaret Style -HTF,"<p>Tutti i gel polish devono essere polimerizzati per almeno 60 secondi, poiché sono TPO-free.</p>",GEL.IT.UP Italy,,,"Solid Gel Colours, Red, Gel Polish",TRUE,Title,Default Title,Red,,,,,,,2455 Cabaret Style -HTF,11000,shopify,0,deny,manual,7.41,,TRUE,TRUE,,,,,,https://cdn.shopify.com/s/files/1/0947/5545/5242/files/GIUP-2455.webp?v=1777730000,1,,FALSE,,,,kg,,,active
2314-hold-your-breath-barney-htf,2314 Hold your Breath Barney -HTF,"<p>Tutti i gel polish devono essere polimerizzati per almeno 60 secondi, poiché sono TPO-free.</p>",GEL.IT.UP Italy,,,Gel Polish,TRUE,Title,Default Title,,,,,,,,2314 Hold your Breath Barney -HTF,11000,shopify,0,deny,manual,7.41,,TRUE,TRUE,,,,,,https://cdn.shopify.com/s/files/1/0947/5545/5242/files/GIUP-2314.webp?v=1777729994,1,,FALSE,,,,kg,,,active
tuttie-fruity-glass-tfg04-htf,Tuttie Fruity Glass #TFG04- HTF,"<p>Tutti i gel polish devono essere polimerizzati per almeno 60 secondi, poiché sono TPO-free.</p>",GEL.IT.UP Italy,,,Gel Polish,TRUE,Title,Default Title,,,,,,,,Tuttie Fruity Glass #TFG04- HTF,11000,shopify,0,deny,manual,7.41,,TRUE,TRUE,,,,,,https://cdn.shopify.com/s/files/1/0947/5545/5242/files/TFG04.webp?v=1777729994,1,,FALSE,,,,kg,,,active
2054-ko-heeba-htf,2054 Ko Heeba -HTF,"<p>Tutti i gel polish devono essere polimerizzati per almeno 60 secondi, poiché sono TPO-free.</p>",GEL.IT.UP Italy,,,"Solid Gel Colours, Yellow, Gel Polish",TRUE,Title,Default Title,Yellow,,,,,,,2054 Ko Heeba -HTF,11000,shopify,0,deny,manual,7.41,,TRUE,TRUE,,,,,,https://cdn.shopify.com/s/files/1/0947/5545/5242/files/GIUP-2054.webp?v=1777729988,1,,FALSE,,,,kg,,,active
324-feminum-htf,324 Feminum -HTF,"<p>Tutti i gel polish devono essere polimerizzati per almeno 60 secondi, poiché sono TPO-free.</p>",GEL.IT.UP Italy,,,Gel Polish,TRUE,Title,Default Title,,,,,,,,324 Feminum -HTF,11000,shopify,0,deny,manual,7.41,,TRUE,TRUE,,,,,,https://cdn.shopify.com/s/files/1/0947/5545/5242/files/GIUP-324.webp?v=1777729988,1,,FALSE,,,,kg,,,active
74-sailor-she-htf,74 Sailor She -HTF,"<p>Tutti i gel polish devono essere polimerizzati per almeno 60 secondi, poiché sono TPO-free.</p>",GEL.IT.UP Italy,,,"Solid Gel Colours, Blue, Gel Polish",TRUE,Title,Default Title,Blue,,,,,,,74 Sailor She -HTF,11000,shopify,0,deny,manual,7.41,,TRUE,TRUE,,,,,,https://cdn.shopify.com/s/files/1/0947/5545/5242/files/GIUP-74.webp?v=1777729982,1,,FALSE,,,,kg,,,active
shimmer-top-fairy-stf-05-htf,Shimmer Top Fairy #STF 05 -HTF,<p>Bellissimi glitter top coat per un finish finale luminoso e impeccabile.</p>,GEL.IT.UP Italy,,,,TRUE,Title,Default Title,,,,,,,,Shimmer Top Fairy #STF 05 -HTF,11000,shopify,0,deny,manual,8.97,,TRUE,TRUE,,,,,,https://cdn.shopify.com/s/files/1/0947/5545/5242/files/Shimmer_Top_Fairy_STF_05_-HTF.webp?v=1777729983,1,,FALSE,,,,kg,,,active
24-pink-a-boo-htf,24 Pink-A-Boo -HTF,"<p>Tutti i gel polish devono essere polimerizzati per almeno 60 secondi, poiché sono TPO-free.</p>",GEL.IT.UP Italy,,,"Solid Gel Colours, Neon, Gel Polish",TRUE,Title,Default Title,Neon,,,,,,,24 Pink-A-Boo -HTF,11000,shopify,0,deny,manual,7.41,,TRUE,TRUE,,,,,,https://cdn.shopify.com/s/files/1/0947/5545/5242/files/GIUP-24.webp?v=1777729976,1,,FALSE,,,,kg,,,active
multimix-synthogel-60gr-pink-htf,MultiMix Synthogel 60gr Pink -HTF,"<p>Formula di alta qualità che unisce la resistenza dell’acrilico alla facilità del gel. Ideale per rinforzo dell’unghia naturale e ricostruzioni, non cola, è inodore e non brucia in lampada. Applicabile con Dual Form, Nail Forms o tecnica libera. 100% HEMA/TPO-free.</p>",GEL.IT.UP Italy,,,,TRUE,Title,Default Title,,,,,,,,MultiMix Synthogel 60gr Pink -HTF,60000,shopify,0,deny,manual,21.29,,TRUE,TRUE,,,,,,https://cdn.shopify.com/s/files/1/0947/5545/5242/files/multimix_pink_color.webp?v=1777729975,1,,FALSE,,,,kg,,,active
by-the-ocean-bto01-htf,By The Ocean BTO01 -HTF,"<p>Tutti i gel polish devono essere polimerizzati per almeno 60 secondi, poiché sono TPO-free.</p>",GEL.IT.UP Italy,,,Gel Polish,TRUE,Title,Default Title,,,,,,,,By The Ocean BTO01 -HTF,11000,shopify,0,deny,manual,8.32,,TRUE,TRUE,,,,,,https://cdn.shopify.com/s/files/1/0947/5545/5242/files/GIUP-BTO01.webp?v=1777729971,1,,FALSE,,,,kg,,,active
136-jac-a-randa-htf,136 Jac-A-Randa -HTF,"<p>Tutti i gel polish devono essere polimerizzati per almeno 60 secondi, poiché sono TPO-free.</p>",GEL.IT.UP Italy,,,"Solid Gel Colours, Purple, Gel Polish",TRUE,Title,Default Title,Purple,,,,,,,136 Jac-A-Randa -HTF,11000,shopify,0,deny,manual,7.41,,TRUE,TRUE,,,,,,https://cdn.shopify.com/s/files/1/0947/5545/5242/files/GIUP-136.webp?v=1777729969,1,,FALSE,,,,kg,,,active
n016-wild-card-htf,N016 Wild Card -HTF,"<p>Tutti i gel polish devono essere polimerizzati per almeno 60 secondi, poiché sono TPO-free.</p>",GEL.IT.UP Italy,Uncategorized,,Gel Polish,TRUE,Title,Default Title,,,,,,,,N016 Wild Card -HTF,11000,shopify,0,deny,manual,7.41,,TRUE,TRUE,,,,,,https://cdn.shopify.com/s/files/1/0947/5545/5242/files/GIUP-N016.webp?v=1777821623,1,,FALSE,,,,kg,,,active
16-black-hot-chilli-peppers-htf,16 Black Hot Chilli Peppers -HTF,"<p>Tutti i gel polish devono essere polimerizzati per almeno 60 secondi, poiché sono TPO-free.</p>",GEL.IT.UP Italy,Uncategorized,,"Solid Gel Colours, Red, Gel Polish",TRUE,Title,Default Title,Red,,,,,,,16 Black Hot Chilli Peppers -HTF,11000,shopify,0,deny,manual,7.41,,TRUE,TRUE,,,,,,https://cdn.shopify.com/s/files/1/0947/5545/5242/files/GIUP-16.webp?v=1777819689,1,,FALSE,,,,kg,,,active
75-oia-blue-htf,75 Oia Blue -HTF,"<p>Tutti i gel polish devono essere polimerizzati per almeno 60 secondi, poiché sono TPO-free.</p>",GEL.IT.UP Italy,,,"Solid Gel Colours, Blue, Gel Polish",TRUE,Title,Default Title,Blue,,,,,,,75 Oia Blue -HTF,11000,shopify,0,deny,manual,7.41,,TRUE,TRUE,,,,,,https://cdn.shopify.com/s/files/1/0947/5545/5242/files/GIUP-75.webp?v=1777729959,1,,FALSE,,,,kg,,,active
cross-magnet-pink,Cross Magnet Pink,,GEL.IT.UP Italy,,,,TRUE,Title,Default Title,,,,,,,,Cross Magnet Pink,0,shopify,0,deny,manual,5.2,,TRUE,TRUE,,,,,,https://cdn.shopify.com/s/files/1/0947/5545/5242/files/cross_magnet_pink.webp?v=1777729959,1,,FALSE,,,,kg,,,active
brush-on-builder-gel-purple-15ml-htf,Brush on Builder Gel Purple 15ml -HTF,"<p>Brush On Builder è un BIAB autolivellante in flacone, ideale per rinforzare, modellare e perfezionare l’unghia naturale. Adatto anche per piccoli allungamenti fino a 3 mm.</p>",GEL.IT.UP Italy,,,,TRUE,Title,Default Title,,,,,,,,Brush on Builder Gel Purple 15ml -HTF,15000,shopify,0,deny,manual,11.94,,TRUE,TRUE,,,,,,https://cdn.shopify.com/s/files/1/0947/5545/5242/files/GIUP-BOBPURGL.webp?v=1777729953,1,,FALSE,,,,kg,,,active
1930-pink-rhino-horns-htf,1930 Pink Rhino Horns -HTF,"<p>Tutti i gel polish devono essere polimerizzati per almeno 60 secondi, poiché sono TPO-free.</p>",GEL.IT.UP Italy,,,"Solid Gel Colours, Red, Gel Polish",TRUE,Title,Default Title,Red,,,,,,,1930 Pink Rhino Horns -HTF,11000,shopify,0,deny,manual,7.41,,TRUE,TRUE,,,,,,https://cdn.shopify.com/s/files/1/0947/5545/5242/files/GIUP-1930.webp?v=1777729948,1,,FALSE,,,,kg,,,active
155-memory-lane-htf,155 Memory Lane -HTF,"<p>Tutti i gel polish devono essere polimerizzati per almeno 60 secondi, poiché sono TPO-free.</p>",GEL.IT.UP Italy,,,"Solid Gel Colours, Brown, Gel Polish",TRUE,Title,Default Title,Brown,,,,,,,155 Memory Lane -HTF,11000,shopify,0,deny,manual,7.41,,TRUE,TRUE,,,,,,https://cdn.shopify.com/s/files/1/0947/5545/5242/files/GIUP-155.webp?v=1777729946,1,,FALSE,,,,kg,,,active
2103-you-are-my-sunshine-htf,2103 You are my Sunshine -HTF,"<p>Tutti i gel polish devono essere polimerizzati per almeno 60 secondi, poiché sono TPO-free.</p>",GEL.IT.UP Italy,,,Gel Polish,TRUE,Title,Default Title,,,,,,,,2103 You are my Sunshine -HTF,11000,shopify,0,deny,manual,7.41,,TRUE,TRUE,,,,,,https://cdn.shopify.com/s/files/1/0947/5545/5242/files/GIUP-103_82c976ec-1cd9-4646-ba42-5312317cd28e.webp?v=1777730274,1,,FALSE,,,,kg,,,active
103-pink-pizazz-htf,103 Pink Pizazz -HTF,"<p>Tutti i gel polish devono essere polimerizzati per almeno 60 secondi, poiché sono TPO-free.</p>",GEL.IT.UP Italy,Uncategorized,,"Solid Gel Colours, Pink, Gel Polish",TRUE,Title,Default Title,Pink,,,,,,,103 Pink Pizazz -HTF,11000,shopify,0,deny,manual,7.41,,TRUE,TRUE,,,,,,https://cdn.shopify.com/s/files/1/0947/5545/5242/files/GIUP-103_162fe2e3-4aee-4d5a-beb6-605ee58fd353.webp?v=1777819171,1,,FALSE,,,,kg,,,active
brush-on-builder-gel-nude-15ml-htf,Brush on Builder Gel Nude 15ml -HTF,"<p>Brush On Builder è un BIAB autolivellante in flacone, ideale per rinforzare, modellare e perfezionare l’unghia naturale. Adatto anche per piccoli allungamenti fino a 3 mm.</p>",GEL.IT.UP Italy,,,,TRUE,Title,Default Title,,,,,,,,Brush on Builder Gel Nude 15ml -HTF,15000,shopify,0,deny,manual,11.94,,TRUE,TRUE,,,,,,https://cdn.shopify.com/s/files/1/0947/5545/5242/files/GIUP-BOBNUD.webp?v=1777729941,1,,FALSE,,,,kg,,,active
gel-it-up-1-r22-11ml-htf,GEL.IT.UP 1 R22 11ml -HTF,"<p>Tutti i gel polish devono essere polimerizzati per almeno 60 secondi, poiché sono TPO-free.</p>",GEL.IT.UP Italy,,,Gel Polish,TRUE,Title,Default Title,,,,,,,,GEL.IT.UP 1 R22 11ml -HTF,11000,shopify,0,deny,manual,8.97,,TRUE,TRUE,,,,,,https://cdn.shopify.com/s/files/1/0947/5545/5242/files/GIUP-R022.webp?v=1777729935,1,,FALSE,,,,kg,,,active
156-foxen-htf,156 Foxen -HTF,"<p>Tutti i gel polish devono essere polimerizzati per almeno 60 secondi, poiché sono TPO-free.</p>",GEL.IT.UP Italy,,,"Solid Gel Colours, Brown, Gel Polish",TRUE,Title,Default Title,Brown,,,,,,,156 Foxen -HTF,11000,shopify,0,deny,manual,7.41,,TRUE,TRUE,,,,,,https://cdn.shopify.com/s/files/1/0947/5545/5242/files/GIUP-156.webp?v=1777729935,1,,FALSE,,,,kg,,,active
2033-baby-shark-htf,2033 Baby Shark -HTF,"<p>Tutti i gel polish devono essere polimerizzati per almeno 60 secondi, poiché sono TPO-free.</p>",GEL.IT.UP Italy,,,"Solid Gel Colours, Blue, Gel Polish",TRUE,Title,Default Title,Blue,,,,,,,2033 Baby Shark -HTF,11000,shopify,0,deny,manual,7.41,,TRUE,TRUE,,,,,,https://cdn.shopify.com/s/files/1/0947/5545/5242/files/GIUP-2033.webp?v=1777729929,1,,FALSE,,,,kg,,,active
mirror-top-coat,Mirror Top Coat,"<p>Mirror Top Coat: ideale per l’applicazione facile dei Mirror Powders. Garantisce una stesura uniforme, senza vuoti né imperfezioni, per un effetto specchio impeccabile.</p>",GEL.IT.UP Italy,,,,TRUE,Title,Default Title,,,,,,,,Mirror Top Coat,11000,shopify,0,deny,manual,8.25,,TRUE,TRUE,,,,,,https://cdn.shopify.com/s/files/1/0947/5545/5242/files/Mirror_Top_Coat.webp?v=1777729929,1,,FALSE,,,,kg,,,active
gel-it-up-hand-and-body-cream-1000ml-silky-bliss-new,GEL IT UP HAND AND BODY CREAM 1000ml SILKY BLISS NEW,"<p>Con Aloe biologica e un cocktail unico di ingredienti attivi, profuma e idrata la pelle. Si assorbe rapidamente e non lascia residui grassi. Ingredienti: Aloe Vera biologica, Acido Ialuronico, Pantenolo.</p>",GEL.IT.UP Italy,,,,TRUE,Title,Default Title,,,,,,,,GEL IT UP HAND AND BODY CREAM 1000ml SILKY BLISS NEW,1000000,shopify,0,deny,manual,17.36,,TRUE,TRUE,,,,,,https://cdn.shopify.com/s/files/1/0947/5545/5242/files/GEL_IT_UP_HAND_AND_BODY_CREAM_1000ml_SILKY_BLISS_NEW.webp?v=1777729924,1,,FALSE,,,,kg,,,active
ad01-bloody-red-moon-htf,AD01 Bloody Red Moon -HTF,"<p>Tutti i gel polish devono essere polimerizzati per almeno 60 secondi, poiché sono TPO-free.</p>",GEL.IT.UP Italy,,,"Solid Gel Colours, Red, Gel Polish",TRUE,Title,Default Title,Red,,,,,,,AD01 Bloody Red Moon -HTF,11000,shopify,0,deny,manual,7.41,,TRUE,TRUE,,,,,,https://cdn.shopify.com/s/files/1/0947/5545/5242/files/GIUP-AD01.webp?v=1777729922,1,,FALSE,,,,kg,,,active
fan08-htf,FAN08 -HTF,"<p>Tutti i gel polish devono essere polimerizzati per almeno 60 secondi, poiché sono TPO-free.</p>",GEL.IT.UP Italy,Animals & Pet Supplies > Pet Supplies > Bird Supplies > Bird Cage Accessories,,Gel Polish,TRUE,Title,Default Title,,,,,,,,FAN08 -HTF,11000,shopify,0,deny,manual,9.67,,TRUE,TRUE,,,,,,https://cdn.shopify.com/s/files/1/0947/5545/5242/files/FAN08_-HTF.webp?v=1777729918,1,,FALSE,,,,kg,,,active
2318-ciel-blue-bliss-htf,2318 Ciel Blue Bliss -HTF,"<p>Tutti i gel polish devono essere polimerizzati per almeno 60 secondi, poiché sono TPO-free.</p>",GEL.IT.UP Italy,,,Gel Polish,TRUE,Title,Default Title,,,,,,,,2318 Ciel Blue Bliss -HTF,11000,shopify,0,deny,manual,7.41,,TRUE,TRUE,,,,,,https://cdn.shopify.com/s/files/1/0947/5545/5242/files/GIUP-2318.webp?v=1777729917,1,,FALSE,,,,kg,,,active
56-ker-a-sie-htf,56 Ker-A-Sie -HTF,"<p>Tutti i gel polish devono essere polimerizzati per almeno 60 secondi, poiché sono TPO-free.</p>",GEL.IT.UP Italy,Uncategorized,,"Solid Gel Colours, Red, Gel Polish",TRUE,Title,Default Title,Red,,,,,,,56 Ker-A-Sie -HTF,11000,shopify,0,deny,manual,7.41,,TRUE,TRUE,,,,,,https://cdn.shopify.com/s/files/1/0947/5545/5242/files/GIUP-56_379a51de-7d95-481f-9ca2-5b5dcb253961.webp?v=1777821402,1,,FALSE,,,,kg,,,active
256-champagne-pop-htf,256 Champagne Pop -HTF,"<p>Tutti i gel polish devono essere polimerizzati per almeno 60 secondi, poiché sono TPO-free.</p>",GEL.IT.UP Italy,,,Gel Polish,TRUE,Title,Default Title,,,,,,,,256 Champagne Pop -HTF,11000,shopify,0,deny,manual,9.67,,TRUE,TRUE,,,,,,https://cdn.shopify.com/s/files/1/0947/5545/5242/files/GIUP-56.webp?v=1777729798,1,,FALSE,,,,kg,,,active
gel-it-up-1-r15-11ml-htf,GEL.IT.UP 1 R15 11ml -HTF,"<p>Tutti i gel polish devono essere polimerizzati per almeno 60 secondi, poiché sono TPO-free.</p>",GEL.IT.UP Italy,,,Gel Polish,TRUE,Title,Default Title,,,,,,,,GEL.IT.UP 1 R15 11ml -HTF,11000,shopify,0,deny,manual,8.97,,TRUE,TRUE,,,,,,https://cdn.shopify.com/s/files/1/0947/5545/5242/files/GIUP-R015.webp?v=1777729792,1,,FALSE,,,,kg,,,active
2050-twice-bitten-htf,2050 Twice Bitten -HTF,"<p>Tutti i gel polish devono essere polimerizzati per almeno 60 secondi, poiché sono TPO-free.</p>",GEL.IT.UP Italy,,,"Solid Gel Colours, Red, Gel Polish",TRUE,Title,Default Title,Red,,,,,,,2050 Twice Bitten -HTF,11000,shopify,0,deny,manual,7.41,,TRUE,TRUE,,,,,,https://cdn.shopify.com/s/files/1/0947/5545/5242/files/GIUP-2050.webp?v=1777729791,1,,FALSE,,,,kg,,,active
2211-purple-people-eater-htf,2211 Purple People Eater -HTF,"<p>Tutti i gel polish devono essere polimerizzati per almeno 60 secondi, poiché sono TPO-free.</p>",GEL.IT.UP Italy,,,"Solid Gel Colours, Purple, Gel Polish",TRUE,Title,Default Title,Purple,,,,,,,2211 Purple People Eater -HTF,11000,shopify,0,deny,manual,7.41,,TRUE,TRUE,,,,,,https://cdn.shopify.com/s/files/1/0947/5545/5242/files/GIUP-2211_707653cd-0b87-4697-9b03-b2f6449cd4ab.webp?v=1777729903,1,,FALSE,,,,kg,,,active
n003-porcelain-htf,N003 Porcelain -HTF,"<p>Tutti i gel polish devono essere polimerizzati per almeno 60 secondi, poiché sono TPO-free.</p>",GEL.IT.UP Italy,,,Gel Polish,TRUE,Title,Default Title,,,,,,,,N003 Porcelain -HTF,11000,shopify,0,deny,manual,7.41,,TRUE,TRUE,,,,,,https://cdn.shopify.com/s/files/1/0947/5545/5242/files/GIUP-N003.webp?v=1777729781,1,,FALSE,,,,kg,,,active
2032-salt-water-toffee-htf,2032 Salt Water Toffee -HTF,"<p>Tutti i gel polish devono essere polimerizzati per almeno 60 secondi, poiché sono TPO-free.</p>",GEL.IT.UP Italy,,,Gel Polish,TRUE,Title,Default Title,,,,,,,,2032 Salt Water Toffee -HTF,11000,shopify,0,deny,manual,7.41,,TRUE,TRUE,,,,,,https://cdn.shopify.com/s/files/1/0947/5545/5242/files/GIUP-2032.webp?v=1777729780,1,,FALSE,,,,kg,,,active
multimix-synthogel-60gr-light-lilac-htf,MultiMix Synthogel 60gr Light Lilac -HTF,"<p>Formula di alta qualità che unisce la resistenza dell’acrilico alla facilità del gel. Ideale per rinforzo dell’unghia naturale e ricostruzioni, non cola, è inodore e non brucia in lampada. Applicabile con Dual Form, Nail Forms o tecnica libera. 100% HEMA/TPO-free.</p>",GEL.IT.UP Italy,,,,TRUE,Title,Default Title,,,,,,,,MultiMix Synthogel 60gr Light Lilac -HTF,60000,shopify,0,deny,manual,21.29,,TRUE,TRUE,,,,,,https://cdn.shopify.com/s/files/1/0947/5545/5242/files/multimix_lilac_color.webp?v=1777729775,1,,FALSE,,,,kg,,,active
2048-still-good-htf,2048 Still Good -HTF,"<p>Tutti i gel polish devono essere polimerizzati per almeno 60 secondi, poiché sono TPO-free.</p>",GEL.IT.UP Italy,,,"Solid Gel Colours, Purple, Gel Polish",TRUE,Title,Default Title,Purple,,,,,,,2048 Still Good -HTF,11000,shopify,0,deny,manual,7.41,,TRUE,TRUE,,,,,,https://cdn.shopify.com/s/files/1/0947/5545/5242/files/GIUP-2048.webp?v=1777729774,1,,FALSE,,,,kg,,,active
metallic-collection-mc7-htf,Metallic Collection #MC7 -HTF,"<p>Tutti i gel polish devono essere polimerizzati per almeno 60 secondi, poiché sono TPO-free.</p>",GEL.IT.UP Italy,,,Gel Polish,TRUE,Title,Default Title,,,,,,,,Metallic Collection #MC7 -HTF,11000,shopify,0,deny,manual,8.32,,TRUE,TRUE,,,,,,https://cdn.shopify.com/s/files/1/0947/5545/5242/files/MC7.webp?v=1777729769,1,,FALSE,,,,kg,,,active
2146-another-red-htf,2146 Another Red -HTF,"<p>Tutti i gel polish devono essere polimerizzati per almeno 60 secondi, poiché sono TPO-free.</p>",GEL.IT.UP Italy,,,"Solid Gel Colours, Red, Gel Polish",TRUE,Title,Default Title,Red,,,,,,,2146 Another Red -HTF,11000,shopify,0,deny,manual,7.41,,TRUE,TRUE,,,,,,https://cdn.shopify.com/s/files/1/0947/5545/5242/files/GIUP-2146.webp?v=1777729765,1,,FALSE,,,,kg,,,active
2101-hammocking-htf,2101 Hammocking -HTF,"<p>Tutti i gel polish devono essere polimerizzati per almeno 60 secondi, poiché sono TPO-free.</p>",GEL.IT.UP Italy,,,Gel Polish,TRUE,Title,Default Title,,,,,,,,2101 Hammocking -HTF,11000,shopify,0,deny,manual,7.41,,TRUE,TRUE,,,,,,https://cdn.shopify.com/s/files/1/0947/5545/5242/files/GIUP-101_624c7275-1b9e-47c0-be93-4a7e01219946.webp?v=1777729887,1,,FALSE,,,,kg,,,active
101-hispanicum-htf,101 Hispanicum -HTF,"<p>Tutti i gel polish devono essere polimerizzati per almeno 60 secondi, poiché sono TPO-free.</p>",GEL.IT.UP Italy,Uncategorized,,"Solid Gel Colours, Pink, Gel Polish",TRUE,Title,Default Title,Pink,,,,,,,101 Hispanicum -HTF,11000,shopify,0,deny,manual,7.41,,TRUE,TRUE,,,,,,https://cdn.shopify.com/s/files/1/0947/5545/5242/files/GIUP-101.webp?v=1777819233,1,,FALSE,,,,kg,,,active
2410-if-ever-there-was-htf,2410 If Ever There Was -HTF,"<p>Tutti i gel polish devono essere polimerizzati per almeno 60 secondi, poiché sono TPO-free.</p>",GEL.IT.UP Italy,,,Gel Polish,TRUE,Title,Default Title,,,,,,,,2410 If Ever There Was -HTF,11000,shopify,0,deny,manual,7.41,,TRUE,TRUE,,,,,,https://cdn.shopify.com/s/files/1/0947/5545/5242/files/GIUP-410.webp?v=1777729758,1,,FALSE,,,,kg,,,active
2128-htf,2128 -HTF,"<p>Tutti i gel polish devono essere polimerizzati per almeno 60 secondi, poiché sono TPO-free.</p>",GEL.IT.UP Italy,,,"Solid Gel Colours, Blue, Gel Polish",TRUE,Title,Default Title,Blue,,,,,,,2128 -HTF,11000,shopify,0,deny,manual,7.41,,TRUE,TRUE,,,,,,https://cdn.shopify.com/s/files/1/0947/5545/5242/files/GIUP-2128.webp?v=1777729755,1,,FALSE,,,,kg,,,active
2612-coral-milk-htf,2612 Coral Milk -HTF,"<p>Tutti i gel polish devono essere polimerizzati per almeno 60 secondi, poiché sono TPO-free.</p>",GEL.IT.UP Italy,,,"Solid Gel Colours, Coral Orange, Gel Polish",TRUE,Title,Default Title,Coral Orange,,,,,,,2612 Coral Milk -HTF,11000,shopify,0,deny,manual,7.41,,TRUE,TRUE,,,,,,https://cdn.shopify.com/s/files/1/0947/5545/5242/files/GIUP-2612.webp?v=1777729751,1,,FALSE,,,,kg,,,active
2139-sugar-free-htf,2139 Sugar Free -HTF,"<p>Tutti i gel polish devono essere polimerizzati per almeno 60 secondi, poiché sono TPO-free.</p>",GEL.IT.UP Italy,,,"Solid Gel Colours, Brown, Gel Polish",TRUE,Title,Default Title,Brown,,,,,,,2139 Sugar Free -HTF,11000,shopify,0,deny,manual,7.41,,TRUE,TRUE,,,,,,https://cdn.shopify.com/s/files/1/0947/5545/5242/files/GIUP-2139.webp?v=1777729750,1,,FALSE,,,,kg,,,active
shimmer-collection-sh6-htf,Shimmer Collection #SH6 -HTF,"<p>Tutti i gel polish devono essere polimerizzati per almeno 60 secondi, poiché sono TPO-free.</p>",GEL.IT.UP Italy,,,Gel Polish,TRUE,Title,Default Title,,,,,,,,Shimmer Collection #SH6 -HTF,11000,shopify,0,deny,manual,7.41,,TRUE,TRUE,,,,,,https://cdn.shopify.com/s/files/1/0947/5545/5242/files/SH06.webp?v=1777729744,1,,FALSE,,,,kg,,,active
ombre-brush,Ombre brush,"<p>Pennelli professionali in setole sintetiche di alta qualità, progettati per offrire massima precisione, controllo e comfort in ogni applicazione.</p>",GEL.IT.UP Italy,,,,TRUE,Title,Default Title,,,,,,,,Ombre brush,0,shopify,0,deny,manual,10.26,,TRUE,TRUE,,,,,,https://cdn.shopify.com/s/files/1/0947/5545/5242/files/ombre_brush.webp?v=1777729741,1,,FALSE,,,,kg,,,active
n007-naked-beauty-htf,N007 Naked Beauty -HTF,"<p>Tutti i gel polish devono essere polimerizzati per almeno 60 secondi, poiché sono TPO-free.</p>",GEL.IT.UP Italy,,,Gel Polish,TRUE,Title,Default Title,,,,,,,,N007 Naked Beauty -HTF,11000,shopify,0,deny,manual,7.41,,TRUE,TRUE,,,,,,https://cdn.shopify.com/s/files/1/0947/5545/5242/files/GIUP-N007.webp?v=1777729736,1,,FALSE,,,,kg,,,active
liquid-polygel-lpg7-htf,Liquid Polygel #LPG7 -HTF,,GEL.IT.UP Italy,,,,TRUE,Title,Default Title,,,,,,,,Liquid Polygel #LPG7 -HTF,0,shopify,0,deny,manual,9.61,,TRUE,TRUE,,,,,,https://cdn.shopify.com/s/files/1/0947/5545/5242/files/LPG7.webp?v=1777729735,1,,FALSE,,,,kg,,,active
2218-simmer-down-htf,2218 Simmer Down -HTF,"<p>Tutti i gel polish devono essere polimerizzati per almeno 60 secondi, poiché sono TPO-free.</p>",GEL.IT.UP Italy,,,"Solid Gel Colours, Green, Gel Polish",TRUE,Title,Default Title,Green,,,,,,,2218 Simmer Down -HTF,11000,shopify,0,deny,manual,7.41,,TRUE,TRUE,,,,,,https://cdn.shopify.com/s/files/1/0947/5545/5242/files/GIUP-2218_d33ca802-fb6a-40f3-93f2-4c8f80cdef53.webp?v=1777729869,1,,FALSE,,,,kg,,,active
2218-htf,2218 Simmer Down -HTF,"<p>Tutti i gel polish devono essere polimerizzati per almeno 60 secondi, poiché sono TPO-free.</p>",GEL.IT.UP Italy,Uncategorized,,Gel Polish,TRUE,Title,Default Title,,,,,,,,2218 -HTF,11000,shopify,0,deny,manual,7.41,,TRUE,TRUE,,,,,,https://cdn.shopify.com/s/files/1/0947/5545/5242/files/GIUP-2218.webp?v=1777820608,1,,FALSE,,,,kg,,,active
1821-another-kinda-pink-htf,1821 Another Kinda Pink -HTF,"<p>Tutti i gel polish devono essere polimerizzati per almeno 60 secondi, poiché sono TPO-free.</p>",GEL.IT.UP Italy,,,"Solid Gel Colours, Pink, Gel Polish",TRUE,Title,Default Title,Pink,,,,,,,1821 Another Kinda Pink -HTF,11000,shopify,0,deny,manual,7.41,,TRUE,TRUE,,,,,,https://cdn.shopify.com/s/files/1/0947/5545/5242/files/GIUP-1821.webp?v=1777729725,1,,FALSE,,,,kg,,,active
2313-bling-blue-bloom-htf,2313 Bling Blue Bloom -HTF,"<p>Tutti i gel polish devono essere polimerizzati per almeno 60 secondi, poiché sono TPO-free.</p>",GEL.IT.UP Italy,,,Gel Polish,TRUE,Title,Default Title,,,,,,,,2313 Bling Blue Bloom -HTF,11000,shopify,0,deny,manual,7.41,,TRUE,TRUE,,,,,,https://cdn.shopify.com/s/files/1/0947/5545/5242/files/GIUP-2313.webp?v=1777729725,1,,FALSE,,,,kg,,,active
1818-haute-htf,1818 Haute -HTF,"<p>Tutti i gel polish devono essere polimerizzati per almeno 60 secondi, poiché sono TPO-free.</p>",GEL.IT.UP Italy,,,Gel Polish,TRUE,Title,Default Title,,,,,,,,1818 Haute -HTF,11000,shopify,0,deny,manual,7.41,,TRUE,TRUE,,,,,,https://cdn.shopify.com/s/files/1/0947/5545/5242/files/GIUP-1818.webp?v=1777729718,1,,FALSE,,,,kg,,,active
dual-forms-squoval,DUAL FORMS SQUOVAL,,GEL.IT.UP Italy,,,,TRUE,Title,Default Title,,,,,,,,DUAL FORMS SQUOVAL,120,shopify,0,deny,manual,6.38,,TRUE,TRUE,,,,,,https://cdn.shopify.com/s/files/1/0947/5545/5242/files/Dual_Forms_SQUOVAL.webp?v=1777729718,1,,FALSE,,,,kg,,,active
128-indigo-dreams-htf,128 Indigo Dreams -HTF,"<p>Tutti i gel polish devono essere polimerizzati per almeno 60 secondi, poiché sono TPO-free.</p>",GEL.IT.UP Italy,,,"Solid Gel Colours, Purple, Gel Polish",TRUE,Title,Default Title,Purple,,,,,,,128 Indigo Dreams -HTF,11000,shopify,0,deny,manual,7.41,,TRUE,TRUE,,,,,,https://cdn.shopify.com/s/files/1/0947/5545/5242/files/GIUP-128.webp?v=1777729620,1,,FALSE,,,,kg,,,active
5-in-1-superior-base-15ml-nude-htf,5-in-1 Superior Base 15ml Nude -HTF,"<p>La GEL.IT.UP 5-in-1 Base Coat è una base multifunzione che offre cinque utilizzi in un unico flacone: base per gel polish semipermanente, rinforzo per unghie sottili e fragili, gel modellante per piccole correzioni, base adesiva per strass e decorazioni 3D, e gel per piccoli allungamenti e rinforzo dell’unghia naturale.</p>",GEL.IT.UP Italy,,,,TRUE,Title,Default Title,,,,,,,,5-in-1 Superior Base 15ml Nude -HTF,15000,shopify,0,deny,manual,12.84,,TRUE,TRUE,,,,,,https://cdn.shopify.com/s/files/1/0947/5545/5242/files/5-in-1_Superior_Base_15ml_Nude_-HTF.webp?v=1777729619,1,,FALSE,,,,kg,,,active
2522-cocoa-twilight-htf,2522 Cocoa Twilight -HTF,"<p>Tutti i gel polish devono essere polimerizzati per almeno 60 secondi, poiché sono TPO-free.</p>",GEL.IT.UP Italy,,,Gel Polish,TRUE,Title,Default Title,,,,,,,,2522 Cocoa Twilight -HTF,11000,shopify,0,deny,manual,7.41,,TRUE,TRUE,,,,,,https://cdn.shopify.com/s/files/1/0947/5545/5242/files/GIUP-2522.webp?v=1777729614,1,,FALSE,,,,kg,,,active
72-monday-milkshake-htf,72 Monday Milkshake -HTF,"<p>Tutti i gel polish devono essere polimerizzati per almeno 60 secondi, poiché sono TPO-free.</p>",GEL.IT.UP Italy,,,"Solid Gel Colours, Blue, Gel Polish",TRUE,Title,Default Title,Blue,,,,,,,72 Monday Milkshake -HTF,11000,shopify,0,deny,manual,7.41,,TRUE,TRUE,,,,,,https://cdn.shopify.com/s/files/1/0947/5545/5242/files/GIUP-72.webp?v=1777729612,1,,FALSE,,,,kg,,,active
chilled-melon-cuticle-oil-5ml-htf,Chilled Melon Cuticle Oil 5ml -HTF,"<p>Con Aloe biologica, acido ialuronico e pantenolo. Idrata, profuma e si assorbe rapidamente senza ungere.</p>",GEL.IT.UP Italy,,,,TRUE,Title,Default Title,,,,,,,,Chilled Melon Cuticle Oil 5ml -HTF,0,shopify,0,deny,manual,1.6,,TRUE,TRUE,,,,,,https://cdn.shopify.com/s/files/1/0947/5545/5242/files/Chilled_Melon_Cuticle_Oil_5ml_-HTF.webp?v=1777729610,1,,FALSE,,,,kg,,,active
2051-thrice-shy-htf,2051 Thrice Shy -HTF,"<p>Tutti i gel polish devono essere polimerizzati per almeno 60 secondi, poiché sono TPO-free.</p>",GEL.IT.UP Italy,,,"Solid Gel Colours, Red, Gel Polish",TRUE,Title,Default Title,Red,,,,,,,2051 Thrice Shy -HTF,11000,shopify,0,deny,manual,7.41,,TRUE,TRUE,,,,,,https://cdn.shopify.com/s/files/1/0947/5545/5242/files/GIUP-2051.webp?v=1777729607,1,,FALSE,,,,kg,,,active
2131-conquest-htf,2131 Conquest -HTF,"<p>Tutti i gel polish devono essere polimerizzati per almeno 60 secondi, poiché sono TPO-free.</p>",GEL.IT.UP Italy,,,"Solid Gel Colours, Purple, Gel Polish",TRUE,Title,Default Title,Purple,,,,,,,2131 Conquest -HTF,11000,shopify,0,deny,manual,7.41,,TRUE,TRUE,,,,,,https://cdn.shopify.com/s/files/1/0947/5545/5242/files/GIUP-2131.webp?v=1777729601,1,,FALSE,,,,kg,,,active
glass-cat-eye-gce05-htf,Glass Cat Eye #GCE05 -HTF,"<p>Tutti i gel polish devono essere polimerizzati per almeno 60 secondi, poiché sono TPO-free.</p>",GEL.IT.UP Italy,,,Gel Polish,TRUE,Title,Default Title,,,,,,,,Glass Cat Eye #GCE05 -HTF,11000,shopify,0,deny,manual,8.32,,TRUE,TRUE,,,,,,https://cdn.shopify.com/s/files/1/0947/5545/5242/files/Glass_Cat_Eye_GCE05_-HTF.webp?v=1777729600,1,,FALSE,,,,kg,,,active
2444-mulberry-htf,2444 Mulberry -HTF,"<p>Tutti i gel polish devono essere polimerizzati per almeno 60 secondi, poiché sono TPO-free.</p>",GEL.IT.UP Italy,,,"Solid Gel Colours, Purple, Gel Polish",TRUE,Title,Default Title,Purple,,,,,,,2444 Mulberry -HTF,11000,shopify,0,deny,manual,7.41,,TRUE,TRUE,,,,,,https://cdn.shopify.com/s/files/1/0947/5545/5242/files/GIUP-2444.webp?v=1777729594,1,,FALSE,,,,kg,,,active
gel-it-up-1-r16-11ml-htf,GEL.IT.UP 1 R16 11ml -HTF,"<p>Tutti i gel polish devono essere polimerizzati per almeno 60 secondi, poiché sono TPO-free.</p>",GEL.IT.UP Italy,Uncategorized,Gel Polish,Gel Polish,TRUE,Title,Default Title,,,,,,,,GEL.IT.UP 1 R16 11ml -HTF,11000,shopify,0,deny,manual,8.97,,TRUE,TRUE,,,,,,https://cdn.shopify.com/s/files/1/0947/5545/5242/files/GIUP-R016.webp?v=1777729593,1,,FALSE,,,,kg,,,active
52-mailbox-htf,52 Mailbox -HTF,"<p>Tutti i gel polish devono essere polimerizzati per almeno 60 secondi, poiché sono TPO-free.</p>",GEL.IT.UP Italy,,,"Solid Gel Colours, Red, Gel Polish",TRUE,Title,Default Title,Red,,,,,,,52 Mailbox -HTF,11000,shopify,0,deny,manual,7.41,,TRUE,TRUE,,,,,,https://cdn.shopify.com/s/files/1/0947/5545/5242/files/GIUP-52_fe90abe0-5784-4a27-808c-c1232b4e1d15.webp?v=1777729695,1,,FALSE,,,,kg,,,active
252-twinkle-toes-htf,252 Twinkle Toes -HTF,"<p>Tutti i gel polish devono essere polimerizzati per almeno 60 secondi, poiché sono TPO-free.</p>",GEL.IT.UP Italy,Uncategorized,,Gel Polish,TRUE,Title,Default Title,,,,,,,,252 Twinkle Toes -HTF,11000,shopify,0,deny,manual,9.67,,TRUE,TRUE,,,,,,https://cdn.shopify.com/s/files/1/0947/5545/5242/files/GIUP-252.webp?v=1777821376,1,,FALSE,,,,kg,,,active
5-in-1-superior-base-15ml-lilac-htf,5-in-1 Superior Base 15ml Lilac -HTF,"<p>La GEL.IT.UP 5-in-1 Base Coat è una base multifunzione che offre cinque utilizzi in un unico flacone: base per gel polish semipermanente, rinforzo per unghie sottili e fragili, gel modellante per piccole correzioni, base adesiva per strass e decorazioni 3D, e gel per piccoli allungamenti e rinforzo dell’unghia naturale.</p>",GEL.IT.UP Italy,,,,TRUE,Title,Default Title,,,,,,,,5-in-1 Superior Base 15ml Lilac -HTF,15000,shopify,0,deny,manual,12.84,,TRUE,TRUE,,,,,,https://cdn.shopify.com/s/files/1/0947/5545/5242/files/5-in-1_Superior_Base_15ml_Lilac_-HTF.webp?v=1777729584,1,,FALSE,,,,kg,,,active
2202-messy-opalina-htf,2202 Messy Opalina -HTF,"<p>Tutti i gel polish devono essere polimerizzati per almeno 60 secondi, poiché sono TPO-free.</p>",GEL.IT.UP Italy,,,"Solid Gel Colours, Green, Gel Polish",TRUE,Title,Default Title,Green,,,,,,,2202 Messy Opalina -HTF,11000,shopify,0,deny,manual,7.41,,TRUE,TRUE,,,,,,https://cdn.shopify.com/s/files/1/0947/5545/5242/files/GIUP-2202.webp?v=1777729583,1,,FALSE,,,,kg,,,active
corner-nippers-straight-cutter-design-handle-l-11cm-1119-new,Corner Nippers Straight Cutter Design Handle  L 11cm 1119 New,,GEL.IT.UP Italy,,,,TRUE,Title,Default Title,,,,,,,,Corner Nippers Straight Cutter Design Handle  L 11cm 1119 New,0,shopify,0,deny,manual,16.06,,TRUE,TRUE,,,,,,https://cdn.shopify.com/s/files/1/0947/5545/5242/files/GIUP-111_221251ef-74f3-46ed-89cb-d3e1197a9164.webp?v=1777729686,1,,FALSE,,,,kg,,,active
111-stupid-cupid-htf,111 Stupid Cupid -HTF,"<p>Tutti i gel polish devono essere polimerizzati per almeno 60 secondi, poiché sono TPO-free.</p>",GEL.IT.UP Italy,Uncategorized,,"Solid Gel Colours, Pink, Gel Polish",TRUE,Title,Default Title,Pink,,,,,,,111 Stupid Cupid -HTF,11000,shopify,0,deny,manual,7.41,,TRUE,TRUE,,,,,,https://cdn.shopify.com/s/files/1/0947/5545/5242/files/GIUP-111.webp?v=1777819296,1,,FALSE,,,,kg,,,active
2129-absolute-htf,2129 Absolute -HTF,"<p>Tutti i gel polish devono essere polimerizzati per almeno 60 secondi, poiché sono TPO-free.</p>",GEL.IT.UP Italy,,,"Solid Gel Colours, Blue, Gel Polish",TRUE,Title,Default Title,Blue,,,,,,,2129 Absolute -HTF,11000,shopify,0,deny,manual,7.41,,TRUE,TRUE,,,,,,https://cdn.shopify.com/s/files/1/0947/5545/5242/files/GIUP-2129.webp?v=1777729573,1,,FALSE,,,,kg,,,active
91-montego-twist-htf,91 Montego Twist -HTF,"<p>Tutti i gel polish devono essere polimerizzati per almeno 60 secondi, poiché sono TPO-free.</p>",GEL.IT.UP Italy,,,"Solid Gel Colours, Green, Gel Polish",TRUE,Title,Default Title,Green,,,,,,,91 Montego Twist -HTF,11000,shopify,0,deny,manual,7.41,,TRUE,TRUE,,,,,,https://cdn.shopify.com/s/files/1/0947/5545/5242/files/GIUP-91_29b95444-210b-4244-879a-42e337a9ac2c.webp?v=1777729571,1,,FALSE,,,,kg,,,active
1919-she-sells-htf,1919 She Sells -HTF,"<p>Tutti i gel polish devono essere polimerizzati per almeno 60 secondi, poiché sono TPO-free.</p>",GEL.IT.UP Italy,Uncategorized,,Gel Polish,TRUE,Title,Default Title,,,,,,,,1919 She Sells -HTF,11000,shopify,0,deny,manual,7.41,,TRUE,TRUE,,,,,,https://cdn.shopify.com/s/files/1/0947/5545/5242/files/GIUP-1919.webp?v=1777819986,1,,FALSE,,,,kg,,,active
207-splashed-htf,207 Splashed -HTF,"<p>Tutti i gel polish devono essere polimerizzati per almeno 60 secondi, poiché sono TPO-free.</p>",GEL.IT.UP Italy,,,Gel Polish,TRUE,Title,Default Title,,,,,,,,207 Splashed -HTF,11000,shopify,0,deny,manual,7.41,,TRUE,TRUE,,,,,,https://cdn.shopify.com/s/files/1/0947/5545/5242/files/GIUP-207.webp?v=1777729169,1,,FALSE,,,,kg,,,active
2508-80s-babe-htf,2508 80s Babe -HTF,"<p>Tutti i gel polish devono essere polimerizzati per almeno 60 secondi, poiché sono TPO-free.</p>",GEL.IT.UP Italy,,,Gel Polish,TRUE,Title,Default Title,,,,,,,,2508 80s Babe -HTF,11000,shopify,0,deny,manual,7.41,,TRUE,TRUE,,,,,,https://cdn.shopify.com/s/files/1/0947/5545/5242/files/GIUP-2508.webp?v=1777729162,1,,FALSE,,,,kg,,,active
sp8001-mirror-clear-powder,SP8001 Mirror Clear Powder,"<p>Aggiungi brillantezza alle tue unghie con i Mirror Powders, disponibili in 7 tonalità uniche. Dal silver luminoso al rose gold più deciso, sono ideali per professionisti e amanti della nail art.</p>",GEL.IT.UP Italy,,,,TRUE,Title,Default Title,,,,,,,,SP8001 Mirror Clear Powder,0,shopify,0,deny,manual,5.15,,TRUE,TRUE,,,,,,https://cdn.shopify.com/s/files/1/0947/5545/5242/files/MIRROR_CLEAR.webp?v=1777729163,1,,FALSE,,,,kg,,,active
dt02-diamond-dust-diamond-top-11ml-htf,DT02 Diamond Dust Diamond Top 11ml -HTF,<p>La linea Diamond Top Coat è il trend del momento: unisce la brillantezza intensa di un top coat all’effetto sparkling unico dei flakes. Si applica sopra qualsiasi colore e non lascia strato di dispersione.</p>,GEL.IT.UP Italy,,,,TRUE,Title,Default Title,,,,,,,,DT02 Diamond Dust Diamond Top 11ml -HTF,11000,shopify,0,deny,manual,9.48,,TRUE,TRUE,,,,,,https://cdn.shopify.com/s/files/1/0947/5545/5242/files/DT02_Diamond_Dust_Diamond_Top_11ml_-HTF.webp?v=1777729156,1,,FALSE,,,,kg,,,active
giup-buffing-block-180-180-packet-of-10,GIUP Buffing Block 180/180 Packet of 10,"<p>Lima professionale di alta qualità, ideale per modellare, levigare e rifinire unghie naturali, gel e ricostruzioni con precisione.</p>",GEL.IT.UP Italy,,,,TRUE,Title,Default Title,,,,,,,,GIUP Buffing Block 180/180 Packet of 10,0,shopify,0,deny,manual,8.6,,TRUE,TRUE,,,,,,https://cdn.shopify.com/s/files/1/0947/5545/5242/files/Nail_Files_Buffer_180-180_Pink_Sponge.webp?v=1777729155,1,,FALSE,,,,kg,,,active
2511-skin-shock-htf,2511 Skin Shock -HTF,"<p>Tutti i gel polish devono essere polimerizzati per almeno 60 secondi, poiché sono TPO-free.</p>",GEL.IT.UP Italy,,,"Solid Gel Colours, Coral Orange, Gel Polish",TRUE,Title,Default Title,Coral Orange,,,,,,,2511 Skin Shock -HTF,11000,shopify,0,deny,manual,7.41,,TRUE,TRUE,,,,,,https://cdn.shopify.com/s/files/1/0947/5545/5242/files/GIUP-2511.webp?v=1777729150,1,,FALSE,,,,kg,,,active
glass-cat-eye-gce02-htf,Glass Cat Eye #GCE02 -HTF,"<p>Tutti i gel polish devono essere polimerizzati per almeno 60 secondi, poiché sono TPO-free.</p>",GEL.IT.UP Italy,,,Gel Polish,TRUE,Title,Default Title,,,,,,,,Glass Cat Eye #GCE02 -HTF,11000,shopify,0,deny,manual,8.32,,TRUE,TRUE,,,,,,https://cdn.shopify.com/s/files/1/0947/5545/5242/files/Glass_Cat_Eye_GCE02_-HTF.webp?v=1777729150,1,,FALSE,,,,kg,,,active
602-confetti-htf,602 Confetti -HTF,"<p>Tutti i gel polish devono essere polimerizzati per almeno 60 secondi, poiché sono TPO-free.</p>",GEL.IT.UP Italy,,,Gel Polish,TRUE,Title,Default Title,,,,,,,,602 Confetti -HTF,11000,shopify,0,deny,manual,8.27,,TRUE,TRUE,,,,,,https://cdn.shopify.com/s/files/1/0947/5545/5242/files/602_Confetti_-HTF.webp?v=1777729144,1,,FALSE,,,,kg,,,active
fr06-the-perfect-nude-htf,FR06 The Perfect Nude -HTF,"<p>Tutti i gel polish devono essere polimerizzati per almeno 60 secondi, poiché sono TPO-free.</p>",GEL.IT.UP Italy,,,Gel Polish,TRUE,Title,Default Title,,,,,,,,FR06 The Perfect Nude -HTF,11000,shopify,0,deny,manual,7.41,,TRUE,TRUE,,,,,,https://cdn.shopify.com/s/files/1/0947/5545/5242/files/GIUP-FR06.webp?v=1777729144,1,,FALSE,,,,kg,,,active
line-it-up-green-htf,LINE IT UP GREEN -HTF,"<p>Tutti i gel polish devono essere polimerizzati per almeno 60 secondi, poiché sono TPO-free.</p>",GEL.IT.UP Italy,,,Gel Polish,TRUE,Title,Default Title,,,,,,,,LINE IT UP GREEN -HTF,11000,shopify,0,deny,manual,5.48,,TRUE,TRUE,,,,,,https://cdn.shopify.com/s/files/1/0947/5545/5242/files/line-it-UP__0015_green.webp?v=1777729138,1,,FALSE,,,,kg,,,active
210-first-lady-htf,210 First Lady -HTF,"<p>Tutti i gel polish devono essere polimerizzati per almeno 60 secondi, poiché sono TPO-free.</p>",GEL.IT.UP Italy,,,Gel Polish,TRUE,Title,Default Title,,,,,,,,210 First Lady -HTF,11000,shopify,0,deny,manual,7.41,,TRUE,TRUE,,,,,,https://cdn.shopify.com/s/files/1/0947/5545/5242/files/GIUP-210.webp?v=1777729138,1,,FALSE,,,,kg,,,active
